"","key","scientificName","issues","datasetKey","publishingOrgKey","installationKey","hostingOrganizationKey","publishingCountry","protocol","lastCrawled","lastParsed","crawlId","projectId","basisOfRecord","occurrenceStatus","taxonKey","kingdomKey","phylumKey","classKey","orderKey","familyKey","genusKey","speciesKey","acceptedTaxonKey","acceptedScientificName","kingdom","phylum","order","family","genus","species","genericName","specificEpithet","taxonRank","taxonomicStatus","iucnRedListCategory","dateIdentified","coordinateUncertaintyInMeters","continent","stateProvince","gadm","year","month","day","eventDate","startDayOfYear","endDayOfYear","modified","lastInterpreted","references","license","isSequenced","identifier","facts","relations","isInCluster","datasetName","recordedBy","identifiedBy","nucleotideSequence","geodeticDatum","class","countryCode","recordedByIDs","identifiedByIDs","gbifRegion","country","publishedByGbifRegion","rightsHolder","identifier.1","http...unknown.org.nick","informationWithheld","verbatimEventDate","http...unknown.org.crawl_attempt","http...unknown.org.status","gbifID","collectionCode","verbatimLocality","occurrenceID","taxonID","http...unknown.org.captive_cultivated","catalogNumber","institutionCode","identificationID","name","networkKeys","elevation","institutionKey","collectionKey","datasetID","recordNumber","nomenclaturalCode","locality","language","type","vernacularName","organismID","ownerInstitutionCode","accessRights","collectionID","lifeStage","habitat","individualCount","elevationAccuracy","preparations","institutionID","county","municipality","verbatimCoordinateSystem","disposition","eventTime","occurrenceRemarks","sex","identifiedByIDs.type","identifiedByIDs.value","dynamicProperties","vitality","higherGeography","georeferencedDate","georeferenceProtocol","georeferenceVerificationStatus","georeferenceSources","georeferenceRemarks","coordinatePrecision","georeferencedBy","otherCatalogNumbers","fieldNumber","higherGeographyID","identificationRemarks","verbatimElevation","higherClassification","http...unknown.org.crawlerDwcaCacheTime","http...unknown.org.orphanEndpoint","establishmentMeans","locationRemarks","recordedByIDs.type","recordedByIDs.value","http...unknown.org.code","http...unknown.org.conceptualSchema","http...unknown.org.maxSearchResponseRecords","organismQuantity","organismQuantityType","bibliographicCitation","http...unknown.org.declaredCount","locationAccordingTo","previousIdentifications","waterBody","distanceFromCentroidInMeters","http...unknown.org.license","parentNameUsage","materialEntityID","source","GID_1","GID_0","COUNTRY","NAME_1","VARNAME_1","NL_NAME_1","TYPE_1","ENGTYPE_1","CC_1","HASC_1","ISO_1","x","y"
"1","5209167350","Atelopus ignescens (Cornalia, 1849)","cdround,gass84,colmafu,inmafu","884de5ad-81d2-40e0-a454-171c2d246708","995e1d34-875c-4d1f-9be0-8c714ddb7ad7","9df8109c-684d-416b-819b-7bc09adc500b","c54097e6-0972-4acb-b849-eaeba29c917d","EC","EML","2026-07-16T13:38:15.944+00:00","2026-07-18T16:40:38.507+00:00",393,NA,"PRESERVED_SPECIMEN","PRESENT",5216669,1,44,131,952,6727,2422265,5216669,5216669,"Atelopus ignescens (Cornalia, 1849)","Animalia","Chordata","Anura","Bufonidae","Atelopus","Atelopus ignescens","Atelopus","ignescens","SPECIES","ACCEPTED","CR",NA,NA,"SOUTH_AMERICA","Pichincha",NA,2024,9,29,"2024-09-29",273,273,NA,"2026-07-18T16:40:38.507+00:00",NA,"http://creativecommons.org/licenses/by-nc/4.0/legalcode",FALSE,"EC:CJ:14289","none","none",FALSE,"Centro Jambatu - Banco de Vida - Museo",NA,NA,"none","WGS84","Amphibia","ECU","none","none","LATIN_AMERICA","Ecuador","LATIN_AMERICA","Centro Jambatu de Investigación y Conservación de Anfibios / Fundación Jambatu","EC:CJ:14289",NA,NA,NA,"440",NA,"5209167350","CJ",NA,"EC:CJ:14289","ec.bio.spp.43074",NA,"14289","Fundación Jambatu - CJ",NA,"Atelopus ignescens (Cornalia, 1849)","99d66b6c-9087-452f-a9d4-f15f2c2d0e7e",2400,"74884348-0703-4db6-ab49-b378218f5ae5","6c3c2b62-00d0-43dd-b802-029eed5a1f2d","https://doi.org/10.15468/e5ijd1","sc12005","ICZN","Geovanni Farina, San Rafael, Rumiñahui","ES","PhysicalObject","Arlequín jambato negro de páramo","EC:CJ:14289","CJ","CC0 BY NC","https://www.gbif.org/es/grscicoll/institution/74884348-0703-4db6-ab49-b378218f5ae5",NA,NA,NA,NA,NA,NA,NA,NA,NA,NA,NA,NA,NA,NA,NA,NA,NA,NA,NA,NA,NA,NA,NA,NA,NA,NA,NA,NA,NA,NA,NA,NA,NA,NA,NA,NA,NA,NA,NA,NA,NA,NA,NA,NA,NA,NA,NA,NA,NA,NA,NA,"gbif","ECU.19_1","ECU","Ecuador","Pichincha",NA,NA,"Provincia","Province","17","EC.PI","EC-P",-78.460186,-0.296472
"2","5209169859","Atelopus ignescens (Cornalia, 1849)","gass84,rdativ,colmafu,inmafu","884de5ad-81d2-40e0-a454-171c2d246708","995e1d34-875c-4d1f-9be0-8c714ddb7ad7","9df8109c-684d-416b-819b-7bc09adc500b","c54097e6-0972-4acb-b849-eaeba29c917d","EC","EML","2026-07-16T13:38:15.944+00:00","2026-07-18T16:40:38.616+00:00",393,NA,"PRESERVED_SPECIMEN","PRESENT",5216669,1,44,131,952,6727,2422265,5216669,5216669,"Atelopus ignescens (Cornalia, 1849)","Animalia","Chordata","Anura","Bufonidae","Atelopus","Atelopus ignescens","Atelopus","ignescens","SPECIES","ACCEPTED","CR",NA,NA,"SOUTH_AMERICA","Cotopaxi",NA,2024,9,5,"2024-09-05",249,249,NA,"2026-07-18T16:40:38.616+00:00",NA,"http://creativecommons.org/licenses/by-nc/4.0/legalcode",FALSE,"EC:CJ:14072","none","none",FALSE,"Centro Jambatu - Banco de Vida - Museo",NA,NA,"none","WGS84","Amphibia","ECU","none","none","LATIN_AMERICA","Ecuador","LATIN_AMERICA","Centro Jambatu de Investigación y Conservación de Anfibios / Fundación Jambatu","EC:CJ:14072",NA,NA,NA,"440",NA,"5209169859","CJ",NA,"EC:CJ:14072","ec.bio.spp.43074",NA,"14072","Fundación Jambatu - CJ",NA,"Atelopus ignescens (Cornalia, 1849)","99d66b6c-9087-452f-a9d4-f15f2c2d0e7e",2500,"74884348-0703-4db6-ab49-b378218f5ae5","6c3c2b62-00d0-43dd-b802-029eed5a1f2d","https://doi.org/10.15468/e5ijd1",NA,"ICZN","Parroquia Angamarca, Cantón Pujilí","ES","PhysicalObject","Arlequín jambato negro de páramo","EC:CJ:14072","CJ","CC0 BY NC","https://www.gbif.org/es/grscicoll/institution/74884348-0703-4db6-ab49-b378218f5ae5","Adult","Nacida en laboratorio de padres de Angamarca.",NA,NA,NA,NA,NA,NA,NA,NA,NA,NA,NA,NA,NA,NA,NA,NA,NA,NA,NA,NA,NA,NA,NA,NA,NA,NA,NA,NA,NA,NA,NA,NA,NA,NA,NA,NA,NA,NA,NA,NA,NA,NA,NA,NA,NA,NA,NA,NA,NA,"gbif","ECU.6_1","ECU","Ecuador","Cotopaxi",NA,NA,"Provincia","Province","05","EC.CT","EC-X",-78.92961,-1.13214
"3","6061884514","Atelopus ignescens (Cornalia, 1849)","cdc,colmafu,inmafu","d0d8a932-b0cd-43e9-9dc8-fdd9dc7a45a9","2aff7e3c-b965-4039-9188-d5e1a1ca4345","9df8109c-684d-416b-819b-7bc09adc500b","c54097e6-0972-4acb-b849-eaeba29c917d","EC","EML","2026-07-16T10:32:55.175+00:00","2026-07-18T15:08:46.459+00:00",134,NA,"PRESERVED_SPECIMEN","PRESENT",5216669,1,44,131,952,6727,2422265,5216669,5216669,"Atelopus ignescens (Cornalia, 1849)","Animalia","Chordata","Anura","Bufonidae","Atelopus","Atelopus ignescens","Atelopus","ignescens","SPECIES","ACCEPTED","CR",NA,NA,"SOUTH_AMERICA","Cotopaxi",NA,2022,2,26,"2022-02-26",57,57,NA,"2026-07-18T15:08:46.459+00:00",NA,"http://creativecommons.org/licenses/by-nc/4.0/legalcode",FALSE,"MZUTI:Anfibios:6021","none","none",FALSE,"Diversidad y evolución de los reptiles del Ecuador","Mónica Páez|Sofia Carvajal|Hugo Andrade|David Parra|Mateo Vega|Laura Gómez William|Millingalli",NA,"none","WGS84","Amphibia","ECU","none","none","LATIN_AMERICA","Ecuador","LATIN_AMERICA","Museo MZUTI / Universidad Tecnólogica Indoamérica","MZUTI:Anfibios:6021",NA,NA,NA,"155",NA,"6061884514","MZUTI:Herpetologia:Anfibios",NA,"MZUTI:Anfibios:6021","ec.bio.spp.43074",NA,"6021","Museo MZUTI",NA,"Atelopus ignescens (Cornalia, 1849)",NA,2896,"493fe524-a02f-4552-b8cf-1aa9560d1bc0","19515b90-e326-468a-9efa-2ffb1a066a92",NA,"ZC-0662",NA,"Cantón: Pujilí, Parroquia: Angamarca, Quilaló, Galera, riachuelo (renacuajos Elicio) debajo de la casa de William,","ES","PhysicalObject",NA,NA,"MZUTI","CC0 BY-NC","19515b90-e326-468a-9efa-2ffb1a066a92",NA,NA,NA,0,NA,"493fe524-a02f-4552-b8cf-1aa9560d1bc0",NA,NA,"Grados decimales","En colección",NA,NA,NA,NA,NA,NA,NA,NA,NA,NA,NA,NA,NA,NA,NA,NA,NA,NA,NA,NA,NA,NA,NA,NA,NA,NA,NA,NA,NA,NA,NA,NA,NA,NA,NA,NA,NA,NA,NA,NA,NA,"gbif","ECU.6_1","ECU","Ecuador","Cotopaxi",NA,NA,"Provincia","Province","05","EC.CT","EC-X",-78.90865,-1.12689
"4","476471215","Atelopus ignescens (Cornalia, 1849)","colmafu,inmafu","4bfac3ea-8763-4f4b-a71a-76a6f5f243d3","b4640710-8e03-11d8-b956-b8a03c50a862","b0f5183c-5ed0-47f4-b75f-65e0c1036cb5","b4640710-8e03-11d8-b956-b8a03c50a862","US","EML","2026-07-14T17:47:44.213+00:00","2026-07-18T21:40:38.691+00:00",727,NA,"PRESERVED_SPECIMEN","PRESENT",5216669,1,44,131,952,6727,2422265,5216669,5216669,"Atelopus ignescens (Cornalia, 1849)","Animalia","Chordata","Anura","Bufonidae","Atelopus","Atelopus ignescens","Atelopus","ignescens","SPECIES","ACCEPTED","CR",NA,6115,"SOUTH_AMERICA","Pichincha",NA,1988,1,3,"1988-01-03",3,3,"2024-12-20T16:09:52.000+00:00","2026-07-18T21:40:38.691+00:00","http://mczbase.mcz.harvard.edu/guid/MCZ:Herp:A-112992","http://creativecommons.org/licenses/by-nc/4.0/legalcode",FALSE,"MCZ:Herp:A-112992","none","none",FALSE,NA,"P. Stern","Catalog","none","WGS84","Amphibia","ECU","none","none","LATIN_AMERICA","Ecuador","NORTH_AMERICA","President and Fellows of Harvard College","MCZ:Herp:A-112992",NA,NA,"3/1/1988-3/1/1988","727",NA,"476471215","Herp","Ecuador, Pichincha Prov., Pasochoa Volcano Forest, approx. 40 km SE of Quito 3950m.","MCZ:Herp:A-112992",NA,NA,"A-112992","MCZ",NA,"Atelopus ignescens (Cornalia, 1849)","68e8e67a-43e6-44a3-8817-dc0e6b70f973,99d66b6c-9087-452f-a9d4-f15f2c2d0e7e",3950,"1cfca87c-083e-4d67-8e60-cb7d311f6058","b2a3198c-ca1b-40e5-890f-46b4021d623b",NA,NA,"ICZN","Pasochoa Volcano Forest, approx 40 km SE of Quito",NA,NA,NA,NA,"Museum of Comparative Zoology, Harvard University",NA,NA,NA,NA,1,0,"whole animal (ethanol)","b4640710-8e03-11d8-b956-b8a03c50a862",NA,NA,"decimal degrees","unknown",NA,NA,NA,NA,NA,NA,NA,"South America: Ecuador: Pichincha",NA,"MaNIS/HerpNET/ORNIS Georeferencing Guidelines","unverified","Alexandria Digital Library",NA,1e-05,"Elisa Bonaccorso","field number=MCZ FS-Z33674|muse location number=ZA112991","MCZ FS-Z33674","http://vocab.getty.edu/tgn/1001487","OCE 12-20.x.89 by FDRoss","3950-3950 m","Animalia Chordata Amphibia Lissamphibia Anura Bufonoidea Bufonidae Atelopus ignescens",NA,NA,NA,NA,NA,NA,NA,NA,NA,NA,NA,NA,NA,NA,NA,NA,NA,NA,NA,NA,"gbif","ECU.19_1","ECU","Ecuador","Pichincha",NA,NA,"Provincia","Province","17","EC.PI","EC-P",-78.48333,-0.43333
"5","4912439208","Atelopus ignescens (Cornalia, 1849)","cdc,conti","7b20c426-defe-45ff-82a2-bb00141e1e8f","e62f0c10-13a1-4306-bdad-1e0a4c27d0d0","9df8109c-684d-416b-819b-7bc09adc500b","c54097e6-0972-4acb-b849-eaeba29c917d","EC","EML","2026-07-16T09:06:33.788+00:00","2026-07-18T17:54:41.756+00:00",93,NA,"MATERIAL_SAMPLE","PRESENT",5216669,1,44,131,952,6727,2422265,5216669,5216669,"Atelopus ignescens (Cornalia, 1849)","Animalia","Chordata","Anura","Bufonidae","Atelopus","Atelopus ignescens","Atelopus","ignescens","SPECIES","ACCEPTED","CR",NA,NA,"SOUTH_AMERICA","Napo",NA,1988,3,30,"1988-03-30",90,90,NA,"2026-07-18T17:54:41.756+00:00",NA,"http://creativecommons.org/licenses/by-nc/4.0/legalcode",FALSE,"QCAZA275","none","none",FALSE,"Bioweb","Erika Bejarano|Felipe Campos|CuradorAmphi",NA,"none","WGS84","Amphibia","ECU","none","none","LATIN_AMERICA","Ecuador","LATIN_AMERICA","Museo de Zoología QCAZ","QCAZA275",NA,NA,NA,"98","RESCUED","4912439208","QCAZA","ECUADOR: Napo: Oyacachi.  Altitud: 3200msnm - Latitud: -,67552999999999996383 Longitud: -76,396500000000003183","QCAZA275","ec.bio.spp.43074",NA,"QCAZA275","QCAZ",NA,"Atelopus ignescens (Cornalia, 1849)","99d66b6c-9087-452f-a9d4-f15f2c2d0e7e",3200,"1f33a2dd-ea62-4da3-b6f3-6fc19d259c99","ab011792-e14a-4040-bf6e-04e2820bebad","doi:10.60545/ejgu3c",NA,NA,"Oyacachi","es","PhysicalObject","Jambato toad",NA,"QCAZ",NA,"ab011792-e14a-4040-bf6e-04e2820bebad",NA,NA,NA,0,NA,"1f33a2dd-ea62-4da3-b6f3-6fc19d259c99",NA,NA,NA,"En colección","00:00",NA,NA,NA,NA,NA,NA,NA,NA,NA,NA,NA,NA,NA,NA,NA,NA,NA,NA,"3200",NA,"2024-10-28T21:40:51Z","https://patrimonio.ambiente.gob.ec/iptmae/archive.do?r=a5a6e882-b3ce-4e24-b337-33b4295d0620",NA,NA,NA,NA,NA,NA,NA,NA,NA,NA,NA,NA,NA,NA,NA,NA,NA,NA,"gbif","ECU.16_1","ECU","Ecuador","Napo",NA,NA,"Provincia","Province","15","EC.NA","EC-N",-78.08767,-0.212816
"6","4912440282","Atelopus ignescens (Cornalia, 1849)","cdc,conti,rdativ","7b20c426-defe-45ff-82a2-bb00141e1e8f","e62f0c10-13a1-4306-bdad-1e0a4c27d0d0","9df8109c-684d-416b-819b-7bc09adc500b","c54097e6-0972-4acb-b849-eaeba29c917d","EC","EML","2026-07-16T09:06:33.788+00:00","2026-07-18T17:54:41.360+00:00",93,NA,"MATERIAL_SAMPLE","PRESENT",5216669,1,44,131,952,6727,2422265,5216669,5216669,"Atelopus ignescens (Cornalia, 1849)","Animalia","Chordata","Anura","Bufonidae","Atelopus","Atelopus ignescens","Atelopus","ignescens","SPECIES","ACCEPTED","CR",NA,NA,"SOUTH_AMERICA","Pichincha",NA,1987,6,1,"1987-06-01",152,152,NA,"2026-07-18T17:54:41.360+00:00",NA,"http://creativecommons.org/licenses/by-nc/4.0/legalcode",FALSE,"QCAZA773","none","none",FALSE,"Bioweb","Erika Bejarano|G. Medina|CuradorAmphi",NA,"none","WGS84","Amphibia","ECU","none","none","LATIN_AMERICA","Ecuador","LATIN_AMERICA","Museo de Zoología QCAZ","QCAZA773",NA,NA,NA,"98","RESCUED","4912440282","QCAZA","ECUADOR: Pichincha: Guamani.   Latitud: -,67683999999999999719 Longitud: -76,40031999999999357","QCAZA773","ec.bio.spp.43074",NA,"QCAZA773","QCAZ",NA,"Atelopus ignescens (Cornalia, 1849)","99d66b6c-9087-452f-a9d4-f15f2c2d0e7e",4141,"1f33a2dd-ea62-4da3-b6f3-6fc19d259c99","ab011792-e14a-4040-bf6e-04e2820bebad","doi:10.60545/ejgu3c",NA,NA,"Páramo de Guamaní","es","PhysicalObject","Jambato toad",NA,"QCAZ",NA,"ab011792-e14a-4040-bf6e-04e2820bebad",NA,NA,NA,0,NA,"1f33a2dd-ea62-4da3-b6f3-6fc19d259c99",NA,NA,NA,"En colección","00:00",NA,NA,NA,NA,NA,NA,NA,NA,NA,NA,NA,NA,NA,NA,NA,NA,NA,NA,"4141",NA,"2024-10-28T21:40:51Z","https://patrimonio.ambiente.gob.ec/iptmae/archive.do?r=a5a6e882-b3ce-4e24-b337-33b4295d0620",NA,NA,NA,NA,NA,NA,NA,NA,NA,NA,NA,NA,NA,NA,NA,NA,NA,NA,"gbif","ECU.19_1","ECU","Ecuador","Pichincha",NA,NA,"Provincia","Province","17","EC.PI","EC-P",-78.20153,-0.32692
"7","786442117","Atelopus ignescens (Cornalia, 1849)","cdrep,colmafu,inmafu","76dd8f0d-2daa-4a69-9fcd-55e04230334a","c1da06f0-580e-11dc-8a9e-b8a03c50a862","a957a663-2f17-415f-b1c8-5cf6398df8ed","2053a639-84c3-4be5-b8bc-96b6d88a976c","US","EML","2026-07-14T11:09:28.105+00:00","2026-07-18T23:32:08.122+00:00",427,NA,"PRESERVED_SPECIMEN","PRESENT",5216669,1,44,131,952,6727,2422265,5216669,5216669,"Atelopus ignescens (Cornalia, 1849)","Animalia","Chordata","Anura","Bufonidae","Atelopus","Atelopus ignescens","Atelopus","ignescens","SPECIES","ACCEPTED","CR",NA,3294,"SOUTH_AMERICA","Pichincha",NA,1987,10,10,"1987-10-10",283,283,"2017-08-16T00:00:00.000+00:00","2026-07-18T23:32:08.122+00:00","http://portal.vertnet.org/o/cm/herps?id=117019","http://creativecommons.org/publicdomain/zero/1.0/legalcode",FALSE,"urn:catalog:CM:Herps:117019","none","none",FALSE,NA,"DAVIDSON, ROBERT L ET AL",NA,"none","WGS84","Amphibia","ECU","none","none","LATIN_AMERICA","Ecuador","NORTH_AMERICA",NA,"urn:catalog:CM:Herps:117019",NA,NA,NA,"438",NA,"786442117","Herps","South America | Ecuador | Pichincha | 10 KM NW OF PAPALLACTA","urn:catalog:CM:Herps:117019",NA,NA,"117019","CM",NA,"Atelopus ignescens (Cornalia, 1849)","68e8e67a-43e6-44a3-8817-dc0e6b70f973,99d66b6c-9087-452f-a9d4-f15f2c2d0e7e",3980,"c529f324-701e-45e4-82b7-10587cdb56e8","1433e223-80a8-452c-8a13-811fa89bbb70",NA,NA,"ICZN","10 KM NW OF PAPALLACTA","en","PhysicalObject",NA,NA,NA,"http://vertnet.org/resources/norms.html",NA,NA,NA,1,0,"whole animal in alcohol","urn:lsid:biocol.org:col:34702",NA,NA,"degrees minutes seconds",NA,NA,NA,NA,NA,NA,NA,NA,"South America|Ecuador|Pichincha","9/7/2003 0:00:00","VertNet Georeferencing Guidelines","requires verification","Map SA17-4 (Quito) map 1:250,000. IGM Ecuador","assumed on road to Pifo",NA,"Elisa Bonaccorso (KUNHM)",NA,NA,NA,NA,"3980 M","Animalia | Chordata | Amphibia | Anura | BUFONIDAE | ATELOPUS",NA,NA,"native",NA,NA,NA,NA,NA,NA,NA,NA,NA,NA,NA,NA,NA,NA,NA,NA,NA,"gbif","ECU.16_1","ECU","Ecuador","Napo",NA,NA,"Provincia","Province","15","EC.NA","EC-N",-78.1922179,-0.3432949
"8","4912424691","Atelopus ignescens (Cornalia, 1849)","cdc,conti,gass84,gdativ","7b20c426-defe-45ff-82a2-bb00141e1e8f","e62f0c10-13a1-4306-bdad-1e0a4c27d0d0","9df8109c-684d-416b-819b-7bc09adc500b","c54097e6-0972-4acb-b849-eaeba29c917d","EC","EML","2026-07-16T09:06:33.788+00:00","2026-07-18T17:54:45.643+00:00",93,NA,"MATERIAL_SAMPLE","PRESENT",5216669,1,44,131,952,6727,2422265,5216669,5216669,"Atelopus ignescens (Cornalia, 1849)","Animalia","Chordata","Anura","Bufonidae","Atelopus","Atelopus ignescens","Atelopus","ignescens","SPECIES","ACCEPTED","CR",NA,NA,"SOUTH_AMERICA","Cotopaxi",NA,1987,11,29,"1987-11-29",333,333,NA,"2026-07-18T17:54:45.643+00:00",NA,"http://creativecommons.org/licenses/by-nc/4.0/legalcode",FALSE,"QCAZA1857","none","none",FALSE,"Bioweb","Erika Bejarano|Luis Coloma|Giovanni Onore|CuradorAmphi","Luis Coloma","none","WGS84","Amphibia","ECU","none","none","LATIN_AMERICA","Ecuador","LATIN_AMERICA","Museo de Zoología QCAZ","QCAZA1857",NA,NA,NA,"98","RESCUED","4912424691","QCAZA","ECUADOR: Cotopaxi: Limite entre Cotopaxi y Napo, caretera Salcedo-Oriente.  Altitud: 32003800msnm - Latitud: -1,02 Longitud: -78,42","QCAZA1857","ec.bio.spp.43074",NA,"QCAZA1857","QCAZ",NA,"Atelopus ignescens (Cornalia, 1849)","99d66b6c-9087-452f-a9d4-f15f2c2d0e7e",3500,"1f33a2dd-ea62-4da3-b6f3-6fc19d259c99","ab011792-e14a-4040-bf6e-04e2820bebad","doi:10.60545/ejgu3c",NA,NA,"Límite provincial entre Cotopaxi y Napo, caretera Salcedo-Oriente","es","PhysicalObject","Jambato toad",NA,"QCAZ",NA,"ab011792-e14a-4040-bf6e-04e2820bebad",NA,NA,NA,300,NA,"1f33a2dd-ea62-4da3-b6f3-6fc19d259c99",NA,NA,NA,"En colección","00:00",NA,NA,NA,NA,NA,NA,NA,NA,NA,NA,NA,NA,NA,NA,NA,NA,NA,NA,"3200",NA,"2024-10-28T21:40:51Z","https://patrimonio.ambiente.gob.ec/iptmae/archive.do?r=a5a6e882-b3ce-4e24-b337-33b4295d0620",NA,NA,NA,NA,NA,NA,NA,NA,NA,NA,NA,NA,NA,NA,NA,NA,NA,NA,"gbif","ECU.6_1","ECU","Ecuador","Cotopaxi",NA,NA,"Provincia","Province","05","EC.CT","EC-X",-78.42,-1.02
"9","4912424676","Atelopus ignescens (Cornalia, 1849)","cdc,conti,rdativ","7b20c426-defe-45ff-82a2-bb00141e1e8f","e62f0c10-13a1-4306-bdad-1e0a4c27d0d0","9df8109c-684d-416b-819b-7bc09adc500b","c54097e6-0972-4acb-b849-eaeba29c917d","EC","EML","2026-07-16T09:06:33.788+00:00","2026-07-18T17:54:29.475+00:00",93,NA,"MATERIAL_SAMPLE","PRESENT",5216669,1,44,131,952,6727,2422265,5216669,5216669,"Atelopus ignescens (Cornalia, 1849)","Animalia","Chordata","Anura","Bufonidae","Atelopus","Atelopus ignescens","Atelopus","ignescens","SPECIES","ACCEPTED","CR",NA,NA,"SOUTH_AMERICA","Imbabura",NA,1987,12,1,"1987-12-01",335,335,NA,"2026-07-18T17:54:29.475+00:00",NA,"http://creativecommons.org/licenses/by-nc/4.0/legalcode",FALSE,"QCAZA1852","none","none",FALSE,"Bioweb","Erika Bejarano|Luis Coloma|Luis Coloma|CuradorAmphi","Luis Coloma","none","WGS84","Amphibia","ECU","none","none","LATIN_AMERICA","Ecuador","LATIN_AMERICA","Museo de Zoología QCAZ","QCAZA1852",NA,NA,NA,"98","RESCUED","4912424676","QCAZA","ECUADOR: Imbabura: Mojanda, Lagunas de Mojanda  Latitud: -,67143299999999994654 Longitud: -76,399339999999995143","QCAZA1852","ec.bio.spp.43074",NA,"QCAZA1852","QCAZ",NA,"Atelopus ignescens (Cornalia, 1849)","99d66b6c-9087-452f-a9d4-f15f2c2d0e7e",NA,"1f33a2dd-ea62-4da3-b6f3-6fc19d259c99","ab011792-e14a-4040-bf6e-04e2820bebad","doi:10.60545/ejgu3c",NA,NA,"Mojanda, Laguna de Mojanda","es","PhysicalObject","Jambato toad",NA,"QCAZ",NA,"ab011792-e14a-4040-bf6e-04e2820bebad",NA,NA,NA,NA,NA,"1f33a2dd-ea62-4da3-b6f3-6fc19d259c99",NA,NA,NA,"En colección","00:00",NA,NA,NA,NA,NA,NA,NA,NA,NA,NA,NA,NA,NA,NA,NA,NA,NA,NA,NA,NA,"2024-10-28T21:40:51Z","https://patrimonio.ambiente.gob.ec/iptmae/archive.do?r=a5a6e882-b3ce-4e24-b337-33b4295d0620",NA,NA,NA,NA,NA,NA,NA,NA,NA,NA,NA,NA,NA,NA,NA,NA,NA,NA,"gbif","ECU.11_1","ECU","Ecuador","Imbabura",NA,NA,"Provincia","Province","10","EC.IM","EC-I",-78.26776,0.145432
"10","4912467464","Atelopus ignescens (Cornalia, 1849)","cdc,conti,rdativ","7b20c426-defe-45ff-82a2-bb00141e1e8f","e62f0c10-13a1-4306-bdad-1e0a4c27d0d0","9df8109c-684d-416b-819b-7bc09adc500b","c54097e6-0972-4acb-b849-eaeba29c917d","EC","EML","2026-07-16T09:06:33.788+00:00","2026-07-18T17:54:42.546+00:00",93,NA,"MATERIAL_SAMPLE","PRESENT",5216669,1,44,131,952,6727,2422265,5216669,5216669,"Atelopus ignescens (Cornalia, 1849)","Animalia","Chordata","Anura","Bufonidae","Atelopus","Atelopus ignescens","Atelopus","ignescens","SPECIES","ACCEPTED","CR",NA,NA,"SOUTH_AMERICA","Imbabura",NA,1987,12,1,"1987-12-01",335,335,NA,"2026-07-18T17:54:42.546+00:00",NA,"http://creativecommons.org/licenses/by-nc/4.0/legalcode",FALSE,"QCAZA3153","none","none",FALSE,"Bioweb","Erika Bejarano|Luis Coloma|Luis Coloma|CuradorAmphi","Luis Coloma","none","WGS84","Amphibia","ECU","none","none","LATIN_AMERICA","Ecuador","LATIN_AMERICA","Museo de Zoología QCAZ","QCAZA3153",NA,NA,NA,"98","RESCUED","4912467464","QCAZA","ECUADOR: Imbabura: Lagunas de Mojanda.   Latitud: -,67542999999999997485 Longitud: -76,396490000000000009","QCAZA3153","ec.bio.spp.43074",NA,"QCAZA3153","QCAZ",NA,"Atelopus ignescens (Cornalia, 1849)","99d66b6c-9087-452f-a9d4-f15f2c2d0e7e",NA,"1f33a2dd-ea62-4da3-b6f3-6fc19d259c99","ab011792-e14a-4040-bf6e-04e2820bebad","doi:10.60545/ejgu3c",NA,NA,"Mojanda, Laguna de Mojanda","es","PhysicalObject","Jambato toad",NA,"QCAZ",NA,"ab011792-e14a-4040-bf6e-04e2820bebad",NA,NA,NA,NA,NA,"1f33a2dd-ea62-4da3-b6f3-6fc19d259c99",NA,NA,NA,"En colección","00:00",NA,NA,NA,NA,NA,NA,NA,NA,NA,NA,NA,NA,NA,NA,NA,NA,NA,NA,NA,NA,"2024-10-28T21:40:51Z","https://patrimonio.ambiente.gob.ec/iptmae/archive.do?r=a5a6e882-b3ce-4e24-b337-33b4295d0620",NA,NA,NA,NA,NA,NA,NA,NA,NA,NA,NA,NA,NA,NA,NA,NA,NA,NA,"gbif","ECU.19_1","ECU","Ecuador","Pichincha",NA,NA,"Provincia","Province","17","EC.PI","EC-P",-78.25606,0.12667
"11","4912445641","Atelopus ignescens (Cornalia, 1849)","cdc,conti,gass84,gdativ,rdativ","7b20c426-defe-45ff-82a2-bb00141e1e8f","e62f0c10-13a1-4306-bdad-1e0a4c27d0d0","9df8109c-684d-416b-819b-7bc09adc500b","c54097e6-0972-4acb-b849-eaeba29c917d","EC","EML","2026-07-16T09:06:33.788+00:00","2026-07-18T17:54:46.119+00:00",93,NA,"MATERIAL_SAMPLE","PRESENT",5216669,1,44,131,952,6727,2422265,5216669,5216669,"Atelopus ignescens (Cornalia, 1849)","Animalia","Chordata","Anura","Bufonidae","Atelopus","Atelopus ignescens","Atelopus","ignescens","SPECIES","ACCEPTED","CR",NA,NA,"SOUTH_AMERICA","Chimborazo",NA,1986,2,1,"1986-02-01",32,32,NA,"2026-07-18T17:54:46.119+00:00",NA,"http://creativecommons.org/licenses/by-nc/4.0/legalcode",FALSE,"QCAZA641","none","none",FALSE,"Bioweb","Erika Bejarano|Luis Coloma|Felipe Campos|CuradorAmphi","Luis Coloma","none","WGS84","Amphibia","ECU","none","none","LATIN_AMERICA","Ecuador","LATIN_AMERICA","Museo de Zoología QCAZ","QCAZA641",NA,NA,NA,"98","RESCUED","4912445641","QCAZA","ECUADOR: Chimborazo: Chimborazo, Chimborazo, Pie del volcán Chimborazo, vía Ambato - Guaranda  Latitud: -1,58 Longitud: -78,81","QCAZA641","ec.bio.spp.43074",NA,"QCAZA641","QCAZ",NA,"Atelopus ignescens (Cornalia, 1849)","99d66b6c-9087-452f-a9d4-f15f2c2d0e7e",NA,"1f33a2dd-ea62-4da3-b6f3-6fc19d259c99","ab011792-e14a-4040-bf6e-04e2820bebad","doi:10.60545/ejgu3c",NA,NA,"Pie del volcán Chimborazo, vía Ambato - Guaranda","es","PhysicalObject","Jambato toad",NA,"QCAZ",NA,"ab011792-e14a-4040-bf6e-04e2820bebad",NA,NA,NA,NA,NA,"1f33a2dd-ea62-4da3-b6f3-6fc19d259c99",NA,NA,NA,"En colección","00:00",NA,NA,NA,NA,NA,NA,NA,NA,NA,NA,NA,NA,NA,NA,NA,NA,NA,NA,NA,NA,"2024-10-28T21:40:51Z","https://patrimonio.ambiente.gob.ec/iptmae/archive.do?r=a5a6e882-b3ce-4e24-b337-33b4295d0620",NA,NA,NA,NA,NA,NA,NA,NA,NA,NA,NA,NA,NA,NA,NA,NA,NA,NA,"gbif","ECU.5_1","ECU","Ecuador","Chimborazo",NA,NA,"Provincia","Province","06","EC.CB","EC-H",-78.81,-1.58
"12","4912437488","Atelopus ignescens (Cornalia, 1849)","cdc,conti,rdativ","7b20c426-defe-45ff-82a2-bb00141e1e8f","e62f0c10-13a1-4306-bdad-1e0a4c27d0d0","9df8109c-684d-416b-819b-7bc09adc500b","c54097e6-0972-4acb-b849-eaeba29c917d","EC","EML","2026-07-16T09:06:33.788+00:00","2026-07-18T17:54:47.185+00:00",93,NA,"MATERIAL_SAMPLE","PRESENT",5216669,1,44,131,952,6727,2422265,5216669,5216669,"Atelopus ignescens (Cornalia, 1849)","Animalia","Chordata","Anura","Bufonidae","Atelopus","Atelopus ignescens","Atelopus","ignescens","SPECIES","ACCEPTED","CR",NA,NA,"SOUTH_AMERICA","Napo",NA,1986,5,1,"1986-05-01",121,121,NA,"2026-07-18T17:54:47.185+00:00",NA,"http://creativecommons.org/licenses/by-nc/4.0/legalcode",FALSE,"QCAZA384","none","none",FALSE,"Bioweb","Erika Bejarano|Luis Coloma|M.E. Ordónez|CuradorAmphi","Luis Coloma","none","WGS84","Amphibia","ECU","none","none","LATIN_AMERICA","Ecuador","LATIN_AMERICA","Museo de Zoología QCAZ","QCAZA384",NA,NA,NA,"98","RESCUED","4912437488","QCAZA","ECUADOR: Pichincha: Páramo de Guamaní.   Latitud: -,67683999999999999719 Longitud: -76,40031999999999357","QCAZA384","ec.bio.spp.43074",NA,"QCAZA384","QCAZ",NA,"Atelopus ignescens (Cornalia, 1849)","99d66b6c-9087-452f-a9d4-f15f2c2d0e7e",NA,"1f33a2dd-ea62-4da3-b6f3-6fc19d259c99","ab011792-e14a-4040-bf6e-04e2820bebad","doi:10.60545/ejgu3c",NA,NA,"Páramo de Guamaní","es","PhysicalObject","Jambato toad",NA,"QCAZ",NA,"ab011792-e14a-4040-bf6e-04e2820bebad",NA,NA,NA,NA,NA,"1f33a2dd-ea62-4da3-b6f3-6fc19d259c99",NA,NA,NA,"En colección","00:00",NA,NA,NA,NA,NA,NA,NA,NA,NA,NA,NA,NA,NA,NA,NA,NA,NA,NA,NA,NA,"2024-10-28T21:40:51Z","https://patrimonio.ambiente.gob.ec/iptmae/archive.do?r=a5a6e882-b3ce-4e24-b337-33b4295d0620",NA,NA,NA,NA,NA,NA,NA,NA,NA,NA,NA,NA,NA,NA,NA,NA,NA,NA,"gbif","ECU.16_1","ECU","Ecuador","Napo",NA,NA,"Provincia","Province","15","EC.NA","EC-N",-78.19029,-0.359018
"13","4912501312","Atelopus ignescens (Cornalia, 1849)","cdc,conti,gass84,gdativ,rdativ","7b20c426-defe-45ff-82a2-bb00141e1e8f","e62f0c10-13a1-4306-bdad-1e0a4c27d0d0","9df8109c-684d-416b-819b-7bc09adc500b","c54097e6-0972-4acb-b849-eaeba29c917d","EC","EML","2026-07-16T09:06:33.788+00:00","2026-07-18T17:54:44.363+00:00",93,NA,"MATERIAL_SAMPLE","PRESENT",5216669,1,44,131,952,6727,2422265,5216669,5216669,"Atelopus ignescens (Cornalia, 1849)","Animalia","Chordata","Anura","Bufonidae","Atelopus","Atelopus ignescens","Atelopus","ignescens","SPECIES","ACCEPTED","CR",NA,NA,"SOUTH_AMERICA","Napo",NA,1985,5,1,"1985-05-01",121,121,NA,"2026-07-18T17:54:44.363+00:00",NA,"http://creativecommons.org/licenses/by-nc/4.0/legalcode",FALSE,"QCAZA18","none","none",FALSE,"Bioweb","Luis Coloma|Giovanni Onore|CuradorAmphi",NA,"none","WGS84","Amphibia","ECU","none","none","LATIN_AMERICA","Ecuador","LATIN_AMERICA","Museo de Zoología QCAZ","QCAZA18",NA,NA,NA,"98","RESCUED","4912501312","QCAZA","ECUADOR: Napo: Papallacta.   Latitud: -,67683999999999999719 Longitud: -76,40031999999999357","QCAZA18","ec.bio.spp.43074",NA,"QCAZA18","QCAZ",NA,"Atelopus ignescens (Cornalia, 1849)","99d66b6c-9087-452f-a9d4-f15f2c2d0e7e",NA,"1f33a2dd-ea62-4da3-b6f3-6fc19d259c99","ab011792-e14a-4040-bf6e-04e2820bebad","doi:10.60545/ejgu3c","MNHG18815",NA,"Papallacta","es","PhysicalObject","Jambato toad",NA,"QCAZ",NA,"ab011792-e14a-4040-bf6e-04e2820bebad",NA,NA,NA,NA,NA,"1f33a2dd-ea62-4da3-b6f3-6fc19d259c99",NA,NA,NA,"En colección","00:00",NA,NA,NA,NA,NA,NA,NA,NA,NA,NA,NA,NA,NA,NA,NA,NA,NA,NA,NA,NA,"2024-10-28T21:40:51Z","https://patrimonio.ambiente.gob.ec/iptmae/archive.do?r=a5a6e882-b3ce-4e24-b337-33b4295d0620",NA,NA,NA,NA,NA,NA,NA,NA,NA,NA,NA,NA,NA,NA,NA,NA,NA,NA,"gbif","ECU.16_1","ECU","Ecuador","Napo",NA,NA,"Provincia","Province","15","EC.NA","EC-N",-78.14128,-0.38102
"14","686907732","Atelopus ignescens (Cornalia, 1849)","cdround,gass84,gdativ,rdativ","dce00a1f-f6b4-4e11-9771-92c62c40ad80","b554c320-0560-11d8-b851-b8a03c50a862","c1a14752-1025-417a-b729-8caeb7af6b73","b554c320-0560-11d8-b851-b8a03c50a862","US","DWC_ARCHIVE","2026-07-21T18:01:54.001+00:00","2026-07-21T20:05:19.430+00:00",516,NA,"PRESERVED_SPECIMEN","PRESENT",5216669,1,44,131,952,6727,2422265,5216669,5216669,"Atelopus ignescens (Cornalia, 1849)","Animalia","Chordata","Anura","Bufonidae","Atelopus","Atelopus ignescens","Atelopus","ignescens","SPECIES","ACCEPTED","CR",NA,5.72,"SOUTH_AMERICA","Chimborazo",NA,1984,3,2,"1984-03-02",62,62,"2009-09-10T02:35:58.000+00:00","2026-07-21T20:05:19.430+00:00",NA,"http://creativecommons.org/licenses/by/4.0/legalcode",FALSE,"be74faea-b069-11e3-8cfe-90b11c41863e","none","none",FALSE,"University of Kansas Biodiversity Institute Herpetology Collection",NA,NA,"none","WGS84","Amphibia","ECU","none","none","LATIN_AMERICA","Ecuador","NORTH_AMERICA",NA,"be74faea-b069-11e3-8cfe-90b11c41863e",NA,NA,NA,"516",NA,"686907732","KUH",NA,"be74faea-b069-11e3-8cfe-90b11c41863e",NA,NA,"201043","KU",NA,"Atelopus ignescens (Cornalia, 1849)","68e8e67a-43e6-44a3-8817-dc0e6b70f973,8e30b684-6a54-4aba-aa73-66201c2c736e,99d66b6c-9087-452f-a9d4-f15f2c2d0e7e",NA,"49fb6451-91b7-4af2-8cd3-354539a77589","04e4cd0c-fea1-47a9-bed4-e318c748719f","6b6997ca-c180-11e3-a896-90b11c41863e",NA,NA,"14.6 km from Pan-Am Hwy, E San Juan",NA,NA,NA,NA,NA,"http://biodiversity.ku.edu/research/university-kansas-biodiversity-institute-data-publication-and-use-norms",NA,NA,NA,NA,NA,"ETOH|tissue","http://grbio.org/cool/iakn-125z",NA,NA,NA,NA,NA,NA,NA,NA,NA,NA,NA,"Ecuador, Chimborazo","27/09/2004","MaNIS/HerpNET/ORNIS Georeferencing Guidelines","Unverified","Mapa Geografico del Ecuador 1:500,000; IGM Ecuador","assumed on road to Riobamba",NA,NA,NA,NA,NA,NA,NA,NA,NA,NA,NA,NA,NA,NA,NA,NA,NA,NA,NA,NA,NA,NA,NA,NA,NA,NA,NA,NA,"gbif","ECU.5_1","ECU","Ecuador","Chimborazo",NA,NA,"Provincia","Province","06","EC.CB","EC-H",-78.666667,-1.65
"15","686907742","Atelopus ignescens (Cornalia, 1849)","cdround,gass84,gdativ","dce00a1f-f6b4-4e11-9771-92c62c40ad80","b554c320-0560-11d8-b851-b8a03c50a862","c1a14752-1025-417a-b729-8caeb7af6b73","b554c320-0560-11d8-b851-b8a03c50a862","US","DWC_ARCHIVE","2026-07-21T18:01:54.001+00:00","2026-07-21T20:05:21.341+00:00",516,NA,"PRESERVED_SPECIMEN","PRESENT",5216669,1,44,131,952,6727,2422265,5216669,5216669,"Atelopus ignescens (Cornalia, 1849)","Animalia","Chordata","Anura","Bufonidae","Atelopus","Atelopus ignescens","Atelopus","ignescens","SPECIES","ACCEPTED","CR",NA,7.12,"SOUTH_AMERICA","Chimborazo",NA,1984,3,3,"1984-03-03",63,63,"2025-11-19T15:13:20.000+00:00","2026-07-21T20:05:21.341+00:00",NA,"http://creativecommons.org/licenses/by/4.0/legalcode",FALSE,"be753166-b069-11e3-8cfe-90b11c41863e","none","none",FALSE,"University of Kansas Biodiversity Institute Herpetology Collection",NA,NA,"none","WGS84","Amphibia","ECU","none","none","LATIN_AMERICA","Ecuador","NORTH_AMERICA",NA,"be753166-b069-11e3-8cfe-90b11c41863e",NA,NA,NA,"516",NA,"686907742","KUH",NA,"be753166-b069-11e3-8cfe-90b11c41863e",NA,NA,"201053","KU",NA,"Atelopus ignescens (Cornalia, 1849)","68e8e67a-43e6-44a3-8817-dc0e6b70f973,8e30b684-6a54-4aba-aa73-66201c2c736e,99d66b6c-9087-452f-a9d4-f15f2c2d0e7e",NA,"49fb6451-91b7-4af2-8cd3-354539a77589","04e4cd0c-fea1-47a9-bed4-e318c748719f","6b6997ca-c180-11e3-a896-90b11c41863e",NA,NA,"9.8 km SW Cajabamba",NA,NA,NA,NA,NA,"http://biodiversity.ku.edu/research/university-kansas-biodiversity-institute-data-publication-and-use-norms",NA,NA,NA,NA,NA,"ETOH","http://grbio.org/cool/iakn-125z",NA,NA,NA,NA,NA,NA,NA,NA,NA,NA,NA,"Ecuador, Chimborazo","08/10/2004","MaNIS/HerpNET/ORNIS Georeferencing Guidelines","Unverified","Mapa Geografico del Ecuador 1:500,000; IGM Ecuador","assumed on road to Pallatanga",NA,NA,NA,NA,NA,NA,NA,NA,NA,NA,NA,NA,NA,NA,NA,NA,NA,NA,NA,NA,NA,NA,NA,NA,NA,NA,NA,NA,"gbif","ECU.5_1","ECU","Ecuador","Chimborazo",NA,NA,"Provincia","Province","06","EC.CB","EC-H",-78.783333,-1.766667
"16","686907764","Atelopus ignescens (Cornalia, 1849)","cdround,gass84,gdativ","dce00a1f-f6b4-4e11-9771-92c62c40ad80","b554c320-0560-11d8-b851-b8a03c50a862","c1a14752-1025-417a-b729-8caeb7af6b73","b554c320-0560-11d8-b851-b8a03c50a862","US","DWC_ARCHIVE","2026-07-21T18:01:54.001+00:00","2026-07-21T20:05:19.493+00:00",516,NA,"PRESERVED_SPECIMEN","PRESENT",5216669,1,44,131,952,6727,2422265,5216669,5216669,"Atelopus ignescens (Cornalia, 1849)","Animalia","Chordata","Anura","Bufonidae","Atelopus","Atelopus ignescens","Atelopus","ignescens","SPECIES","ACCEPTED","CR",NA,6.62,"SOUTH_AMERICA","Cotopaxi",NA,1984,3,22,"1984-03-22",82,82,"2025-11-19T15:13:20.000+00:00","2026-07-21T20:05:19.493+00:00",NA,"http://creativecommons.org/licenses/by/4.0/legalcode",FALSE,"be75898b-b069-11e3-8cfe-90b11c41863e","none","none",FALSE,"University of Kansas Biodiversity Institute Herpetology Collection",NA,NA,"none","WGS84","Amphibia","ECU","none","none","LATIN_AMERICA","Ecuador","NORTH_AMERICA",NA,"be75898b-b069-11e3-8cfe-90b11c41863e",NA,NA,NA,"516",NA,"686907764","KUH",NA,"be75898b-b069-11e3-8cfe-90b11c41863e",NA,NA,"201075","KU",NA,"Atelopus ignescens (Cornalia, 1849)","68e8e67a-43e6-44a3-8817-dc0e6b70f973,8e30b684-6a54-4aba-aa73-66201c2c736e,99d66b6c-9087-452f-a9d4-f15f2c2d0e7e",NA,"49fb6451-91b7-4af2-8cd3-354539a77589","04e4cd0c-fea1-47a9-bed4-e318c748719f","6b6997ca-c180-11e3-a896-90b11c41863e",NA,NA,"14 km NW Pujili",NA,NA,NA,NA,NA,"http://biodiversity.ku.edu/research/university-kansas-biodiversity-institute-data-publication-and-use-norms",NA,NA,NA,NA,NA,"ETOH|tissue","http://grbio.org/cool/iakn-125z",NA,NA,NA,NA,NA,NA,NA,NA,NA,NA,NA,"Ecuador, Cotopaxi","07/10/2003","MaNIS/HerpNET/ORNIS Georeferencing Guidelines","Unverified","Mapa Geografico del Ecuador 1:500,000; IGM Ecuador","assumed on road to Quevedo",NA,NA,NA,NA,NA,NA,NA,NA,NA,NA,NA,NA,NA,NA,NA,NA,NA,NA,NA,NA,NA,NA,NA,NA,NA,NA,NA,NA,"gbif","ECU.6_1","ECU","Ecuador","Cotopaxi",NA,NA,"Provincia","Province","05","EC.CT","EC-X",-78.783333,-0.883333
"17","686907773","Atelopus ignescens (Cornalia, 1849)","gass84,gdativ","dce00a1f-f6b4-4e11-9771-92c62c40ad80","b554c320-0560-11d8-b851-b8a03c50a862","c1a14752-1025-417a-b729-8caeb7af6b73","b554c320-0560-11d8-b851-b8a03c50a862","US","DWC_ARCHIVE","2026-07-21T18:01:54.001+00:00","2026-07-21T20:05:20.434+00:00",516,NA,"PRESERVED_SPECIMEN","PRESENT",5216669,1,44,131,952,6727,2422265,5216669,5216669,"Atelopus ignescens (Cornalia, 1849)","Animalia","Chordata","Anura","Bufonidae","Atelopus","Atelopus ignescens","Atelopus","ignescens","SPECIES","ACCEPTED","CR",NA,5.72,"SOUTH_AMERICA","Cotopaxi",NA,1984,3,22,"1984-03-22",82,82,"2025-11-19T15:13:20.000+00:00","2026-07-21T20:05:20.434+00:00",NA,"http://creativecommons.org/licenses/by/4.0/legalcode",FALSE,"be75ae49-b069-11e3-8cfe-90b11c41863e","none","none",FALSE,"University of Kansas Biodiversity Institute Herpetology Collection",NA,NA,"none","WGS84","Amphibia","ECU","none","none","LATIN_AMERICA","Ecuador","NORTH_AMERICA",NA,"be75ae49-b069-11e3-8cfe-90b11c41863e",NA,NA,NA,"516",NA,"686907773","KUH",NA,"be75ae49-b069-11e3-8cfe-90b11c41863e",NA,NA,"201084","KU",NA,"Atelopus ignescens (Cornalia, 1849)","68e8e67a-43e6-44a3-8817-dc0e6b70f973,8e30b684-6a54-4aba-aa73-66201c2c736e,99d66b6c-9087-452f-a9d4-f15f2c2d0e7e",NA,"49fb6451-91b7-4af2-8cd3-354539a77589","04e4cd0c-fea1-47a9-bed4-e318c748719f","6b6997ca-c180-11e3-a896-90b11c41863e",NA,NA,"15.6 km NW Pujili",NA,NA,NA,NA,NA,"http://biodiversity.ku.edu/research/university-kansas-biodiversity-institute-data-publication-and-use-norms",NA,NA,NA,NA,NA,"ETOH","http://grbio.org/cool/iakn-125z",NA,NA,NA,NA,NA,NA,NA,NA,NA,NA,NA,"Ecuador, Cotopaxi","07/10/2003","MaNIS/HerpNET/ORNIS Georeferencing Guidelines","Unverified","Mapa Geografico del Ecuador 1:500,000; IGM Ecuador","assumed on road to Quevedo",NA,NA,NA,NA,NA,NA,NA,NA,NA,NA,NA,NA,NA,NA,NA,NA,NA,NA,NA,NA,NA,NA,NA,NA,NA,NA,NA,NA,"gbif","ECU.6_1","ECU","Ecuador","Cotopaxi",NA,NA,"Provincia","Province","05","EC.CT","EC-X",-78.8,-0.9
"18","686907792","Atelopus ignescens (Cornalia, 1849)","cdround,gass84,gdativ","dce00a1f-f6b4-4e11-9771-92c62c40ad80","b554c320-0560-11d8-b851-b8a03c50a862","c1a14752-1025-417a-b729-8caeb7af6b73","b554c320-0560-11d8-b851-b8a03c50a862","US","DWC_ARCHIVE","2026-07-21T18:01:54.001+00:00","2026-07-21T20:05:12.466+00:00",516,NA,"PRESERVED_SPECIMEN","PRESENT",5216669,1,44,131,952,6727,2422265,5216669,5216669,"Atelopus ignescens (Cornalia, 1849)","Animalia","Chordata","Anura","Bufonidae","Atelopus","Atelopus ignescens","Atelopus","ignescens","SPECIES","ACCEPTED","CR",NA,4.62,"SOUTH_AMERICA","Cotopaxi",NA,1984,3,24,"1984-03-24",84,84,"2009-09-10T02:36:44.000+00:00","2026-07-21T20:05:12.466+00:00",NA,"http://creativecommons.org/licenses/by/4.0/legalcode",FALSE,"be75fce9-b069-11e3-8cfe-90b11c41863e","none","none",FALSE,"University of Kansas Biodiversity Institute Herpetology Collection",NA,NA,"none","WGS84","Amphibia","ECU","none","none","LATIN_AMERICA","Ecuador","NORTH_AMERICA",NA,"be75fce9-b069-11e3-8cfe-90b11c41863e",NA,NA,NA,"516",NA,"686907792","KUH",NA,"be75fce9-b069-11e3-8cfe-90b11c41863e",NA,NA,"201103","KU",NA,"Atelopus ignescens (Cornalia, 1849)","68e8e67a-43e6-44a3-8817-dc0e6b70f973,8e30b684-6a54-4aba-aa73-66201c2c736e,99d66b6c-9087-452f-a9d4-f15f2c2d0e7e",NA,"49fb6451-91b7-4af2-8cd3-354539a77589","04e4cd0c-fea1-47a9-bed4-e318c748719f","6b6997ca-c180-11e3-a896-90b11c41863e",NA,NA,"3.5 km W Mulalo",NA,NA,NA,NA,NA,"http://biodiversity.ku.edu/research/university-kansas-biodiversity-institute-data-publication-and-use-norms",NA,NA,NA,NA,NA,"ETOH|tissue","http://grbio.org/cool/iakn-125z",NA,NA,NA,NA,NA,NA,NA,NA,NA,NA,NA,"Ecuador, Cotopaxi","07/10/2003","MaNIS/HerpNET/ORNIS Georeferencing Guidelines","Unverified","Mapa Geografico del Ecuador 1:500,000; IGM Ecuador","assumed on road to Tanicuchi",NA,NA,NA,NA,NA,NA,NA,NA,NA,NA,NA,NA,NA,NA,NA,NA,NA,NA,NA,NA,NA,NA,NA,NA,NA,NA,NA,NA,"gbif","ECU.6_1","ECU","Ecuador","Cotopaxi",NA,NA,"Provincia","Province","05","EC.CT","EC-X",-78.6,-0.916667
"19","686907813","Atelopus ignescens (Cornalia, 1849)","cdround,gass84,gdativ","dce00a1f-f6b4-4e11-9771-92c62c40ad80","b554c320-0560-11d8-b851-b8a03c50a862","c1a14752-1025-417a-b729-8caeb7af6b73","b554c320-0560-11d8-b851-b8a03c50a862","US","DWC_ARCHIVE","2026-07-21T18:01:54.001+00:00","2026-07-21T20:05:20.738+00:00",516,NA,"PRESERVED_SPECIMEN","PRESENT",5216669,1,44,131,952,6727,2422265,5216669,5216669,"Atelopus ignescens (Cornalia, 1849)","Animalia","Chordata","Anura","Bufonidae","Atelopus","Atelopus ignescens","Atelopus","ignescens","SPECIES","ACCEPTED","CR",NA,2.39,"SOUTH_AMERICA","Napo",NA,1984,3,18,"1984-03-18",78,78,"2025-11-19T15:13:20.000+00:00","2026-07-21T20:05:20.738+00:00",NA,"http://creativecommons.org/licenses/by/4.0/legalcode",FALSE,"be764d35-b069-11e3-8cfe-90b11c41863e","none","none",TRUE,"University of Kansas Biodiversity Institute Herpetology Collection",NA,NA,"none","WGS84","Amphibia","ECU","none","none","LATIN_AMERICA","Ecuador","NORTH_AMERICA",NA,"be764d35-b069-11e3-8cfe-90b11c41863e",NA,NA,NA,"516",NA,"686907813","KUH",NA,"be764d35-b069-11e3-8cfe-90b11c41863e",NA,NA,"201122","KU",NA,"Atelopus ignescens (Cornalia, 1849)","68e8e67a-43e6-44a3-8817-dc0e6b70f973,8e30b684-6a54-4aba-aa73-66201c2c736e,99d66b6c-9087-452f-a9d4-f15f2c2d0e7e",NA,"49fb6451-91b7-4af2-8cd3-354539a77589","04e4cd0c-fea1-47a9-bed4-e318c748719f","6b6997ca-c180-11e3-a896-90b11c41863e",NA,NA,"6.7 km W Papallacta",NA,NA,NA,NA,NA,"http://biodiversity.ku.edu/research/university-kansas-biodiversity-institute-data-publication-and-use-norms",NA,NA,NA,NA,NA,"ETOH|tissue","http://grbio.org/cool/iakn-125z",NA,NA,NA,NA,NA,NA,NA,NA,NA,NA,NA,"Ecuador, Napo","07/09/2004","MaNIS/HerpNET/ORNIS Georeferencing Guidelines","Unverified","Map SA17-4 (Quito) map 1:250,000. IGM Ecuador","assumed on road to Pifo",NA,NA,NA,NA,NA,NA,NA,NA,NA,NA,NA,NA,NA,NA,NA,NA,NA,NA,NA,NA,NA,NA,NA,NA,NA,NA,NA,NA,"gbif","ECU.16_1","ECU","Ecuador","Napo",NA,NA,"Provincia","Province","15","EC.NA","EC-N",-78.188889,-0.3675
"20","686907819","Atelopus ignescens (Cornalia, 1849)","cdround,gass84,gdativ","dce00a1f-f6b4-4e11-9771-92c62c40ad80","b554c320-0560-11d8-b851-b8a03c50a862","c1a14752-1025-417a-b729-8caeb7af6b73","b554c320-0560-11d8-b851-b8a03c50a862","US","DWC_ARCHIVE","2026-07-21T18:01:54.001+00:00","2026-07-21T20:05:12.552+00:00",516,NA,"PRESERVED_SPECIMEN","PRESENT",5216669,1,44,131,952,6727,2422265,5216669,5216669,"Atelopus ignescens (Cornalia, 1849)","Animalia","Chordata","Anura","Bufonidae","Atelopus","Atelopus ignescens","Atelopus","ignescens","SPECIES","ACCEPTED","CR",NA,4.62,"SOUTH_AMERICA","Napo",NA,1984,3,18,"1984-03-18",78,78,"2009-09-10T02:37:28.000+00:00","2026-07-21T20:05:12.552+00:00",NA,"http://creativecommons.org/licenses/by/4.0/legalcode",FALSE,"be765dd9-b069-11e3-8cfe-90b11c41863e","none","none",FALSE,"University of Kansas Biodiversity Institute Herpetology Collection",NA,NA,"none","WGS84","Amphibia","ECU","none","none","LATIN_AMERICA","Ecuador","NORTH_AMERICA",NA,"be765dd9-b069-11e3-8cfe-90b11c41863e",NA,NA,NA,"516",NA,"686907819","KUH",NA,"be765dd9-b069-11e3-8cfe-90b11c41863e",NA,NA,"201128","KU",NA,"Atelopus ignescens (Cornalia, 1849)","68e8e67a-43e6-44a3-8817-dc0e6b70f973,8e30b684-6a54-4aba-aa73-66201c2c736e,99d66b6c-9087-452f-a9d4-f15f2c2d0e7e",NA,"49fb6451-91b7-4af2-8cd3-354539a77589","04e4cd0c-fea1-47a9-bed4-e318c748719f","6b6997ca-c180-11e3-a896-90b11c41863e",NA,NA,"E slope Paso de Guamani",NA,NA,NA,NA,NA,"http://biodiversity.ku.edu/research/university-kansas-biodiversity-institute-data-publication-and-use-norms",NA,NA,NA,NA,NA,"ETOH|tissue","http://grbio.org/cool/iakn-125z",NA,NA,NA,NA,NA,NA,NA,NA,NA,NA,NA,"Ecuador, Napo","07/09/2004","MaNIS/HerpNET/ORNIS Georeferencing Guidelines","Unverified","Mapa Fisico del Ecuador 1:1,000,000 IGM Ecuador",NA,NA,NA,NA,NA,NA,NA,NA,NA,NA,NA,NA,NA,NA,NA,NA,NA,NA,NA,NA,NA,NA,NA,NA,NA,NA,NA,NA,NA,"gbif","ECU.16_1","ECU","Ecuador","Napo",NA,NA,"Provincia","Province","15","EC.NA","EC-N",-78.166667,-0.283333
"21","686907821","Atelopus ignescens (Cornalia, 1849)","cdround,gass84,gdativ","dce00a1f-f6b4-4e11-9771-92c62c40ad80","b554c320-0560-11d8-b851-b8a03c50a862","c1a14752-1025-417a-b729-8caeb7af6b73","b554c320-0560-11d8-b851-b8a03c50a862","US","DWC_ARCHIVE","2026-07-21T18:01:54.001+00:00","2026-07-21T20:05:23.146+00:00",516,NA,"PRESERVED_SPECIMEN","PRESENT",5216669,1,44,131,952,6727,2422265,5216669,5216669,"Atelopus ignescens (Cornalia, 1849)","Animalia","Chordata","Anura","Bufonidae","Atelopus","Atelopus ignescens","Atelopus","ignescens","SPECIES","ACCEPTED","CR",NA,2.59,"SOUTH_AMERICA","Pichincha",NA,1984,3,18,"1984-03-18",78,78,"2025-11-19T15:13:20.000+00:00","2026-07-21T20:05:23.146+00:00",NA,"http://creativecommons.org/licenses/by/4.0/legalcode",FALSE,"be766360-b069-11e3-8cfe-90b11c41863e","none","none",FALSE,"University of Kansas Biodiversity Institute Herpetology Collection",NA,NA,"none","WGS84","Amphibia","ECU","none","none","LATIN_AMERICA","Ecuador","NORTH_AMERICA",NA,"be766360-b069-11e3-8cfe-90b11c41863e",NA,NA,NA,"516",NA,"686907821","KUH",NA,"be766360-b069-11e3-8cfe-90b11c41863e",NA,NA,"201130","KU",NA,"Atelopus ignescens (Cornalia, 1849)","68e8e67a-43e6-44a3-8817-dc0e6b70f973,8e30b684-6a54-4aba-aa73-66201c2c736e,99d66b6c-9087-452f-a9d4-f15f2c2d0e7e",NA,"49fb6451-91b7-4af2-8cd3-354539a77589","04e4cd0c-fea1-47a9-bed4-e318c748719f","6b6997ca-c180-11e3-a896-90b11c41863e",NA,NA,"12.3 km E Pifo",NA,NA,NA,NA,NA,"http://biodiversity.ku.edu/research/university-kansas-biodiversity-institute-data-publication-and-use-norms",NA,NA,NA,NA,NA,"ETOH|tissue","http://grbio.org/cool/iakn-125z",NA,NA,NA,NA,NA,NA,NA,NA,NA,NA,NA,"Ecuador, Pichincha","07/09/2004","MaNIS/HerpNET/ORNIS Georeferencing Guidelines","Unverified","Map SA17-4 (Quito) map 1:250,000. IGM Ecuador","assumed on road to Baeza",NA,NA,NA,NA,NA,NA,NA,NA,NA,NA,NA,NA,NA,NA,NA,NA,NA,NA,NA,NA,NA,NA,NA,NA,NA,NA,NA,NA,"gbif","ECU.19_1","ECU","Ecuador","Pichincha",NA,NA,"Provincia","Province","17","EC.PI","EC-P",-78.251389,-0.270278
"22","686907858","Atelopus ignescens (Cornalia, 1849)","cdround,gass84,gdativ","dce00a1f-f6b4-4e11-9771-92c62c40ad80","b554c320-0560-11d8-b851-b8a03c50a862","c1a14752-1025-417a-b729-8caeb7af6b73","b554c320-0560-11d8-b851-b8a03c50a862","US","DWC_ARCHIVE","2026-07-21T18:01:54.001+00:00","2026-07-21T20:05:12.547+00:00",516,NA,"PRESERVED_SPECIMEN","PRESENT",5216669,1,44,131,952,6727,2422265,5216669,5216669,"Atelopus ignescens (Cornalia, 1849)","Animalia","Chordata","Anura","Bufonidae","Atelopus","Atelopus ignescens","Atelopus","ignescens","SPECIES","ACCEPTED","CR",NA,5.21,"SOUTH_AMERICA","Napo",NA,1984,3,25,"1984-03-25",85,85,"2025-11-19T15:13:20.000+00:00","2026-07-21T20:05:12.547+00:00",NA,"http://creativecommons.org/licenses/by/4.0/legalcode",FALSE,"be76cecc-b069-11e3-8cfe-90b11c41863e","none","none",FALSE,"University of Kansas Biodiversity Institute Herpetology Collection",NA,NA,"none","WGS84","Amphibia","ECU","none","none","LATIN_AMERICA","Ecuador","NORTH_AMERICA",NA,"be76cecc-b069-11e3-8cfe-90b11c41863e",NA,NA,NA,"516",NA,"686907858","KUH",NA,"be76cecc-b069-11e3-8cfe-90b11c41863e",NA,NA,"201167","KU",NA,"Atelopus ignescens (Cornalia, 1849)","68e8e67a-43e6-44a3-8817-dc0e6b70f973,8e30b684-6a54-4aba-aa73-66201c2c736e,99d66b6c-9087-452f-a9d4-f15f2c2d0e7e",NA,"49fb6451-91b7-4af2-8cd3-354539a77589","04e4cd0c-fea1-47a9-bed4-e318c748719f","6b6997ca-c180-11e3-a896-90b11c41863e",NA,NA,"34.9 km E San Miguel de Salcedo",NA,NA,NA,NA,NA,"http://biodiversity.ku.edu/research/university-kansas-biodiversity-institute-data-publication-and-use-norms",NA,NA,NA,NA,NA,"ETOH","http://grbio.org/cool/iakn-125z",NA,NA,NA,NA,NA,NA,NA,NA,NA,NA,NA,"Ecuador, Napo","06/10/2004","MaNIS/HerpNET/ORNIS Georeferencing Guidelines","Unverified","Mapa Geografico del Ecuador 1:500,000; IGM Ecuador","assumed on dirt road to Rio Mulatos",NA,NA,NA,NA,NA,NA,NA,NA,NA,NA,NA,"San Miguel de Salcedo is in Cotopaxi, this locality is in Napo",NA,NA,NA,NA,NA,NA,NA,NA,NA,NA,NA,NA,NA,NA,NA,NA,"gbif","ECU.16_1","ECU","Ecuador","Napo",NA,NA,"Provincia","Province","15","EC.NA","EC-N",-78.383333,-0.966667
"23","686907873","Atelopus ignescens (Cornalia, 1849)","cdround,gass84,gdativ","dce00a1f-f6b4-4e11-9771-92c62c40ad80","b554c320-0560-11d8-b851-b8a03c50a862","c1a14752-1025-417a-b729-8caeb7af6b73","b554c320-0560-11d8-b851-b8a03c50a862","US","DWC_ARCHIVE","2026-07-21T18:01:54.001+00:00","2026-07-21T20:05:20.985+00:00",516,NA,"PRESERVED_SPECIMEN","PRESENT",5216669,1,44,131,952,6727,2422265,5216669,5216669,"Atelopus ignescens (Cornalia, 1849)","Animalia","Chordata","Anura","Bufonidae","Atelopus","Atelopus ignescens","Atelopus","ignescens","SPECIES","ACCEPTED","CR",NA,5.21,"SOUTH_AMERICA","Napo",NA,1984,3,25,"1984-03-25",85,85,"2025-11-19T15:13:20.000+00:00","2026-07-21T20:05:20.985+00:00",NA,"http://creativecommons.org/licenses/by/4.0/legalcode",FALSE,"be76fe96-b069-11e3-8cfe-90b11c41863e","none","none",FALSE,"University of Kansas Biodiversity Institute Herpetology Collection",NA,NA,"none","WGS84","Amphibia","ECU","none","none","LATIN_AMERICA","Ecuador","NORTH_AMERICA",NA,"be76fe96-b069-11e3-8cfe-90b11c41863e",NA,NA,NA,"516",NA,"686907873","KUH",NA,"be76fe96-b069-11e3-8cfe-90b11c41863e",NA,NA,"201182","KU",NA,"Atelopus ignescens (Cornalia, 1849)","68e8e67a-43e6-44a3-8817-dc0e6b70f973,8e30b684-6a54-4aba-aa73-66201c2c736e,99d66b6c-9087-452f-a9d4-f15f2c2d0e7e",NA,"49fb6451-91b7-4af2-8cd3-354539a77589","04e4cd0c-fea1-47a9-bed4-e318c748719f","6b6997ca-c180-11e3-a896-90b11c41863e",NA,NA,"38.3 km E San Miguel de Salcedo",NA,NA,NA,NA,NA,"http://biodiversity.ku.edu/research/university-kansas-biodiversity-institute-data-publication-and-use-norms",NA,NA,NA,NA,NA,"ETOH|tissue","http://grbio.org/cool/iakn-125z",NA,NA,NA,NA,NA,NA,NA,NA,NA,NA,NA,"Ecuador, Napo","06/10/2004","MaNIS/HerpNET/ORNIS Georeferencing Guidelines","Unverified","Mapa Geografico del Ecuador 1:500,000; IGM Ecuador","assumed on dirt road to Rio Mulatos",NA,NA,NA,NA,NA,NA,NA,NA,NA,NA,NA,"San Miguel de Salcedo is in Cotopaxi, this locality is in Napo",NA,NA,NA,NA,NA,NA,NA,NA,NA,NA,NA,NA,NA,NA,NA,NA,"gbif","ECU.16_1","ECU","Ecuador","Napo",NA,NA,"Provincia","Province","15","EC.NA","EC-N",-78.366667,-0.983333
"24","686907891","Atelopus ignescens (Cornalia, 1849)","cdround,gass84,gdativ","dce00a1f-f6b4-4e11-9771-92c62c40ad80","b554c320-0560-11d8-b851-b8a03c50a862","c1a14752-1025-417a-b729-8caeb7af6b73","b554c320-0560-11d8-b851-b8a03c50a862","US","DWC_ARCHIVE","2026-07-21T18:01:54.001+00:00","2026-07-21T20:05:12.469+00:00",516,NA,"PRESERVED_SPECIMEN","PRESENT",5216669,1,44,131,952,6727,2422265,5216669,5216669,"Atelopus ignescens (Cornalia, 1849)","Animalia","Chordata","Anura","Bufonidae","Atelopus","Atelopus ignescens","Atelopus","ignescens","SPECIES","ACCEPTED","CR",NA,6.62,"SOUTH_AMERICA","Tungurahua",NA,1984,3,26,"1984-03-26",86,86,"2025-11-19T15:13:20.000+00:00","2026-07-21T20:05:12.469+00:00",NA,"http://creativecommons.org/licenses/by/4.0/legalcode",FALSE,"be8dc252-b069-11e3-8cfe-90b11c41863e","none","none",TRUE,"University of Kansas Biodiversity Institute Herpetology Collection",NA,NA,"none","WGS84","Amphibia","ECU","none","none","LATIN_AMERICA","Ecuador","NORTH_AMERICA",NA,"be8dc252-b069-11e3-8cfe-90b11c41863e",NA,NA,NA,"516",NA,"686907891","KUH",NA,"be8dc252-b069-11e3-8cfe-90b11c41863e",NA,NA,"202200","KU",NA,"Atelopus ignescens (Cornalia, 1849)","68e8e67a-43e6-44a3-8817-dc0e6b70f973,8e30b684-6a54-4aba-aa73-66201c2c736e,99d66b6c-9087-452f-a9d4-f15f2c2d0e7e",NA,"49fb6451-91b7-4af2-8cd3-354539a77589","04e4cd0c-fea1-47a9-bed4-e318c748719f","6b6997ca-c180-11e3-a896-90b11c41863e",NA,NA,"30 km WSW Ambato",NA,NA,NA,NA,NA,"http://biodiversity.ku.edu/research/university-kansas-biodiversity-institute-data-publication-and-use-norms",NA,NA,NA,NA,NA,"ETOH|tissue","http://grbio.org/cool/iakn-125z",NA,NA,NA,NA,NA,NA,NA,NA,NA,NA,NA,"Ecuador, Tungurahua","17/09/2004","MaNIS/HerpNET/ORNIS Georeferencing Guidelines","Unverified","Mapa Geografico del Ecuador 1:500,000; IGM Ecuador","assumed on road to Guaranda",NA,NA,NA,NA,NA,NA,NA,NA,NA,NA,NA,NA,NA,NA,NA,NA,NA,NA,NA,NA,NA,NA,NA,NA,NA,NA,NA,NA,"gbif","ECU.23_1","ECU","Ecuador","Tungurahua",NA,NA,"Provincia","Province","18","EC.TU","EC-T",-78.766667,-1.283333
"25","686907900","Atelopus ignescens (Cornalia, 1849)","gass84,gdativ","dce00a1f-f6b4-4e11-9771-92c62c40ad80","b554c320-0560-11d8-b851-b8a03c50a862","c1a14752-1025-417a-b729-8caeb7af6b73","b554c320-0560-11d8-b851-b8a03c50a862","US","DWC_ARCHIVE","2026-07-21T18:01:54.001+00:00","2026-07-21T20:05:22.927+00:00",516,NA,"PRESERVED_SPECIMEN","PRESENT",5216669,1,44,131,952,6727,2422265,5216669,5216669,"Atelopus ignescens (Cornalia, 1849)","Animalia","Chordata","Anura","Bufonidae","Atelopus","Atelopus ignescens","Atelopus","ignescens","SPECIES","ACCEPTED","CR",NA,5.72,"SOUTH_AMERICA","Bolivar",NA,1984,3,27,"1984-03-27",87,87,"2025-11-19T15:13:20.000+00:00","2026-07-21T20:05:22.927+00:00",NA,"http://creativecommons.org/licenses/by/4.0/legalcode",FALSE,"be8df4d4-b069-11e3-8cfe-90b11c41863e","none","none",FALSE,"University of Kansas Biodiversity Institute Herpetology Collection",NA,NA,"none","WGS84","Amphibia","ECU","none","none","LATIN_AMERICA","Ecuador","NORTH_AMERICA",NA,"be8df4d4-b069-11e3-8cfe-90b11c41863e",NA,NA,NA,"516",NA,"686907900","KUH",NA,"be8df4d4-b069-11e3-8cfe-90b11c41863e",NA,NA,"202209","KU",NA,"Atelopus ignescens (Cornalia, 1849)","68e8e67a-43e6-44a3-8817-dc0e6b70f973,8e30b684-6a54-4aba-aa73-66201c2c736e,99d66b6c-9087-452f-a9d4-f15f2c2d0e7e",NA,"49fb6451-91b7-4af2-8cd3-354539a77589","04e4cd0c-fea1-47a9-bed4-e318c748719f","6b6997ca-c180-11e3-a896-90b11c41863e",NA,NA,"36.8 km NNE Guaranda",NA,NA,NA,NA,NA,"http://biodiversity.ku.edu/research/university-kansas-biodiversity-institute-data-publication-and-use-norms",NA,NA,NA,NA,NA,"ETOH|tissue","http://grbio.org/cool/iakn-125z",NA,NA,NA,NA,NA,NA,NA,NA,NA,NA,NA,"Ecuador, Bolivar","08/10/2004","MaNIS/HerpNET/ORNIS Georeferencing Guidelines","Unverified","Mapa Geografico del Ecuador 1:500,000; IGM Ecuador","assumed on road to Cumanda",NA,NA,NA,NA,NA,NA,NA,NA,NA,NA,NA,NA,NA,NA,NA,NA,NA,NA,NA,NA,NA,NA,NA,NA,NA,NA,NA,NA,"gbif","ECU.2_1","ECU","Ecuador","Bolivar",NA,NA,"Provincia","Province","02","EC.BO","EC-B",-79.05,-1.9
"26","686907911","Atelopus ignescens (Cornalia, 1849)","","dce00a1f-f6b4-4e11-9771-92c62c40ad80","b554c320-0560-11d8-b851-b8a03c50a862","c1a14752-1025-417a-b729-8caeb7af6b73","b554c320-0560-11d8-b851-b8a03c50a862","US","DWC_ARCHIVE","2026-07-21T18:01:54.001+00:00","2026-07-21T20:05:12.485+00:00",516,NA,"PRESERVED_SPECIMEN","PRESENT",5216669,1,44,131,952,6727,2422265,5216669,5216669,"Atelopus ignescens (Cornalia, 1849)","Animalia","Chordata","Anura","Bufonidae","Atelopus","Atelopus ignescens","Atelopus","ignescens","SPECIES","ACCEPTED","CR",NA,12.66,"SOUTH_AMERICA","Tungurahua",NA,1984,3,27,"1984-03-27",87,87,"2000-11-28T12:49:43.000+00:00","2026-07-21T20:05:12.485+00:00",NA,"http://creativecommons.org/licenses/by/4.0/legalcode",FALSE,"be8e3853-b069-11e3-8cfe-90b11c41863e","none","none",FALSE,"University of Kansas Biodiversity Institute Herpetology Collection",NA,NA,"none","WGS84","Amphibia","ECU","none","none","LATIN_AMERICA","Ecuador","NORTH_AMERICA",NA,"be8e3853-b069-11e3-8cfe-90b11c41863e",NA,NA,NA,"516",NA,"686907911","KUH",NA,"be8e3853-b069-11e3-8cfe-90b11c41863e",NA,NA,"202220","KU",NA,"Atelopus ignescens (Cornalia, 1849)","68e8e67a-43e6-44a3-8817-dc0e6b70f973,8e30b684-6a54-4aba-aa73-66201c2c736e,99d66b6c-9087-452f-a9d4-f15f2c2d0e7e",NA,"49fb6451-91b7-4af2-8cd3-354539a77589","04e4cd0c-fea1-47a9-bed4-e318c748719f","6b6997ca-c180-11e3-a896-90b11c41863e",NA,NA,"48.2 km NNE Guaranda",NA,NA,NA,NA,NA,"http://biodiversity.ku.edu/research/university-kansas-biodiversity-institute-data-publication-and-use-norms",NA,NA,NA,NA,NA,"ETOH","http://grbio.org/cool/iakn-125z",NA,NA,NA,NA,NA,NA,NA,NA,NA,NA,NA,"Ecuador, Tungurahua","08/10/2004","MaNIS/HerpNET/ORNIS Georeferencing Guidelines","Unverified","Alexandria Digital Library","By air",NA,NA,NA,NA,NA,NA,NA,NA,NA,NA,NA,NA,NA,NA,NA,NA,NA,NA,NA,NA,NA,NA,NA,NA,NA,NA,NA,NA,"gbif","ECU.23_1","ECU","Ecuador","Tungurahua",NA,NA,"Provincia","Province","18","EC.TU","EC-T",-78.83425,-1.19728
"27","686907797","Atelopus ignescens (Cornalia, 1849)","cdround,gass84,gdativ,rdativ","dce00a1f-f6b4-4e11-9771-92c62c40ad80","b554c320-0560-11d8-b851-b8a03c50a862","c1a14752-1025-417a-b729-8caeb7af6b73","b554c320-0560-11d8-b851-b8a03c50a862","US","DWC_ARCHIVE","2026-07-21T18:01:54.001+00:00","2026-07-21T20:05:12.750+00:00",516,NA,"PRESERVED_SPECIMEN","PRESENT",5216669,1,44,131,952,6727,2422265,5216669,5216669,"Atelopus ignescens (Cornalia, 1849)","Animalia","Chordata","Anura","Bufonidae","Atelopus","Atelopus ignescens","Atelopus","ignescens","SPECIES","ACCEPTED","CR",NA,5.12,"SOUTH_AMERICA","Cotopaxi",NA,1984,4,1,"1984-04-01",92,92,"2000-11-28T12:49:42.000+00:00","2026-07-21T20:05:12.750+00:00",NA,"http://creativecommons.org/licenses/by/4.0/legalcode",FALSE,"be7613bc-b069-11e3-8cfe-90b11c41863e","none","none",FALSE,"University of Kansas Biodiversity Institute Herpetology Collection",NA,NA,"none","WGS84","Amphibia","ECU","none","none","LATIN_AMERICA","Ecuador","NORTH_AMERICA",NA,"be7613bc-b069-11e3-8cfe-90b11c41863e",NA,NA,NA,"516",NA,"686907797","KUH",NA,"be7613bc-b069-11e3-8cfe-90b11c41863e",NA,NA,"201108","KU",NA,"Atelopus ignescens (Cornalia, 1849)","68e8e67a-43e6-44a3-8817-dc0e6b70f973,8e30b684-6a54-4aba-aa73-66201c2c736e,99d66b6c-9087-452f-a9d4-f15f2c2d0e7e",NA,"49fb6451-91b7-4af2-8cd3-354539a77589","04e4cd0c-fea1-47a9-bed4-e318c748719f","6b6997ca-c180-11e3-a896-90b11c41863e",NA,NA,"10 km N Mulalo",NA,NA,NA,NA,NA,"http://biodiversity.ku.edu/research/university-kansas-biodiversity-institute-data-publication-and-use-norms",NA,NA,NA,NA,NA,"ETOH","http://grbio.org/cool/iakn-125z",NA,NA,NA,NA,NA,NA,NA,NA,NA,NA,NA,"Ecuador, Cotopaxi","07/10/2003","MaNIS/HerpNET/ORNIS Georeferencing Guidelines","Unverified","Mapa Geografico del Ecuador 1:500,000; IGM Ecuador","assumed on road to Machachi",NA,NA,NA,NA,NA,NA,NA,NA,NA,NA,NA,NA,NA,NA,NA,NA,NA,NA,NA,NA,NA,NA,NA,NA,NA,NA,NA,NA,"gbif","ECU.6_1","ECU","Ecuador","Cotopaxi",NA,NA,"Provincia","Province","05","EC.CT","EC-X",-78.583333,-0.85
"28","686907802","Atelopus ignescens (Cornalia, 1849)","cdround,gass84,gdativ,rdativ","dce00a1f-f6b4-4e11-9771-92c62c40ad80","b554c320-0560-11d8-b851-b8a03c50a862","c1a14752-1025-417a-b729-8caeb7af6b73","b554c320-0560-11d8-b851-b8a03c50a862","US","DWC_ARCHIVE","2026-07-21T18:01:54.001+00:00","2026-07-21T20:05:12.670+00:00",516,NA,"PRESERVED_SPECIMEN","PRESENT",5216669,1,44,131,952,6727,2422265,5216669,5216669,"Atelopus ignescens (Cornalia, 1849)","Animalia","Chordata","Anura","Bufonidae","Atelopus","Atelopus ignescens","Atelopus","ignescens","SPECIES","ACCEPTED","CR",NA,7.62,"SOUTH_AMERICA","Cotopaxi",NA,1984,4,1,"1984-04-01",92,92,"2011-04-05T12:03:27.000+00:00","2026-07-21T20:05:12.670+00:00",NA,"http://creativecommons.org/licenses/by/4.0/legalcode",FALSE,"be762adf-b069-11e3-8cfe-90b11c41863e","none","none",TRUE,"University of Kansas Biodiversity Institute Herpetology Collection",NA,NA,"none","WGS84","Amphibia","ECU","none","none","LATIN_AMERICA","Ecuador","NORTH_AMERICA",NA,"be762adf-b069-11e3-8cfe-90b11c41863e",NA,NA,NA,"516",NA,"686907802","KUH",NA,"be762adf-b069-11e3-8cfe-90b11c41863e",NA,NA,"201113","KU",NA,"Atelopus ignescens (Cornalia, 1849)","68e8e67a-43e6-44a3-8817-dc0e6b70f973,8e30b684-6a54-4aba-aa73-66201c2c736e,99d66b6c-9087-452f-a9d4-f15f2c2d0e7e",NA,"49fb6451-91b7-4af2-8cd3-354539a77589","04e4cd0c-fea1-47a9-bed4-e318c748719f","6b6997ca-c180-11e3-a896-90b11c41863e",NA,NA,"7 km N Latacunga",NA,NA,NA,NA,NA,"http://biodiversity.ku.edu/research/university-kansas-biodiversity-institute-data-publication-and-use-norms",NA,NA,NA,NA,NA,"ETOH|tissue","http://grbio.org/cool/iakn-125z",NA,NA,NA,NA,NA,NA,NA,NA,NA,NA,NA,"Ecuador, Cotopaxi","06/10/2004","MaNIS/HerpNET/ORNIS Georeferencing Guidelines","Unverified","Mapa Geografico del Ecuador 1:500,000; IGM Ecuador","assumed on road to Machachi",NA,NA,NA,NA,NA,NA,NA,NA,NA,NA,NA,NA,NA,NA,NA,NA,NA,NA,NA,NA,NA,NA,NA,NA,NA,NA,NA,NA,"gbif","ECU.6_1","ECU","Ecuador","Cotopaxi",NA,NA,"Provincia","Province","05","EC.CT","EC-X",-78.616667,-0.866667
"29","4912439296","Atelopus ignescens (Cornalia, 1849)","cdc,conti,rdativ","7b20c426-defe-45ff-82a2-bb00141e1e8f","e62f0c10-13a1-4306-bdad-1e0a4c27d0d0","9df8109c-684d-416b-819b-7bc09adc500b","c54097e6-0972-4acb-b849-eaeba29c917d","EC","EML","2026-07-16T09:06:33.788+00:00","2026-07-18T17:54:46.008+00:00",93,NA,"MATERIAL_SAMPLE","PRESENT",5216669,1,44,131,952,6727,2422265,5216669,5216669,"Atelopus ignescens (Cornalia, 1849)","Animalia","Chordata","Anura","Bufonidae","Atelopus","Atelopus ignescens","Atelopus","ignescens","SPECIES","ACCEPTED","CR",NA,NA,"SOUTH_AMERICA","Cotopaxi",NA,1984,7,1,"1984-07-01",183,183,NA,"2026-07-18T17:54:46.008+00:00",NA,"http://creativecommons.org/licenses/by-nc/4.0/legalcode",FALSE,"QCAZA254","none","none",FALSE,"Bioweb","Erika Bejarano|Luis Coloma|CuradorAmphi",NA,"none","WGS84","Amphibia","ECU","none","none","LATIN_AMERICA","Ecuador","LATIN_AMERICA","Museo de Zoología QCAZ","QCAZA254",NA,NA,NA,"98","RESCUED","4912439296","QCAZA","ECUADOR: Cotopaxi: Parque Nacional Cotopaxi, Limpiopungo.  Altitud: 4000msnm - Latitud: -,86833333333333306836 Longitud: -77,58805555555559863","QCAZA254","ec.bio.spp.43074",NA,"QCAZA254","QCAZ",NA,"Atelopus ignescens (Cornalia, 1849)","99d66b6c-9087-452f-a9d4-f15f2c2d0e7e",4000,"1f33a2dd-ea62-4da3-b6f3-6fc19d259c99","ab011792-e14a-4040-bf6e-04e2820bebad","doi:10.60545/ejgu3c",NA,NA,"Parque Nacional Cotopaxi, Limpiopungo","es","PhysicalObject","Jambato toad",NA,"QCAZ",NA,"ab011792-e14a-4040-bf6e-04e2820bebad",NA,NA,NA,0,NA,"1f33a2dd-ea62-4da3-b6f3-6fc19d259c99",NA,NA,NA,"En colección","00:00",NA,NA,NA,NA,NA,NA,NA,NA,NA,NA,NA,NA,NA,NA,NA,NA,NA,NA,"4000",NA,"2024-10-28T21:40:51Z","https://patrimonio.ambiente.gob.ec/iptmae/archive.do?r=a5a6e882-b3ce-4e24-b337-33b4295d0620",NA,NA,NA,NA,NA,NA,NA,NA,NA,NA,NA,NA,NA,NA,NA,NA,NA,NA,"gbif","ECU.6_1","ECU","Ecuador","Cotopaxi",NA,NA,"Provincia","Province","05","EC.CT","EC-X",-78.47624,-0.620839
"30","4912483539","Atelopus ignescens (Cornalia, 1849)","cdc,conti,gass84,gdativ,rdativ","7b20c426-defe-45ff-82a2-bb00141e1e8f","e62f0c10-13a1-4306-bdad-1e0a4c27d0d0","9df8109c-684d-416b-819b-7bc09adc500b","c54097e6-0972-4acb-b849-eaeba29c917d","EC","EML","2026-07-16T09:06:33.788+00:00","2026-07-18T17:54:47.835+00:00",93,NA,"MATERIAL_SAMPLE","PRESENT",5216669,1,44,131,952,6727,2422265,5216669,5216669,"Atelopus ignescens (Cornalia, 1849)","Animalia","Chordata","Anura","Bufonidae","Atelopus","Atelopus ignescens","Atelopus","ignescens","SPECIES","ACCEPTED","CR",NA,NA,"SOUTH_AMERICA","Pichincha",NA,1984,8,1,"1984-08-01",214,214,NA,"2026-07-18T17:54:47.835+00:00",NA,"http://creativecommons.org/licenses/by-nc/4.0/legalcode",FALSE,"QCAZA5","none","none",FALSE,"Bioweb","Luis Coloma|Giovanni Onore|CuradorAmphi",NA,"none","WGS84","Amphibia","ECU","none","none","LATIN_AMERICA","Ecuador","LATIN_AMERICA","Museo de Zoología QCAZ","QCAZA5",NA,NA,NA,"98","RESCUED","4912483539","QCAZA","ECUADOR: Pichincha: Pintag.   Latitud: -,67683999999999999719 Longitud: -76,40031999999999357","QCAZA5","ec.bio.spp.43074",NA,"QCAZA5","QCAZ",NA,"Atelopus ignescens (Cornalia, 1849)","99d66b6c-9087-452f-a9d4-f15f2c2d0e7e",NA,"1f33a2dd-ea62-4da3-b6f3-6fc19d259c99","ab011792-e14a-4040-bf6e-04e2820bebad","doi:10.60545/ejgu3c","STY77",NA,"Pintag","es","PhysicalObject","Jambato toad",NA,"QCAZ",NA,"ab011792-e14a-4040-bf6e-04e2820bebad",NA,NA,NA,NA,NA,"1f33a2dd-ea62-4da3-b6f3-6fc19d259c99",NA,NA,NA,"En colección","00:00",NA,NA,NA,NA,NA,NA,NA,NA,NA,NA,NA,NA,NA,NA,NA,NA,NA,NA,NA,NA,"2024-10-28T21:40:51Z","https://patrimonio.ambiente.gob.ec/iptmae/archive.do?r=a5a6e882-b3ce-4e24-b337-33b4295d0620",NA,NA,NA,NA,NA,NA,NA,NA,NA,NA,NA,NA,NA,NA,NA,NA,NA,NA,"gbif","ECU.19_1","ECU","Ecuador","Pichincha",NA,NA,"Provincia","Province","17","EC.PI","EC-P",-78.37014,-0.36502
"31","4912483562","Atelopus ignescens (Cornalia, 1849)","cdc,conti,gass84,gdativ,rdativ","7b20c426-defe-45ff-82a2-bb00141e1e8f","e62f0c10-13a1-4306-bdad-1e0a4c27d0d0","9df8109c-684d-416b-819b-7bc09adc500b","c54097e6-0972-4acb-b849-eaeba29c917d","EC","EML","2026-07-16T09:06:33.788+00:00","2026-07-18T17:54:47.113+00:00",93,NA,"MATERIAL_SAMPLE","PRESENT",5216669,1,44,131,952,6727,2422265,5216669,5216669,"Atelopus ignescens (Cornalia, 1849)","Animalia","Chordata","Anura","Bufonidae","Atelopus","Atelopus ignescens","Atelopus","ignescens","SPECIES","ACCEPTED","CR",NA,NA,"SOUTH_AMERICA","Chimborazo",NA,1984,10,1,"1984-10-01",275,275,NA,"2026-07-18T17:54:47.113+00:00",NA,"http://creativecommons.org/licenses/by-nc/4.0/legalcode",FALSE,"QCAZA9","none","none",FALSE,"Bioweb","Luis Coloma|Giovanni Onore|CuradorAmphi",NA,"none","WGS84","Amphibia","ECU","none","none","LATIN_AMERICA","Ecuador","LATIN_AMERICA","Museo de Zoología QCAZ","QCAZA9",NA,NA,NA,"98","RESCUED","4912483562","QCAZA","ECUADOR: Chimborazo: 20 km Norte. Riobamba (carretera Riobamba-Ambato).   Latitud: -1,51 Longitud: -78,709999999999993747","QCAZA9","ec.bio.spp.43074",NA,"QCAZA9","QCAZ",NA,"Atelopus ignescens (Cornalia, 1849)","99d66b6c-9087-452f-a9d4-f15f2c2d0e7e",NA,"1f33a2dd-ea62-4da3-b6f3-6fc19d259c99","ab011792-e14a-4040-bf6e-04e2820bebad","doi:10.60545/ejgu3c",NA,NA,"20 km Norte Riobamba (carretera Riobamba-Ambato)","es","PhysicalObject","Jambato toad",NA,"QCAZ",NA,"ab011792-e14a-4040-bf6e-04e2820bebad",NA,NA,NA,NA,NA,"1f33a2dd-ea62-4da3-b6f3-6fc19d259c99",NA,NA,NA,"En colección","00:00",NA,NA,NA,NA,NA,NA,NA,NA,NA,NA,NA,NA,NA,NA,NA,NA,NA,NA,NA,NA,"2024-10-28T21:40:51Z","https://patrimonio.ambiente.gob.ec/iptmae/archive.do?r=a5a6e882-b3ce-4e24-b337-33b4295d0620",NA,NA,NA,NA,NA,NA,NA,NA,NA,NA,NA,NA,NA,NA,NA,NA,NA,NA,"gbif","ECU.5_1","ECU","Ecuador","Chimborazo",NA,NA,"Provincia","Province","06","EC.CB","EC-H",-78.70999,-1.51
"32","476471752","Atelopus ignescens (Cornalia, 1849)","colmafu,inmafu","4bfac3ea-8763-4f4b-a71a-76a6f5f243d3","b4640710-8e03-11d8-b956-b8a03c50a862","b0f5183c-5ed0-47f4-b75f-65e0c1036cb5","b4640710-8e03-11d8-b956-b8a03c50a862","US","EML","2026-07-14T17:47:44.213+00:00","2026-07-18T21:36:47.393+00:00",727,NA,"PRESERVED_SPECIMEN","PRESENT",5216669,1,44,131,952,6727,2422265,5216669,5216669,"Atelopus ignescens (Cornalia, 1849)","Animalia","Chordata","Anura","Bufonidae","Atelopus","Atelopus ignescens","Atelopus","ignescens","SPECIES","ACCEPTED","CR",NA,10115,"SOUTH_AMERICA","Napo",NA,1983,1,NA,"1983-01-01/1983-01-31",1,31,"2024-12-20T16:09:59.000+00:00","2026-07-18T21:36:47.393+00:00","http://mczbase.mcz.harvard.edu/guid/MCZ:Herp:A-104006","http://creativecommons.org/licenses/by-nc/4.0/legalcode",FALSE,"MCZ:Herp:A-104006","none","none",FALSE,NA,"Giovanni Onore","Catalog","none","WGS84","Amphibia","ECU",NA,"none","LATIN_AMERICA","Ecuador","NORTH_AMERICA","President and Fellows of Harvard College","MCZ:Herp:A-104006",NA,NA,"0/1/1983-0/1/1983","727",NA,"476471752","Herp","Ecuador: Napo: Papallacta Cuyuja, 2200m","MCZ:Herp:A-104006",NA,NA,"A-104006","MCZ",NA,"Atelopus ignescens (Cornalia, 1849)","68e8e67a-43e6-44a3-8817-dc0e6b70f973,99d66b6c-9087-452f-a9d4-f15f2c2d0e7e",2200,"1cfca87c-083e-4d67-8e60-cb7d311f6058","b2a3198c-ca1b-40e5-890f-46b4021d623b",NA,NA,"ICZN","Papallacta Cuyuja",NA,NA,NA,NA,"Museum of Comparative Zoology, Harvard University",NA,NA,NA,NA,1,0,"whole animal (ethanol)","b4640710-8e03-11d8-b956-b8a03c50a862",NA,NA,"decimal degrees","unknown",NA,NA,NA,NA,NA,NA,NA,"South America: Ecuador: Napo",NA,"MaNIS/HerpNET/ORNIS Georeferencing Guidelines","unverified","Calle.com (presently fallingrain.com)",NA,1e-05,"Elisa Bonaccorso","muse location number=ZA104001",NA,"http://vocab.getty.edu/tgn/1001446",NA,"2200-2200 m","Animalia Chordata Amphibia Lissamphibia Anura Bufonoidea Bufonidae Atelopus ignescens",NA,NA,NA,NA,"ORCID","https://orcid.org/0000-0003-3571-804X",NA,NA,NA,NA,NA,NA,NA,NA,NA,NA,NA,NA,NA,NA,"gbif","ECU.16_1","ECU","Ecuador","Napo",NA,NA,"Provincia","Province","15","EC.NA","EC-N",-78,-0.4
"33","476526572","Atelopus ignescens (Cornalia, 1849)","colmafu,inmafu","4bfac3ea-8763-4f4b-a71a-76a6f5f243d3","b4640710-8e03-11d8-b956-b8a03c50a862","b0f5183c-5ed0-47f4-b75f-65e0c1036cb5","b4640710-8e03-11d8-b956-b8a03c50a862","US","EML","2026-07-14T17:47:44.213+00:00","2026-07-18T21:36:51.296+00:00",727,NA,"PRESERVED_SPECIMEN","PRESENT",5216669,1,44,131,952,6727,2422265,5216669,5216669,"Atelopus ignescens (Cornalia, 1849)","Animalia","Chordata","Anura","Bufonidae","Atelopus","Atelopus ignescens","Atelopus","ignescens","SPECIES","ACCEPTED","CR",NA,5115,"SOUTH_AMERICA","Cotopaxi",NA,1982,3,NA,"1982-03-01/1982-03-31",60,90,"2024-12-20T16:09:59.000+00:00","2026-07-18T21:36:51.296+00:00","http://mczbase.mcz.harvard.edu/guid/MCZ:Herp:A-103990","http://creativecommons.org/licenses/by-nc/4.0/legalcode",FALSE,"MCZ:Herp:A-103990","none","none",FALSE,NA,"Giovanni Onore","Catalog","none","WGS84","Amphibia","ECU",NA,"none","LATIN_AMERICA","Ecuador","NORTH_AMERICA","President and Fellows of Harvard College","MCZ:Herp:A-103990",NA,NA,"0/3/1982-0/3/1982","727",NA,"476526572","Herp","Ecuador: Cotopaxi: Zumbagua Pilalo","MCZ:Herp:A-103990",NA,NA,"A-103990","MCZ",NA,"Atelopus ignescens (Cornalia, 1849)","68e8e67a-43e6-44a3-8817-dc0e6b70f973,99d66b6c-9087-452f-a9d4-f15f2c2d0e7e",2485,"1cfca87c-083e-4d67-8e60-cb7d311f6058","b2a3198c-ca1b-40e5-890f-46b4021d623b",NA,NA,"ICZN","Zumbagua Pilalo",NA,NA,NA,NA,"Museum of Comparative Zoology, Harvard University",NA,NA,NA,NA,1,0,"whole animal (ethanol)","b4640710-8e03-11d8-b956-b8a03c50a862",NA,NA,"decimal degrees","unknown",NA,NA,NA,NA,NA,NA,NA,"South America: Ecuador: Cotopaxi",NA,"MaNIS/HerpNET/ORNIS Georeferencing Guidelines","unverified","Alexandria Digital Library",NA,1e-05,"Elisa Bonaccorso","muse location number=ZA103972",NA,NA,NA,"2485-2485 m","Animalia Chordata Amphibia Lissamphibia Anura Bufonoidea Bufonidae Atelopus ignescens",NA,NA,NA,NA,"ORCID","https://orcid.org/0000-0003-3571-804X",NA,NA,NA,NA,NA,NA,NA,NA,NA,NA,NA,NA,NA,NA,"gbif","ECU.6_1","ECU","Ecuador","Cotopaxi",NA,NA,"Provincia","Province","05","EC.CT","EC-X",-78.9,-0.96667
"34","476472584","Atelopus ignescens (Cornalia, 1849)","colmafu,inmafu","4bfac3ea-8763-4f4b-a71a-76a6f5f243d3","b4640710-8e03-11d8-b956-b8a03c50a862","b0f5183c-5ed0-47f4-b75f-65e0c1036cb5","b4640710-8e03-11d8-b956-b8a03c50a862","US","EML","2026-07-14T17:47:44.213+00:00","2026-07-18T21:39:13.437+00:00",727,NA,"PRESERVED_SPECIMEN","PRESENT",5216669,1,44,131,952,6727,2422265,5216669,5216669,"Atelopus ignescens (Cornalia, 1849)","Animalia","Chordata","Anura","Bufonidae","Atelopus","Atelopus ignescens","Atelopus","ignescens","SPECIES","ACCEPTED","CR",NA,12615,"SOUTH_AMERICA","Cotopaxi",NA,1982,12,6,"1982-12-06",340,340,"2026-05-27T16:33:26.000+00:00","2026-07-18T21:39:13.437+00:00","http://mczbase.mcz.harvard.edu/guid/MCZ:Herp:A-104169","http://creativecommons.org/licenses/by-nc/4.0/legalcode",FALSE,"MCZ:Herp:A-104169","none","none",FALSE,NA,"Julius O. Boos","Catalog","none","WGS84","Amphibia","ECU","none","none","LATIN_AMERICA","Ecuador","NORTH_AMERICA","President and Fellows of Harvard College","MCZ:Herp:A-104169",NA,NA,"6/12/1982-6/12/1982","727",NA,"476472584","Herp","Ecuador: Cotopaxi: 12000ft, under rock, river crossing in national park at base of volcano","MCZ:Herp:A-104169","gbif:5216669",NA,"A-104169","MCZ",NA,"Atelopus ignescens (Cornalia, 1849)","68e8e67a-43e6-44a3-8817-dc0e6b70f973,99d66b6c-9087-452f-a9d4-f15f2c2d0e7e",3657.6,"1cfca87c-083e-4d67-8e60-cb7d311f6058","b2a3198c-ca1b-40e5-890f-46b4021d623b",NA,NA,"ICZN","in national park at base of volcano",NA,NA,NA,NA,"Museum of Comparative Zoology, Harvard University",NA,NA,NA,"under rock in river crossing",1,0,"whole animal (ethanol)","b4640710-8e03-11d8-b956-b8a03c50a862",NA,NA,"decimal degrees","unknown",NA,NA,NA,NA,NA,NA,NA,"South America: Ecuador: Cotopaxi",NA,"MaNIS/HerpNET/ORNIS Georeferencing Guidelines","unverified","Alexandria Digital Library",NA,1e-05,"Elisa Bonaccorso","muse location number=ZA104164",NA,NA,NA,"12000-12000 ft","Animalia Chordata Amphibia Lissamphibia Anura Bufonoidea Bufonidae Atelopus ignescens",NA,NA,NA,NA,NA,NA,NA,NA,NA,NA,NA,NA,NA,NA,NA,NA,NA,NA,NA,NA,"gbif","ECU.6_1","ECU","Ecuador","Cotopaxi",NA,NA,"Provincia","Province","05","EC.CT","EC-X",-78.43333,-0.66667
"35","476522198","Atelopus ignescens (Cornalia, 1849)","colmafu,inmafu","4bfac3ea-8763-4f4b-a71a-76a6f5f243d3","b4640710-8e03-11d8-b956-b8a03c50a862","b0f5183c-5ed0-47f4-b75f-65e0c1036cb5","b4640710-8e03-11d8-b956-b8a03c50a862","US","EML","2026-07-14T17:47:44.213+00:00","2026-07-18T21:40:38.763+00:00",727,NA,"PRESERVED_SPECIMEN","PRESENT",5216669,1,44,131,952,6727,2422265,5216669,5216669,"Atelopus ignescens (Cornalia, 1849)","Animalia","Chordata","Anura","Bufonidae","Atelopus","Atelopus ignescens","Atelopus","ignescens","SPECIES","ACCEPTED","CR",NA,6115,"SOUTH_AMERICA","Cotopaxi",NA,1981,1,NA,"1981-01-01/1981-01-31",1,31,"2024-12-20T16:09:59.000+00:00","2026-07-18T21:40:38.763+00:00","http://mczbase.mcz.harvard.edu/guid/MCZ:Herp:A-104022","http://creativecommons.org/licenses/by-nc/4.0/legalcode",FALSE,"MCZ:Herp:A-104022","none","none",FALSE,NA,"Giovanni Onore","Catalog","none","WGS84","Amphibia","ECU",NA,"none","LATIN_AMERICA","Ecuador","NORTH_AMERICA","President and Fellows of Harvard College","MCZ:Herp:A-104022",NA,NA,"0/1/1981-0/1/1981","727",NA,"476522198","Herp","Ecuador: Cotopaxi: Latacunga","MCZ:Herp:A-104022",NA,NA,"A-104022","MCZ",NA,"Atelopus ignescens (Cornalia, 1849)","68e8e67a-43e6-44a3-8817-dc0e6b70f973,99d66b6c-9087-452f-a9d4-f15f2c2d0e7e",2770,"1cfca87c-083e-4d67-8e60-cb7d311f6058","b2a3198c-ca1b-40e5-890f-46b4021d623b",NA,NA,"ICZN","Latacunga",NA,NA,NA,NA,"Museum of Comparative Zoology, Harvard University",NA,NA,NA,NA,1,0,"whole animal (ethanol)","b4640710-8e03-11d8-b956-b8a03c50a862",NA,NA,"decimal degrees","unknown",NA,NA,NA,NA,NA,NA,NA,"South America: Ecuador: Cotopaxi",NA,"MaNIS/HerpNET/ORNIS Georeferencing Guidelines","unverified","Alexandria Digital Library",NA,1e-05,"Elisa Bonaccorso","muse location number=ZA104021",NA,NA,NA,"2770-2770 m","Animalia Chordata Amphibia Lissamphibia Anura Bufonoidea Bufonidae Atelopus ignescens",NA,NA,NA,NA,"ORCID","https://orcid.org/0000-0003-3571-804X",NA,NA,NA,NA,NA,NA,NA,NA,NA,NA,NA,NA,NA,NA,"gbif","ECU.6_1","ECU","Ecuador","Cotopaxi",NA,NA,"Provincia","Province","05","EC.CT","EC-X",-78.61667,-0.93333
"36","4912507951","Atelopus ignescens (Cornalia, 1849)","cdc,conti,gass84,gdativ","7b20c426-defe-45ff-82a2-bb00141e1e8f","e62f0c10-13a1-4306-bdad-1e0a4c27d0d0","9df8109c-684d-416b-819b-7bc09adc500b","c54097e6-0972-4acb-b849-eaeba29c917d","EC","EML","2026-07-16T09:06:33.788+00:00","2026-07-18T17:54:44.619+00:00",93,NA,"MATERIAL_SAMPLE","PRESENT",5216669,1,44,131,952,6727,2422265,5216669,5216669,"Atelopus ignescens (Cornalia, 1849)","Animalia","Chordata","Anura","Bufonidae","Atelopus","Atelopus ignescens","Atelopus","ignescens","SPECIES","ACCEPTED","CR",NA,NA,"SOUTH_AMERICA","Pichincha",NA,1981,1,20,"1981-01-20",20,20,NA,"2026-07-18T17:54:44.619+00:00",NA,"http://creativecommons.org/licenses/by-nc/4.0/legalcode",FALSE,"QCAZA24912","none","none",FALSE,"Bioweb","Pablo Menéndez|Luis Coloma|Admin","Luis Coloma","none","WGS84","Amphibia","ECU","none","none","LATIN_AMERICA","Ecuador","LATIN_AMERICA","Museo de Zoología QCAZ","QCAZA24912",NA,NA,NA,"98","RESCUED","4912507951","QCAZA","ECUADOR: Pichincha: Cayambe.","QCAZA24912","ec.bio.spp.43074",NA,"QCAZA24912","QCAZ",NA,"Atelopus ignescens (Cornalia, 1849)","99d66b6c-9087-452f-a9d4-f15f2c2d0e7e",NA,"1f33a2dd-ea62-4da3-b6f3-6fc19d259c99","ab011792-e14a-4040-bf6e-04e2820bebad","doi:10.60545/ejgu3c","1042",NA,"Cayambe","es","PhysicalObject","Jambato toad",NA,"QCAZ",NA,"ab011792-e14a-4040-bf6e-04e2820bebad",NA,NA,NA,NA,NA,"1f33a2dd-ea62-4da3-b6f3-6fc19d259c99",NA,NA,NA,"En colección","00:00",NA,NA,NA,NA,NA,NA,NA,NA,NA,NA,NA,NA,NA,NA,NA,NA,NA,NA,NA,NA,"2024-10-28T21:40:51Z","https://patrimonio.ambiente.gob.ec/iptmae/archive.do?r=a5a6e882-b3ce-4e24-b337-33b4295d0620",NA,NA,NA,NA,NA,NA,NA,NA,NA,NA,NA,NA,NA,NA,NA,NA,NA,NA,"gbif","ECU.19_1","ECU","Ecuador","Pichincha",NA,NA,"Provincia","Province","17","EC.PI","EC-P",-78.56593,-0.50739
"37","476522297","Atelopus ignescens (Cornalia, 1849)","colmafu,inmafu","4bfac3ea-8763-4f4b-a71a-76a6f5f243d3","b4640710-8e03-11d8-b956-b8a03c50a862","b0f5183c-5ed0-47f4-b75f-65e0c1036cb5","b4640710-8e03-11d8-b956-b8a03c50a862","US","EML","2026-07-14T17:47:44.213+00:00","2026-07-18T21:40:38.337+00:00",727,NA,"PRESERVED_SPECIMEN","PRESENT",5216669,1,44,131,952,6727,2422265,5216669,5216669,"Atelopus ignescens (Cornalia, 1849)","Animalia","Chordata","Anura","Bufonidae","Atelopus","Atelopus ignescens","Atelopus","ignescens","SPECIES","ACCEPTED","CR",NA,4015,"SOUTH_AMERICA","Cotopaxi",NA,1981,2,NA,"1981-02-01/1981-02-28",32,59,"2024-12-20T16:09:59.000+00:00","2026-07-18T21:40:38.337+00:00","http://mczbase.mcz.harvard.edu/guid/MCZ:Herp:A-103938","http://creativecommons.org/licenses/by-nc/4.0/legalcode",FALSE,"MCZ:Herp:A-103938","none","none",FALSE,NA,"Giovanni Onore","Catalog","none","WGS84","Amphibia","ECU",NA,"none","LATIN_AMERICA","Ecuador","NORTH_AMERICA","President and Fellows of Harvard College","MCZ:Herp:A-103938",NA,NA,"0/2/1981-0/2/1981","727",NA,"476522297","Herp","Ecuador: Cotopaxi: Salsedo, near Cusubamba, 3200m","MCZ:Herp:A-103938",NA,NA,"A-103938","MCZ",NA,"Atelopus ignescens (Cornalia, 1849)","68e8e67a-43e6-44a3-8817-dc0e6b70f973,99d66b6c-9087-452f-a9d4-f15f2c2d0e7e",3200,"1cfca87c-083e-4d67-8e60-cb7d311f6058","b2a3198c-ca1b-40e5-890f-46b4021d623b",NA,NA,"ICZN","Salsedo, near Cusubamba",NA,NA,NA,NA,"Museum of Comparative Zoology, Harvard University",NA,NA,NA,NA,1,0,"whole animal (ethanol)","b4640710-8e03-11d8-b956-b8a03c50a862",NA,NA,"decimal degrees","unknown",NA,NA,NA,NA,NA,NA,NA,"South America: Ecuador: Cotopaxi",NA,"MaNIS/HerpNET/ORNIS Georeferencing Guidelines","unverified","Alexandria Digital Library",NA,1e-05,"Elisa Bonaccorso","muse location number=ZA103937",NA,NA,NA,"3200-3200 m","Animalia Chordata Amphibia Lissamphibia Anura Bufonoidea Bufonidae Atelopus ignescens",NA,NA,NA,NA,"ORCID","https://orcid.org/0000-0003-3571-804X",NA,NA,NA,NA,NA,NA,NA,NA,NA,NA,NA,NA,NA,NA,"gbif","ECU.6_1","ECU","Ecuador","Cotopaxi",NA,NA,"Provincia","Province","05","EC.CT","EC-X",-78.7,-1.06667
"38","476526573","Atelopus ignescens (Cornalia, 1849)","colmafu,inmafu","4bfac3ea-8763-4f4b-a71a-76a6f5f243d3","b4640710-8e03-11d8-b956-b8a03c50a862","b0f5183c-5ed0-47f4-b75f-65e0c1036cb5","b4640710-8e03-11d8-b956-b8a03c50a862","US","EML","2026-07-14T17:47:44.213+00:00","2026-07-18T21:36:51.652+00:00",727,NA,"PRESERVED_SPECIMEN","PRESENT",5216669,1,44,131,952,6727,2422265,5216669,5216669,"Atelopus ignescens (Cornalia, 1849)","Animalia","Chordata","Anura","Bufonidae","Atelopus","Atelopus ignescens","Atelopus","ignescens","SPECIES","ACCEPTED","CR",NA,5615,"SOUTH_AMERICA","Cotopaxi",NA,1981,5,23,"1981-05-23",143,143,"2024-12-20T16:09:59.000+00:00","2026-07-18T21:36:51.652+00:00","http://mczbase.mcz.harvard.edu/guid/MCZ:Herp:A-103991","http://creativecommons.org/licenses/by-nc/4.0/legalcode",FALSE,"MCZ:Herp:A-103991","none","none",FALSE,NA,"Giovanni Onore","Catalog","none","WGS84","Amphibia","ECU",NA,"none","LATIN_AMERICA","Ecuador","NORTH_AMERICA","President and Fellows of Harvard College","MCZ:Herp:A-103991",NA,NA,"23/5/1981-23/5/1981","727",NA,"476526573","Herp","Ecuador: Collas","MCZ:Herp:A-103991",NA,NA,"A-103991","MCZ",NA,"Atelopus ignescens (Cornalia, 1849)","68e8e67a-43e6-44a3-8817-dc0e6b70f973,99d66b6c-9087-452f-a9d4-f15f2c2d0e7e",NA,"1cfca87c-083e-4d67-8e60-cb7d311f6058","b2a3198c-ca1b-40e5-890f-46b4021d623b",NA,NA,"ICZN","Collas",NA,NA,NA,NA,"Museum of Comparative Zoology, Harvard University",NA,NA,NA,NA,1,NA,"whole animal (ethanol)","b4640710-8e03-11d8-b956-b8a03c50a862",NA,NA,"decimal degrees","unknown",NA,NA,NA,NA,NA,NA,NA,"South America: Ecuador: Cotopaxi",NA,"MaNIS/HerpNET/ORNIS Georeferencing Guidelines","unverified","Alexandria Digital Library",NA,1e-05,"Elisa Bonaccorso","muse location number=ZA103991",NA,NA,NA,NA,"Animalia Chordata Amphibia Lissamphibia Anura Bufonoidea Bufonidae Atelopus ignescens",NA,NA,NA,NA,"ORCID","https://orcid.org/0000-0003-3571-804X",NA,NA,NA,NA,NA,NA,NA,NA,NA,NA,NA,NA,NA,NA,"gbif","ECU.6_1","ECU","Ecuador","Cotopaxi",NA,NA,"Provincia","Province","05","EC.CT","EC-X",-78.71667,-0.91667
"39","476471725","Atelopus ignescens (Cornalia, 1849)","colmafu,inmafu","4bfac3ea-8763-4f4b-a71a-76a6f5f243d3","b4640710-8e03-11d8-b956-b8a03c50a862","b0f5183c-5ed0-47f4-b75f-65e0c1036cb5","b4640710-8e03-11d8-b956-b8a03c50a862","US","EML","2026-07-14T17:47:44.213+00:00","2026-07-18T21:40:38.076+00:00",727,NA,"PRESERVED_SPECIMEN","PRESENT",5216669,1,44,131,952,6727,2422265,5216669,5216669,"Atelopus ignescens (Cornalia, 1849)","Animalia","Chordata","Anura","Bufonidae","Atelopus","Atelopus ignescens","Atelopus","ignescens","SPECIES","ACCEPTED","CR",NA,301,"SOUTH_AMERICA","Cotopaxi",NA,1981,9,15,"1981-09-15",258,258,"2024-12-20T16:09:59.000+00:00","2026-07-18T21:40:38.076+00:00","http://mczbase.mcz.harvard.edu/guid/MCZ:Herp:A-103951","http://creativecommons.org/licenses/by-nc/4.0/legalcode",FALSE,"MCZ:Herp:A-103951","none","none",FALSE,NA,"Giovanni Onore","Catalog","none","WGS84","Amphibia","ECU",NA,"none","LATIN_AMERICA","Ecuador","NORTH_AMERICA","President and Fellows of Harvard College","MCZ:Herp:A-103951",NA,NA,"15/9/1981-15/9/1981","727",NA,"476471725","Herp","Ecuador: Cotopaxi: Bajo de las Piedras, km 25 de las Carretera Salsedo-Tena","MCZ:Herp:A-103951",NA,NA,"A-103951","MCZ",NA,"Atelopus ignescens (Cornalia, 1849)","68e8e67a-43e6-44a3-8817-dc0e6b70f973,99d66b6c-9087-452f-a9d4-f15f2c2d0e7e",NA,"1cfca87c-083e-4d67-8e60-cb7d311f6058","b2a3198c-ca1b-40e5-890f-46b4021d623b",NA,NA,"ICZN","Bajo de las Piedras, km 25 de la Carretera Salsedo-Tena",NA,NA,NA,NA,"Museum of Comparative Zoology, Harvard University",NA,NA,NA,NA,1,NA,"whole animal (ethanol)","b4640710-8e03-11d8-b956-b8a03c50a862",NA,NA,"decimal degrees","unknown",NA,NA,NA,NA,NA,NA,NA,"South America: Ecuador: Cotopaxi",NA,"GEOLocate","unverified","GEOLocate batch georeferencing, 2019-03-25","[UNDER REVIEW; GEOLOCATE_SCORE: 38; GEOLOCATE_PRECISION: Low; GEOLOCATE_NUMRESULTS: 2]",1e-05,"Brendan Haley","muse location number=ZA103951",NA,NA,NA,NA,"Animalia Chordata Amphibia Lissamphibia Anura Bufonoidea Bufonidae Atelopus ignescens",NA,NA,NA,NA,"ORCID","https://orcid.org/0000-0003-3571-804X",NA,NA,NA,NA,NA,NA,NA,NA,NA,NA,NA,NA,NA,NA,"gbif","ECU.6_1","ECU","Ecuador","Cotopaxi",NA,NA,"Provincia","Province","05","EC.CT","EC-X",-78.79666,-0.74727
"40","4912517801","Atelopus ignescens (Cornalia, 1849)","cdc,conti,gass84,gdativ","7b20c426-defe-45ff-82a2-bb00141e1e8f","e62f0c10-13a1-4306-bdad-1e0a4c27d0d0","9df8109c-684d-416b-819b-7bc09adc500b","c54097e6-0972-4acb-b849-eaeba29c917d","EC","EML","2026-07-16T09:06:33.788+00:00","2026-07-18T17:54:48.275+00:00",93,NA,"MATERIAL_SAMPLE","PRESENT",5216669,1,44,131,952,6727,2422265,5216669,5216669,"Atelopus ignescens (Cornalia, 1849)","Animalia","Chordata","Anura","Bufonidae","Atelopus","Atelopus ignescens","Atelopus","ignescens","SPECIES","ACCEPTED","CR",NA,NA,"SOUTH_AMERICA","Cotopaxi",NA,1980,1,1,"1980-01-01",1,1,NA,"2026-07-18T17:54:48.275+00:00",NA,"http://creativecommons.org/licenses/by-nc/4.0/legalcode",FALSE,"QCAZA15145","none","none",FALSE,"Bioweb","Mónica Guerra|R. Narváex|Admin",NA,"none","WGS84","Amphibia","ECU","none","none","LATIN_AMERICA","Ecuador","LATIN_AMERICA","Museo de Zoología QCAZ","QCAZA15145",NA,NA,NA,"98","RESCUED","4912517801","QCAZA","ECUADOR: Cotopaxi: Latacunga.   Latitud: -1,6284999999999998366 Longitud: -77,909666666666694823","QCAZA15145","ec.bio.spp.43074",NA,"QCAZA15145","QCAZ",NA,"Atelopus ignescens (Cornalia, 1849)","99d66b6c-9087-452f-a9d4-f15f2c2d0e7e",NA,"1f33a2dd-ea62-4da3-b6f3-6fc19d259c99","ab011792-e14a-4040-bf6e-04e2820bebad","doi:10.60545/ejgu3c","EP443(962)",NA,"Latacunga","es","PhysicalObject","Jambato toad",NA,"QCAZ",NA,"ab011792-e14a-4040-bf6e-04e2820bebad",NA,NA,NA,NA,NA,"1f33a2dd-ea62-4da3-b6f3-6fc19d259c99",NA,NA,NA,"En colección","00:00",NA,NA,NA,NA,NA,NA,NA,NA,NA,NA,NA,NA,NA,NA,NA,NA,NA,NA,NA,NA,"2024-10-28T21:40:51Z","https://patrimonio.ambiente.gob.ec/iptmae/archive.do?r=a5a6e882-b3ce-4e24-b337-33b4295d0620",NA,NA,NA,NA,NA,NA,NA,NA,NA,NA,NA,NA,NA,NA,NA,NA,NA,NA,"gbif","ECU.6_1","ECU","Ecuador","Cotopaxi",NA,NA,"Provincia","Province","05","EC.CT","EC-X",-78.61782,-0.9301
"41","543498989","Atelopus ignescens (Cornalia, 1849)","gass84","cece4fc2-1fec-4bb5-a335-7252548e3f0b","66522820-055c-11d8-b84e-b8a03c50a862","a43950ae-eb88-4ef4-bfff-43bcf12885ad","66522820-055c-11d8-b84e-b8a03c50a862","US","EML","2026-07-20T10:50:11.246+00:00","2026-07-20T11:33:13.830+00:00",497,NA,"PRESERVED_SPECIMEN","PRESENT",5216669,1,44,131,952,6727,2422265,5216669,5216669,"Atelopus ignescens (Cornalia, 1849)","Animalia","Chordata","Anura","Bufonidae","Atelopus","Atelopus ignescens","Atelopus","ignescens","SPECIES","ACCEPTED","CR",NA,10157,"SOUTH_AMERICA","Cotopaxi Prov.",NA,1980,4,2,"1980-04-02",93,93,"2024-01-04T14:21:00.000+00:00","2026-07-20T11:33:13.830+00:00",NA,"http://creativecommons.org/publicdomain/zero/1.0/legalcode",FALSE,"urn:catalog:CAS:HERP:152054","none","none",FALSE,NA,"J.E. Simmons, C. Galarza, R. Galarza, S. Galarza, G. Barcia",NA,"none","WGS84","Amphibia","ECU","none","none","LATIN_AMERICA","Ecuador","NORTH_AMERICA",NA,"urn:catalog:CAS:HERP:152054",NA,NA,"2 Apr 1980","497",NA,"543498989","HERP","Ecuador: Cotopoxi Prov: ca. Parque Nacional de Cotopoxi, +/- 3320 m","urn:catalog:CAS:HERP:152054",NA,NA,"152054","CAS",NA,"Atelopus ignescens (Cornalia, 1849)","68e8e67a-43e6-44a3-8817-dc0e6b70f973,99d66b6c-9087-452f-a9d4-f15f2c2d0e7e",3320,"d2a27206-87ab-47ea-b5fc-d2e57054b688","ba09c323-3cf8-4e82-900f-23f2bdb46f17",NA,"JES-1369",NA,"Ca Parque Nacional de Cotopoxi",NA,NA,NA,NA,NA,NA,"http://grscicoll.org/institutional-collection/herpetology-0",NA,"Under rocks and crawling about paramo by day.",NA,NA,"Alcohol","http://grbio.org/institution/california-academy-sciences",NA,NA,"DD",NA,NA,NA,NA,NA,NA,NA,NA,"South America; Ecuador; Cotopaxi Prov.",NA,NA,NA,"Rand McNally New Millenium Atlas",NA,NA,NA,NA,NA,NA,NA,"ca 3320 m","Animalia; Chordata; Amphibia; Anura; Bufonidae",NA,NA,NA,NA,NA,NA,NA,NA,NA,NA,NA,NA,NA,NA,NA,NA,NA,NA,NA,NA,"gbif","ECU.6_1","ECU","Ecuador","Cotopaxi",NA,NA,"Provincia","Province","05","EC.CT","EC-X",-78.471,-0.643
"42","1987035495","Atelopus ignescens (Cornalia, 1849)","cdc,conti","8e479b8f-ac16-4bed-a11a-bc7e27c31663","6ea87510-0561-11d8-b851-b8a03c50a862","cfbb523a-883c-48db-8258-dcfe32b11d64","a5486e02-d249-4809-9273-deac47fb11e0","US","EML","2026-07-20T12:03:10.614+00:00","2026-07-20T12:14:35.123+00:00",498,NA,"PRESERVED_SPECIMEN","PRESENT",5216669,1,44,131,952,6727,2422265,5216669,5216669,"Atelopus ignescens (Cornalia, 1849)","Animalia","Chordata","Anura","Bufonidae","Atelopus","Atelopus ignescens","Atelopus","ignescens","SPECIES","ACCEPTED","CR",NA,3036,"SOUTH_AMERICA","Napo",NA,1980,4,14,"1980-04-14",105,105,"2016-12-25T11:45:38.000+00:00","2026-07-20T12:14:35.123+00:00",NA,"http://creativecommons.org/licenses/by/4.0/legalcode",FALSE,"0cebfc12-3185-43bf-a5cb-e4bbf47c706d","none","none",FALSE,"University of Michigan Museum of Zoology, Division of Reptiles & Amphibians","R S VOSS",NA,"none","WGS84","Amphibia","ECU","none","none","LATIN_AMERICA","Ecuador","NORTH_AMERICA","The Regents of the University of Michigan","0cebfc12-3185-43bf-a5cb-e4bbf47c706d",NA,NA,NA,"498",NA,"1987035495","UMMZ-Herps",NA,"0cebfc12-3185-43bf-a5cb-e4bbf47c706d",NA,NA,"172161","UMMZ",NA,"Atelopus ignescens (Cornalia, 1849)","68e8e67a-43e6-44a3-8817-dc0e6b70f973,8e30b684-6a54-4aba-aa73-66201c2c736e,99d66b6c-9087-452f-a9d4-f15f2c2d0e7e",NA,"2a508411-2acd-45df-8a8b-00094ac65f87","93b0c64c-ff9d-429b-81ca-ad651820ce66",NA,NA,NA,"6.2 KM BY ROAD W OF PAPALLACTA ELEV 3600 M","en","PhysicalObject",NA,NA,NA,NA,"https://scientific-collections.gbif.org/collection/93b0c64c-ff9d-429b-81ca-ad651820ce66",NA,NA,3,NA,"FLUID - 3","https://scientific-collections.gbif.org/institution/2a508411-2acd-45df-8a8b-00094ac65f87",NA,NA,NA,"in collection",NA,"SMALL BLACK TADPOLES",NA,NA,NA,NA,NA,"ECUADOR, NAPO","2016-05-03","Geolocate Web",NA,NA,NA,NA,"Helen Huetteman",NA,"A15",NA,NA,NA,NA,NA,NA,NA,"PLACED MARKER CORRECT DISTANCE W",NA,NA,NA,NA,NA,NA,NA,NA,NA,NA,NA,NA,NA,NA,NA,NA,"gbif","ECU.16_1","ECU","Ecuador","Napo",NA,NA,"Provincia","Province","15","EC.NA","EC-N",-78.170856,-0.377439
"43","686899854","Atelopus ignescens (Cornalia, 1849)","rdativ","dce00a1f-f6b4-4e11-9771-92c62c40ad80","b554c320-0560-11d8-b851-b8a03c50a862","c1a14752-1025-417a-b729-8caeb7af6b73","b554c320-0560-11d8-b851-b8a03c50a862","US","DWC_ARCHIVE","2026-07-21T18:01:54.001+00:00","2026-07-21T20:05:12.147+00:00",516,NA,"PRESERVED_SPECIMEN","PRESENT",5216669,1,44,131,952,6727,2422265,5216669,5216669,"Atelopus ignescens (Cornalia, 1849)","Animalia","Chordata","Anura","Bufonidae","Atelopus","Atelopus ignescens","Atelopus","ignescens","SPECIES","ACCEPTED","CR",NA,5.12,"SOUTH_AMERICA","Bolivar",NA,1980,6,NA,"1980-06",NA,NA,"2004-02-25T03:13:28.000+00:00","2026-07-21T20:05:12.147+00:00",NA,"http://creativecommons.org/licenses/by/4.0/legalcode",FALSE,"bdec3156-b069-11e3-8cfe-90b11c41863e","none","none",FALSE,"University of Kansas Biodiversity Institute Herpetology Collection",NA,NA,"none","WGS84","Amphibia","ECU","none","none","LATIN_AMERICA","Ecuador","NORTH_AMERICA",NA,"bdec3156-b069-11e3-8cfe-90b11c41863e",NA,NA,NA,"516",NA,"686899854","KUH",NA,"bdec3156-b069-11e3-8cfe-90b11c41863e",NA,NA,"193267","KU",NA,"Atelopus ignescens (Cornalia, 1849)","68e8e67a-43e6-44a3-8817-dc0e6b70f973,8e30b684-6a54-4aba-aa73-66201c2c736e,99d66b6c-9087-452f-a9d4-f15f2c2d0e7e",NA,"49fb6451-91b7-4af2-8cd3-354539a77589","04e4cd0c-fea1-47a9-bed4-e318c748719f","6b6997ca-c180-11e3-a896-90b11c41863e",NA,NA,"ca Guaranda",NA,NA,NA,NA,NA,"http://biodiversity.ku.edu/research/university-kansas-biodiversity-institute-data-publication-and-use-norms",NA,NA,NA,NA,NA,"ETOH","http://grbio.org/cool/iakn-125z",NA,NA,NA,NA,NA,NA,NA,NA,NA,NA,NA,"Ecuador, Bolivar","23/09/2003","MaNIS/HerpNET/ORNIS Georeferencing Guidelines","Unverified","Alexandria Digital Library",NA,NA,NA,NA,NA,NA,NA,NA,NA,NA,NA,NA,NA,NA,NA,NA,NA,NA,NA,NA,NA,NA,NA,NA,NA,NA,NA,NA,NA,"gbif","ECU.2_1","ECU","Ecuador","Bolivar",NA,NA,"Provincia","Province","02","EC.BO","EC-B",-79,-1.6
"44","4912507958","Atelopus ignescens (Cornalia, 1849)","cdc,conti,rdativ","7b20c426-defe-45ff-82a2-bb00141e1e8f","e62f0c10-13a1-4306-bdad-1e0a4c27d0d0","9df8109c-684d-416b-819b-7bc09adc500b","c54097e6-0972-4acb-b849-eaeba29c917d","EC","EML","2026-07-16T09:06:33.788+00:00","2026-07-18T17:54:44.554+00:00",93,NA,"MATERIAL_SAMPLE","PRESENT",5216669,1,44,131,952,6727,2422265,5216669,5216669,"Atelopus ignescens (Cornalia, 1849)","Animalia","Chordata","Anura","Bufonidae","Atelopus","Atelopus ignescens","Atelopus","ignescens","SPECIES","ACCEPTED","CR",NA,NA,"SOUTH_AMERICA","Pichincha",NA,1979,1,11,"1979-01-11",11,11,NA,"2026-07-18T17:54:44.554+00:00",NA,"http://creativecommons.org/licenses/by-nc/4.0/legalcode",FALSE,"QCAZA24927","none","none",FALSE,"Bioweb","Pablo Menéndez|Luis Coloma|Admin","Luis Coloma","none","WGS84","Amphibia","ECU","none","none","LATIN_AMERICA","Ecuador","LATIN_AMERICA","Museo de Zoología QCAZ","QCAZA24927",NA,NA,NA,"98","RESCUED","4912507958","QCAZA","ECUADOR: Pichincha: Pasochoa, cráter.","QCAZA24927","ec.bio.spp.43074",NA,"QCAZA24927","QCAZ",NA,"Atelopus ignescens (Cornalia, 1849)","99d66b6c-9087-452f-a9d4-f15f2c2d0e7e",NA,"1f33a2dd-ea62-4da3-b6f3-6fc19d259c99","ab011792-e14a-4040-bf6e-04e2820bebad","doi:10.60545/ejgu3c","EP444",NA,"Cráter de Pasochoa","es","PhysicalObject","Jambato toad",NA,"QCAZ",NA,"ab011792-e14a-4040-bf6e-04e2820bebad",NA,NA,NA,NA,NA,"1f33a2dd-ea62-4da3-b6f3-6fc19d259c99",NA,NA,NA,"En colección","00:00",NA,NA,NA,NA,NA,NA,NA,NA,NA,NA,NA,NA,NA,NA,NA,NA,NA,NA,NA,NA,"2024-10-28T21:40:51Z","https://patrimonio.ambiente.gob.ec/iptmae/archive.do?r=a5a6e882-b3ce-4e24-b337-33b4295d0620",NA,NA,NA,NA,NA,NA,NA,NA,NA,NA,NA,NA,NA,NA,NA,NA,NA,NA,"gbif","ECU.19_1","ECU","Ecuador","Pichincha",NA,NA,"Provincia","Province","17","EC.PI","EC-P",-78.48,-0.465
"45","657482500","Atelopus ignescens (Cornalia, 1849)","","7a25f7aa-03fb-4322-aaeb-66719e1a9527","493fe050-055d-11d8-b84f-b8a03c50a862","a957a663-2f17-415f-b1c8-5cf6398df8ed","2053a639-84c3-4be5-b8bc-96b6d88a976c","US","EML","2026-07-14T11:20:15.120+00:00","2026-07-18T22:06:50.364+00:00",437,NA,"PRESERVED_SPECIMEN","PRESENT",5216669,1,44,131,952,6727,2422265,5216669,5216669,"Atelopus ignescens (Cornalia, 1849)","Animalia","Chordata","Anura","Bufonidae","Atelopus","Atelopus ignescens","Atelopus","ignescens","SPECIES","ACCEPTED","CR",NA,NA,"SOUTH_AMERICA","Pichincha",NA,1979,2,22,"1979-02-22",53,53,"2026-03-12T00:00:00.000+00:00","2026-07-18T22:06:50.364+00:00","http://portal.vertnet.org/o/lacm/herps?id=b61776f5-5274-4f07-9561-d47fcd90140b","http://creativecommons.org/publicdomain/zero/1.0/legalcode",FALSE,"b61776f5-5274-4f07-9561-d47fcd90140b","none","none",FALSE,"LACM Vertebrates","via Holly Starrett","Juan P. Ramirez","none","WGS84","Amphibia","ECU","none","none","LATIN_AMERICA","Ecuador","NORTH_AMERICA",NA,"b61776f5-5274-4f07-9561-d47fcd90140b",NA,NA,NA,"447",NA,"657482500","Herps","| South America | Ecuador | Pichincha |  |   18.7 km W Papallacta (by rd), Paramo, Loc.10","b61776f5-5274-4f07-9561-d47fcd90140b",NA,NA,"140021","LACM",NA,"Atelopus ignescens (Cornalia, 1849)","68e8e67a-43e6-44a3-8817-dc0e6b70f973,99d66b6c-9087-452f-a9d4-f15f2c2d0e7e",3598,"2fc908ba-e775-49e2-bffe-6b9041c3b70f","8fe11fb0-4836-4ba9-8c0e-ee6540cb54c9",NA,"USC 4019","ICZN","18.7 km W Papallacta (by rd), Paramo, Loc.10","en","PhysicalObject",NA,NA,NA,"http://vertnet.org/resources/norms.html","https://scientific-collections.gbif.org/collection/8fe11fb0-4836-4ba9-8c0e-ee6540cb54c9",NA,NA,1,0,NA,"https://scientific-collections.gbif.org/institution/2fc908ba-e775-49e2-bffe-6b9041c3b70f",NA,NA,"degrees minutes seconds",NA,NA,"stream flow below surface and on surface.  ID updated by Juan P. Ramirez San Diego State University (02/06/2024) from Atelopus sp. to Atelopus ignescens.  ID justification: Identified as this species using Peters (1973)´s key, with spiculae on the chest and posterior throat forming a ~upside down triangle shape, uniform black dorsum, flanks with large round tubercles with coni.  ID reference: Peters JA (1973) The frog genus Atelopus in Ecuador (Anura, Bufonidae). Smithsonian Contributions in Zoology 145: 1–4.",NA,NA,NA,NA,NA,"South America|Ecuador|Pichincha",NA,"VertNet Georeferencing Guidelines",NA,NA,NA,NA,NA,NA,NA,NA,NA,"3598","Animalia | Chordata | Amphibia | Anura | Bufonidae | Atelopus",NA,NA,"native",NA,NA,NA,NA,NA,NA,1,"individuals","b61776f5-5274-4f07-9561-d47fcd90140b. LACM Vertebrates. http://ipt.vertnet.org:8080/ipt/resource.do?r=lacm_verts.",NA,NA,NA,NA,NA,NA,NA,NA,"gbif","ECU.19_1","ECU","Ecuador","Pichincha",NA,NA,"Provincia","Province","17","EC.PI","EC-P",-78.23,-0.3
"46","1320875971","Atelopus ignescens (Cornalia, 1849)","gass84,gdativ,osiic","821cc27a-e3bb-4bc5-ac34-89ada245069d","bc092ff0-02e4-11dc-991f-b8a03c50a862","b2ff19b5-d74f-40d2-82f1-ec5db01e8e31","bc092ff0-02e4-11dc-991f-b8a03c50a862","US","EML","2026-07-16T13:39:50.656+00:00","2026-07-18T17:30:11.048+00:00",514,NA,"PRESERVED_SPECIMEN","PRESENT",5216669,1,44,131,952,6727,2422265,5216669,5216669,"Atelopus ignescens (Cornalia, 1849)","Animalia","Chordata","Anura","Bufonidae","Atelopus","Atelopus ignescens","Atelopus","ignescens","SPECIES","ACCEPTED","CR",NA,2394,"SOUTH_AMERICA","Pichincha",NA,1979,2,22,"1979-02-22",53,53,"2023-07-05T15:13:00.000+00:00","2026-07-18T17:30:11.048+00:00",NA,"http://creativecommons.org/publicdomain/zero/1.0/legalcode",FALSE,"http://n2t.net/ark:/65665/3a27a7e03-4809-436b-a58c-6d5831b66e2b","none","none",FALSE,"NMNH Extant Biology",NA,NA,"none","WGS84","Amphibia","ECU","none","none","LATIN_AMERICA","Ecuador","NORTH_AMERICA",NA,"http://n2t.net/ark:/65665/3a27a7e03-4809-436b-a58c-6d5831b66e2b",NA,NA,"22 Feb 1979; 15:00 hrs","514",NA,"1320875971","HERP",NA,"http://n2t.net/ark:/65665/3a27a7e03-4809-436b-a58c-6d5831b66e2b",NA,NA,"USNM 286052","USNM",NA,"Atelopus ignescens (Cornalia, 1849)","68e8e67a-43e6-44a3-8817-dc0e6b70f973,99d66b6c-9087-452f-a9d4-f15f2c2d0e7e",3631,"586ee56e-b0fe-4dff-b7f9-aeb104f3308a","f34f47db-05bd-4cb7-9d43-691f029b68cc",NA,NA,NA,"Papallacta, 18.7 km (by road) W of",NA,NA,NA,NA,NA,NA,"urn:uuid:cc104cbf-fd8e-4801-9b71-36731a7db1a0",NA,NA,1,0,"Ethanol","urn:lsid:biocol.org:col:34871",NA,NA,NA,NA,NA,NA,NA,NA,NA,NA,NA,"South America, Ecuador, Pichincha",NA,"Map SA17-4 (Quito) map 1:250,000. IGM Ecuador, MaNIS/HerpNET/ORNIS Georeferencing Guidelines",NA,NA,"Locality extent = 2",NA,NA,NA,NA,NA,NA,"3631 m","Animalia, Chordata, Vertebrata, Amphibia, Anura, Bufonidae",NA,NA,NA,NA,NA,NA,NA,NA,NA,NA,NA,NA,NA,NA,NA,NA,NA,NA,NA,NA,"gbif","ECU.19_1","ECU","Ecuador","Pichincha",NA,NA,"Provincia","Province","17","EC.PI","EC-P",-78.2331,-0.3
"47","4912507960","Atelopus ignescens (Cornalia, 1849)","cdc,conti,gass84,gdativ","7b20c426-defe-45ff-82a2-bb00141e1e8f","e62f0c10-13a1-4306-bdad-1e0a4c27d0d0","9df8109c-684d-416b-819b-7bc09adc500b","c54097e6-0972-4acb-b849-eaeba29c917d","EC","EML","2026-07-16T09:06:33.788+00:00","2026-07-18T17:54:46.313+00:00",93,NA,"MATERIAL_SAMPLE","PRESENT",5216669,1,44,131,952,6727,2422265,5216669,5216669,"Atelopus ignescens (Cornalia, 1849)","Animalia","Chordata","Anura","Bufonidae","Atelopus","Atelopus ignescens","Atelopus","ignescens","SPECIES","ACCEPTED","CR",NA,NA,"SOUTH_AMERICA","Napo",NA,1979,4,15,"1979-04-15",105,105,NA,"2026-07-18T17:54:46.313+00:00",NA,"http://creativecommons.org/licenses/by-nc/4.0/legalcode",FALSE,"QCAZA24925","none","none",FALSE,"Bioweb","Pablo Menéndez|Luis Coloma|Eduardo Asanza|Admin","Luis Coloma","none","WGS84","Amphibia","ECU","none","none","LATIN_AMERICA","Ecuador","LATIN_AMERICA","Museo de Zoología QCAZ","QCAZA24925",NA,NA,NA,"98","RESCUED","4912507960","QCAZA","ECUADOR: Napo: Páramo del Antisana.  Altitud: 4200msnm -","QCAZA24925","ec.bio.spp.43074",NA,"QCAZA24925","QCAZ",NA,"Atelopus ignescens (Cornalia, 1849)","99d66b6c-9087-452f-a9d4-f15f2c2d0e7e",4200,"1f33a2dd-ea62-4da3-b6f3-6fc19d259c99","ab011792-e14a-4040-bf6e-04e2820bebad","doi:10.60545/ejgu3c","EP397",NA,"Páramo del Antisana","es","PhysicalObject","Jambato toad",NA,"QCAZ",NA,"ab011792-e14a-4040-bf6e-04e2820bebad",NA,NA,NA,0,NA,"1f33a2dd-ea62-4da3-b6f3-6fc19d259c99",NA,NA,NA,"En colección","00:00",NA,NA,NA,NA,NA,NA,NA,NA,NA,NA,NA,NA,NA,NA,NA,NA,NA,NA,"4200",NA,"2024-10-28T21:40:51Z","https://patrimonio.ambiente.gob.ec/iptmae/archive.do?r=a5a6e882-b3ce-4e24-b337-33b4295d0620",NA,NA,NA,NA,NA,NA,NA,NA,NA,NA,NA,NA,NA,NA,NA,NA,NA,NA,"gbif","ECU.16_1","ECU","Ecuador","Napo",NA,NA,"Provincia","Province","15","EC.NA","EC-N",-78.20166,-0.494659
"48","686885050","Atelopus ignescens (Cornalia, 1849)","gass84,gdativ,rdativ","dce00a1f-f6b4-4e11-9771-92c62c40ad80","b554c320-0560-11d8-b851-b8a03c50a862","c1a14752-1025-417a-b729-8caeb7af6b73","b554c320-0560-11d8-b851-b8a03c50a862","US","DWC_ARCHIVE","2026-07-21T18:01:54.001+00:00","2026-07-21T20:05:21.929+00:00",516,NA,"PRESERVED_SPECIMEN","PRESENT",5216669,1,44,131,952,6727,2422265,5216669,5216669,"Atelopus ignescens (Cornalia, 1849)","Animalia","Chordata","Anura","Bufonidae","Atelopus","Atelopus ignescens","Atelopus","ignescens","SPECIES","ACCEPTED","CR",NA,7.12,"SOUTH_AMERICA","Chimborazo",NA,1978,1,8,"1978-01-08",8,8,"2000-11-28T12:49:15.000+00:00","2026-07-21T20:05:21.929+00:00",NA,"http://creativecommons.org/licenses/by/4.0/legalcode",FALSE,"bd1581da-b069-11e3-8cfe-90b11c41863e","none","none",FALSE,"University of Kansas Biodiversity Institute Herpetology Collection",NA,NA,"none","WGS84","Amphibia","ECU","none","none","LATIN_AMERICA","Ecuador","NORTH_AMERICA",NA,"bd1581da-b069-11e3-8cfe-90b11c41863e",NA,NA,NA,"516",NA,"686885050","KUH",NA,"bd1581da-b069-11e3-8cfe-90b11c41863e",NA,NA,"178361","KU",NA,"Atelopus ignescens (Cornalia, 1849)","68e8e67a-43e6-44a3-8817-dc0e6b70f973,8e30b684-6a54-4aba-aa73-66201c2c736e,99d66b6c-9087-452f-a9d4-f15f2c2d0e7e",NA,"49fb6451-91b7-4af2-8cd3-354539a77589","04e4cd0c-fea1-47a9-bed4-e318c748719f","6b6997ca-c180-11e3-a896-90b11c41863e",NA,NA,"3 km S Guamote",NA,NA,NA,NA,NA,"http://biodiversity.ku.edu/research/university-kansas-biodiversity-institute-data-publication-and-use-norms",NA,NA,NA,NA,NA,"ETOH","http://grbio.org/cool/iakn-125z",NA,NA,NA,NA,NA,NA,NA,NA,NA,NA,NA,"Ecuador, Chimborazo","27/09/2004","MaNIS/HerpNET/ORNIS Georeferencing Guidelines","Unverified","Mapa Geografico del Ecuador 1:500,000; IGM Ecuador","assumed on road to Alausi",NA,NA,NA,NA,NA,NA,NA,NA,NA,NA,NA,NA,NA,NA,NA,NA,NA,NA,NA,NA,NA,NA,NA,NA,NA,NA,NA,NA,"gbif","ECU.5_1","ECU","Ecuador","Chimborazo",NA,NA,"Provincia","Province","06","EC.CB","EC-H",-78.7,-1.95
"49","686886973","Atelopus ignescens (Cornalia, 1849)","cdround,gass84,gdativ,rdativ","dce00a1f-f6b4-4e11-9771-92c62c40ad80","b554c320-0560-11d8-b851-b8a03c50a862","c1a14752-1025-417a-b729-8caeb7af6b73","b554c320-0560-11d8-b851-b8a03c50a862","US","DWC_ARCHIVE","2026-07-21T18:01:54.001+00:00","2026-07-21T20:05:11.758+00:00",516,NA,"PRESERVED_SPECIMEN","PRESENT",5216669,1,44,131,952,6727,2422265,5216669,5216669,"Atelopus ignescens (Cornalia, 1849)","Animalia","Chordata","Anura","Bufonidae","Atelopus","Atelopus ignescens","Atelopus","ignescens","SPECIES","ACCEPTED","CR",NA,5.72,"SOUTH_AMERICA","Chimborazo",NA,1978,1,9,"1978-01-09",9,9,"2025-11-19T15:13:11.000+00:00","2026-07-21T20:05:11.758+00:00",NA,"http://creativecommons.org/licenses/by/4.0/legalcode",FALSE,"bd302f0c-b069-11e3-8cfe-90b11c41863e","none","none",FALSE,"University of Kansas Biodiversity Institute Herpetology Collection",NA,NA,"none","WGS84","Amphibia","ECU","none","none","LATIN_AMERICA","Ecuador","NORTH_AMERICA",NA,"bd302f0c-b069-11e3-8cfe-90b11c41863e",NA,NA,NA,"516",NA,"686886973","KUH",NA,"bd302f0c-b069-11e3-8cfe-90b11c41863e",NA,NA,"180276","KU",NA,"Atelopus ignescens (Cornalia, 1849)","68e8e67a-43e6-44a3-8817-dc0e6b70f973,8e30b684-6a54-4aba-aa73-66201c2c736e,99d66b6c-9087-452f-a9d4-f15f2c2d0e7e",NA,"49fb6451-91b7-4af2-8cd3-354539a77589","04e4cd0c-fea1-47a9-bed4-e318c748719f","6b6997ca-c180-11e3-a896-90b11c41863e",NA,NA,"7.9 km W (by road) San Juan",NA,NA,NA,NA,NA,"http://biodiversity.ku.edu/research/university-kansas-biodiversity-institute-data-publication-and-use-norms",NA,NA,NA,NA,NA,"formalin","http://grbio.org/cool/iakn-125z",NA,NA,NA,NA,NA,NA,"Indeterminate",NA,NA,NA,NA,"Ecuador, Chimborazo","27/09/2004","MaNIS/HerpNET/ORNIS Georeferencing Guidelines","Unverified","Mapa Geografico del Ecuador 1:500,000; IGM Ecuador","assumed on road to Guaranda",NA,NA,NA,NA,NA,NA,NA,NA,NA,NA,NA,NA,NA,NA,NA,NA,NA,NA,NA,NA,NA,NA,NA,NA,NA,NA,NA,NA,"gbif","ECU.5_1","ECU","Ecuador","Chimborazo",NA,NA,"Provincia","Province","06","EC.CB","EC-H",-78.833333,-1.633333
"50","476610951","Atelopus ignescens (Cornalia, 1849)","colmafu,inmafu","4bfac3ea-8763-4f4b-a71a-76a6f5f243d3","b4640710-8e03-11d8-b956-b8a03c50a862","b0f5183c-5ed0-47f4-b75f-65e0c1036cb5","b4640710-8e03-11d8-b956-b8a03c50a862","US","EML","2026-07-14T17:47:44.213+00:00","2026-07-18T21:39:14.080+00:00",727,NA,"PRESERVED_SPECIMEN","PRESENT",5216669,1,44,131,952,6727,2422265,5216669,5216669,"Atelopus ignescens (Cornalia, 1849)","Animalia","Chordata","Anura","Bufonidae","Atelopus","Atelopus ignescens","Atelopus","ignescens","SPECIES","ACCEPTED","CR",NA,5165,"SOUTH_AMERICA","Napo",NA,1978,4,9,"1978-04-09",99,99,"2024-12-20T16:10:47.000+00:00","2026-07-18T21:39:14.080+00:00","http://mczbase.mcz.harvard.edu/guid/MCZ:Herp:A-95679","http://creativecommons.org/licenses/by-nc/4.0/legalcode",FALSE,"MCZ:Herp:A-95679","none","none",FALSE,NA,"Kenneth I. Miyata","Catalog","none","WGS84","Amphibia","ECU","none","none","LATIN_AMERICA","Ecuador","NORTH_AMERICA","President and Fellows of Harvard College","MCZ:Herp:A-95679",NA,NA,"9/4/1978-9/4/1978","727",NA,"476610951","Herp","Ecuador: Napo: 25.8 km. E. Pifo on rd to Coca","MCZ:Herp:A-95679",NA,NA,"A-95679","MCZ",NA,"Atelopus ignescens (Cornalia, 1849)","68e8e67a-43e6-44a3-8817-dc0e6b70f973,99d66b6c-9087-452f-a9d4-f15f2c2d0e7e",NA,"1cfca87c-083e-4d67-8e60-cb7d311f6058","b2a3198c-ca1b-40e5-890f-46b4021d623b",NA,NA,"ICZN","25.8 km E Pifo on rd to Coca",NA,NA,NA,NA,"Museum of Comparative Zoology, Harvard University",NA,NA,NA,NA,1,NA,"whole animal (ethanol)","b4640710-8e03-11d8-b956-b8a03c50a862",NA,NA,"decimal degrees","in collection",NA,NA,NA,NA,NA,NA,NA,"South America: Ecuador: Napo",NA,"MaNIS/HerpNET/ORNIS Georeferencing Guidelines","unverified","Map SA17-4 (Quito) map 1:250,000. IGM Ecuador",NA,1e-05,"Elisa Bonaccorso","field number=MCZ FS-86282|muse location number=ZA95679","MCZ FS-86282","http://vocab.getty.edu/tgn/1001446",NA,NA,"Animalia Chordata Amphibia Lissamphibia Anura Bufonoidea Bufonidae Atelopus ignescens",NA,NA,NA,NA,NA,NA,NA,NA,NA,NA,NA,NA,NA,NA,NA,NA,NA,NA,NA,NA,"gbif","ECU.16_1","ECU","Ecuador","Napo",NA,NA,"Provincia","Province","15","EC.NA","EC-N",-78.19392,-0.3687
"51","1987172433","Atelopus ignescens (Cornalia, 1849)","cdc,conti","8e479b8f-ac16-4bed-a11a-bc7e27c31663","6ea87510-0561-11d8-b851-b8a03c50a862","cfbb523a-883c-48db-8258-dcfe32b11d64","a5486e02-d249-4809-9273-deac47fb11e0","US","EML","2026-07-20T12:03:10.614+00:00","2026-07-20T12:14:41.636+00:00",498,NA,"PRESERVED_SPECIMEN","PRESENT",5216669,1,44,131,952,6727,2422265,5216669,5216669,"Atelopus ignescens (Cornalia, 1849)","Animalia","Chordata","Anura","Bufonidae","Atelopus","Atelopus ignescens","Atelopus","ignescens","SPECIES","ACCEPTED","CR",NA,8514,"SOUTH_AMERICA","Napo",NA,1978,5,8,"1978-05-08",128,128,"2016-12-25T16:28:25.000+00:00","2026-07-20T12:14:41.636+00:00",NA,"http://creativecommons.org/licenses/by/4.0/legalcode",FALSE,"b7d0438c-dc58-4122-b2d4-716ae64b00c6","none","none",FALSE,"University of Michigan Museum of Zoology, Division of Reptiles & Amphibians","R S VOSS & F GREENE",NA,"none","WGS84","Amphibia","ECU","none","none","LATIN_AMERICA","Ecuador","NORTH_AMERICA","The Regents of the University of Michigan","b7d0438c-dc58-4122-b2d4-716ae64b00c6",NA,NA,NA,"498",NA,"1987172433","UMMZ-Herps",NA,"b7d0438c-dc58-4122-b2d4-716ae64b00c6",NA,NA,"153113","UMMZ",NA,"Atelopus ignescens (Cornalia, 1849)","68e8e67a-43e6-44a3-8817-dc0e6b70f973,8e30b684-6a54-4aba-aa73-66201c2c736e,99d66b6c-9087-452f-a9d4-f15f2c2d0e7e",NA,"2a508411-2acd-45df-8a8b-00094ac65f87","93b0c64c-ff9d-429b-81ca-ad651820ce66",NA,NA,NA,"8.9 KM W PAPALLACTA 12480FT","en","PhysicalObject",NA,NA,NA,NA,"https://scientific-collections.gbif.org/collection/93b0c64c-ff9d-429b-81ca-ad651820ce66",NA,NA,1,NA,"FLUID - 1","https://scientific-collections.gbif.org/institution/2a508411-2acd-45df-8a8b-00094ac65f87",NA,NA,NA,"in collection",NA,"NTD IN FIELD NOTES ON FILE",NA,NA,NA,NA,NA,"ECUADOR, NAPO","2016-05-03","Geolocate Web",NA,NA,NA,NA,"Helen Huetteman",NA,"RSV 102",NA,NA,NA,NA,NA,NA,NA,NA,NA,NA,NA,NA,NA,NA,NA,NA,NA,NA,NA,NA,NA,NA,NA,NA,"gbif","ECU.16_1","ECU","Ecuador","Napo",NA,NA,"Provincia","Province","15","EC.NA","EC-N",-78.219712,-0.371603
"52","1987134076","Atelopus ignescens (Cornalia, 1849)","cdc,conti","8e479b8f-ac16-4bed-a11a-bc7e27c31663","6ea87510-0561-11d8-b851-b8a03c50a862","cfbb523a-883c-48db-8258-dcfe32b11d64","a5486e02-d249-4809-9273-deac47fb11e0","US","EML","2026-07-20T12:03:10.614+00:00","2026-07-20T12:14:57.322+00:00",498,NA,"PRESERVED_SPECIMEN","PRESENT",5216669,1,44,131,952,6727,2422265,5216669,5216669,"Atelopus ignescens (Cornalia, 1849)","Animalia","Chordata","Anura","Bufonidae","Atelopus","Atelopus ignescens","Atelopus","ignescens","SPECIES","ACCEPTED","CR",NA,4366,"SOUTH_AMERICA","Napo",NA,1978,6,10,"1978-06-10",161,161,"2016-12-25T16:28:23.000+00:00","2026-07-20T12:14:57.322+00:00",NA,"http://creativecommons.org/licenses/by/4.0/legalcode",FALSE,"85118b0b-3d35-4c7c-ad09-d024273ef1d7","none","none",FALSE,"University of Michigan Museum of Zoology, Division of Reptiles & Amphibians","R S VOSS & D SCHULTER",NA,"none","WGS84","Amphibia","ECU","none","none","LATIN_AMERICA","Ecuador","NORTH_AMERICA","The Regents of the University of Michigan","85118b0b-3d35-4c7c-ad09-d024273ef1d7",NA,NA,NA,"498",NA,"1987134076","UMMZ-Herps",NA,"85118b0b-3d35-4c7c-ad09-d024273ef1d7",NA,NA,"153115","UMMZ",NA,"Atelopus ignescens (Cornalia, 1849)","68e8e67a-43e6-44a3-8817-dc0e6b70f973,8e30b684-6a54-4aba-aa73-66201c2c736e,99d66b6c-9087-452f-a9d4-f15f2c2d0e7e",NA,"2a508411-2acd-45df-8a8b-00094ac65f87","93b0c64c-ff9d-429b-81ca-ad651820ce66",NA,NA,NA,"6.9 KM W BY RD PAPALLACTA","en","PhysicalObject",NA,NA,NA,NA,"https://scientific-collections.gbif.org/collection/93b0c64c-ff9d-429b-81ca-ad651820ce66",NA,NA,1,NA,"FLUID - 1","https://scientific-collections.gbif.org/institution/2a508411-2acd-45df-8a8b-00094ac65f87",NA,NA,NA,"in collection",NA,"NTD IN FIELD NOTES ON FILE",NA,NA,NA,NA,NA,"ECUADOR, NAPO","2016-05-03","Geolocate Web",NA,NA,NA,NA,"Helen Huetteman",NA,"RSV 168",NA,NA,NA,NA,NA,NA,NA,"PLACED MARKER CORRECT DISTANCE W",NA,NA,NA,NA,NA,NA,NA,NA,NA,NA,NA,NA,NA,NA,NA,NA,"gbif","ECU.16_1","ECU","Ecuador","Napo",NA,NA,"Provincia","Province","15","EC.NA","EC-N",-78.173774,-0.377439
"53","686885028","Atelopus ignescens (Cornalia, 1849)","rdativ","dce00a1f-f6b4-4e11-9771-92c62c40ad80","b554c320-0560-11d8-b851-b8a03c50a862","c1a14752-1025-417a-b729-8caeb7af6b73","b554c320-0560-11d8-b851-b8a03c50a862","US","DWC_ARCHIVE","2026-07-21T18:01:54.001+00:00","2026-07-21T20:05:21.845+00:00",516,NA,"PRESERVED_SPECIMEN","PRESENT",5216669,1,44,131,952,6727,2422265,5216669,5216669,"Atelopus ignescens (Cornalia, 1849)","Animalia","Chordata","Anura","Bufonidae","Atelopus","Atelopus ignescens","Atelopus","ignescens","SPECIES","ACCEPTED","CR",NA,6.12,"SOUTH_AMERICA","Cotopaxi",NA,1977,7,3,"1977-07-03",184,184,"2000-11-28T12:49:15.000+00:00","2026-07-21T20:05:21.845+00:00",NA,"http://creativecommons.org/licenses/by/4.0/legalcode",FALSE,"bd14f2a8-b069-11e3-8cfe-90b11c41863e","none","none",FALSE,"University of Kansas Biodiversity Institute Herpetology Collection",NA,NA,"none","WGS84","Amphibia","ECU","none","none","LATIN_AMERICA","Ecuador","NORTH_AMERICA",NA,"bd14f2a8-b069-11e3-8cfe-90b11c41863e",NA,NA,NA,"516",NA,"686885028","KUH",NA,"bd14f2a8-b069-11e3-8cfe-90b11c41863e",NA,NA,"178339","KU",NA,"Atelopus ignescens (Cornalia, 1849)","68e8e67a-43e6-44a3-8817-dc0e6b70f973,8e30b684-6a54-4aba-aa73-66201c2c736e,99d66b6c-9087-452f-a9d4-f15f2c2d0e7e",NA,"49fb6451-91b7-4af2-8cd3-354539a77589","04e4cd0c-fea1-47a9-bed4-e318c748719f","6b6997ca-c180-11e3-a896-90b11c41863e",NA,NA,"Latacunga",NA,NA,NA,NA,NA,"http://biodiversity.ku.edu/research/university-kansas-biodiversity-institute-data-publication-and-use-norms",NA,NA,NA,NA,NA,"ETOH","http://grbio.org/cool/iakn-125z",NA,NA,NA,NA,NA,NA,NA,NA,NA,NA,NA,"Ecuador, Cotopaxi","02/10/2003","MaNIS/HerpNET/ORNIS Georeferencing Guidelines","Unverified","Alexandria Digital Library",NA,NA,NA,NA,NA,NA,NA,NA,NA,NA,NA,NA,NA,NA,NA,NA,NA,NA,NA,NA,NA,NA,NA,NA,NA,NA,NA,NA,NA,"gbif","ECU.6_1","ECU","Ecuador","Cotopaxi",NA,NA,"Provincia","Province","05","EC.CT","EC-X",-78.616669,-0.933333
"54","686885029","Atelopus ignescens (Cornalia, 1849)","gass84,gdativ","dce00a1f-f6b4-4e11-9771-92c62c40ad80","b554c320-0560-11d8-b851-b8a03c50a862","c1a14752-1025-417a-b729-8caeb7af6b73","b554c320-0560-11d8-b851-b8a03c50a862","US","DWC_ARCHIVE","2026-07-21T18:01:54.001+00:00","2026-07-21T20:05:21.976+00:00",516,NA,"PRESERVED_SPECIMEN","PRESENT",5216669,1,44,131,952,6727,2422265,5216669,5216669,"Atelopus ignescens (Cornalia, 1849)","Animalia","Chordata","Anura","Bufonidae","Atelopus","Atelopus ignescens","Atelopus","ignescens","SPECIES","ACCEPTED","CR",NA,3.93,"SOUTH_AMERICA","Pichincha",NA,1977,7,7,"1977-07-07",188,188,"2025-11-19T15:13:10.000+00:00","2026-07-21T20:05:21.976+00:00",NA,"http://creativecommons.org/licenses/by/4.0/legalcode",FALSE,"bd14f6a5-b069-11e3-8cfe-90b11c41863e","none","none",FALSE,"University of Kansas Biodiversity Institute Herpetology Collection",NA,NA,"none","WGS84","Amphibia","ECU","none","none","LATIN_AMERICA","Ecuador","NORTH_AMERICA",NA,"bd14f6a5-b069-11e3-8cfe-90b11c41863e",NA,NA,NA,"516",NA,"686885029","KUH",NA,"bd14f6a5-b069-11e3-8cfe-90b11c41863e",NA,NA,"178340","KU",NA,"Atelopus ignescens (Cornalia, 1849)","68e8e67a-43e6-44a3-8817-dc0e6b70f973,8e30b684-6a54-4aba-aa73-66201c2c736e,99d66b6c-9087-452f-a9d4-f15f2c2d0e7e",NA,"49fb6451-91b7-4af2-8cd3-354539a77589","04e4cd0c-fea1-47a9-bed4-e318c748719f","6b6997ca-c180-11e3-a896-90b11c41863e",NA,NA,"1.5 km E & 3.5 km S San Juan",NA,NA,NA,NA,NA,"http://biodiversity.ku.edu/research/university-kansas-biodiversity-institute-data-publication-and-use-norms",NA,NA,NA,NA,NA,"ETOH","http://grbio.org/cool/iakn-125z",NA,NA,NA,NA,NA,NA,NA,NA,NA,NA,NA,"Ecuador, Pichincha","10/08/2004","MaNIS/HerpNET/ORNIS Georeferencing Guidelines","Unverified","Map SA17-4 (Quito) map 1:250,000. IGM Ecuador","assumed by air; original coordinates in deg,min,sec for San Juan",NA,NA,NA,NA,NA,NA,NA,NA,NA,NA,NA,NA,NA,NA,NA,NA,NA,NA,NA,NA,NA,NA,NA,NA,NA,NA,NA,NA,"gbif","ECU.19_1","ECU","Ecuador","Pichincha",NA,NA,"Provincia","Province","17","EC.PI","EC-P",-78.6093,-0.31693
"55","686885031","Atelopus ignescens (Cornalia, 1849)","cdround,gass84,gdativ","dce00a1f-f6b4-4e11-9771-92c62c40ad80","b554c320-0560-11d8-b851-b8a03c50a862","c1a14752-1025-417a-b729-8caeb7af6b73","b554c320-0560-11d8-b851-b8a03c50a862","US","DWC_ARCHIVE","2026-07-21T18:01:54.001+00:00","2026-07-21T20:05:11.639+00:00",516,NA,"PRESERVED_SPECIMEN","PRESENT",5216669,1,44,131,952,6727,2422265,5216669,5216669,"Atelopus ignescens (Cornalia, 1849)","Animalia","Chordata","Anura","Bufonidae","Atelopus","Atelopus ignescens","Atelopus","ignescens","SPECIES","ACCEPTED","CR",NA,3.29,"SOUTH_AMERICA","Napo",NA,1977,7,13,"1977-07-13",194,194,"2000-11-28T12:49:15.000+00:00","2026-07-21T20:05:11.639+00:00",NA,"http://creativecommons.org/licenses/by/4.0/legalcode",FALSE,"bd1511bb-b069-11e3-8cfe-90b11c41863e","none","none",FALSE,"University of Kansas Biodiversity Institute Herpetology Collection",NA,NA,"none","WGS84","Amphibia","ECU","none","none","LATIN_AMERICA","Ecuador","NORTH_AMERICA",NA,"bd1511bb-b069-11e3-8cfe-90b11c41863e",NA,NA,NA,"516",NA,"686885031","KUH",NA,"bd1511bb-b069-11e3-8cfe-90b11c41863e",NA,NA,"178342","KU",NA,"Atelopus ignescens (Cornalia, 1849)","68e8e67a-43e6-44a3-8817-dc0e6b70f973,8e30b684-6a54-4aba-aa73-66201c2c736e,99d66b6c-9087-452f-a9d4-f15f2c2d0e7e",NA,"49fb6451-91b7-4af2-8cd3-354539a77589","04e4cd0c-fea1-47a9-bed4-e318c748719f","6b6997ca-c180-11e3-a896-90b11c41863e",NA,NA,"1 km W Papallacta",NA,NA,NA,NA,NA,"http://biodiversity.ku.edu/research/university-kansas-biodiversity-institute-data-publication-and-use-norms",NA,NA,NA,NA,NA,"ETOH","http://grbio.org/cool/iakn-125z",NA,NA,NA,NA,NA,NA,NA,NA,NA,NA,NA,"Ecuador, Napo","07/09/2004","MaNIS/HerpNET/ORNIS Georeferencing Guidelines","Unverified","Map SA17-4 (Quito) map 1:250,000. IGM Ecuador","assumed on road to Pifo",NA,NA,NA,NA,NA,NA,NA,NA,NA,NA,NA,NA,NA,NA,NA,NA,NA,NA,NA,NA,NA,NA,NA,NA,NA,NA,NA,NA,"gbif","ECU.16_1","ECU","Ecuador","Napo",NA,NA,"Provincia","Province","15","EC.NA","EC-N",-78.145833,-0.374167
"56","686885033","Atelopus ignescens (Cornalia, 1849)","","dce00a1f-f6b4-4e11-9771-92c62c40ad80","b554c320-0560-11d8-b851-b8a03c50a862","c1a14752-1025-417a-b729-8caeb7af6b73","b554c320-0560-11d8-b851-b8a03c50a862","US","DWC_ARCHIVE","2026-07-21T18:01:54.001+00:00","2026-07-21T20:05:11.658+00:00",516,NA,"PRESERVED_SPECIMEN","PRESENT",5216669,1,44,131,952,6727,2422265,5216669,5216669,"Atelopus ignescens (Cornalia, 1849)","Animalia","Chordata","Anura","Bufonidae","Atelopus","Atelopus ignescens","Atelopus","ignescens","SPECIES","ACCEPTED","CR",NA,4.62,"SOUTH_AMERICA","Napo",NA,1977,7,13,"1977-07-13",194,194,"2000-11-28T12:49:15.000+00:00","2026-07-21T20:05:11.658+00:00",NA,"http://creativecommons.org/licenses/by/4.0/legalcode",FALSE,"bd151a7f-b069-11e3-8cfe-90b11c41863e","none","none",FALSE,"University of Kansas Biodiversity Institute Herpetology Collection",NA,NA,"none","WGS84","Amphibia","ECU","none","none","LATIN_AMERICA","Ecuador","NORTH_AMERICA",NA,"bd151a7f-b069-11e3-8cfe-90b11c41863e",NA,NA,NA,"516",NA,"686885033","KUH",NA,"bd151a7f-b069-11e3-8cfe-90b11c41863e",NA,NA,"178344","KU",NA,"Atelopus ignescens (Cornalia, 1849)","68e8e67a-43e6-44a3-8817-dc0e6b70f973,8e30b684-6a54-4aba-aa73-66201c2c736e,99d66b6c-9087-452f-a9d4-f15f2c2d0e7e",NA,"49fb6451-91b7-4af2-8cd3-354539a77589","04e4cd0c-fea1-47a9-bed4-e318c748719f","6b6997ca-c180-11e3-a896-90b11c41863e",NA,NA,"Papallacta",NA,NA,NA,NA,NA,"http://biodiversity.ku.edu/research/university-kansas-biodiversity-institute-data-publication-and-use-norms",NA,NA,NA,NA,NA,"ETOH","http://grbio.org/cool/iakn-125z",NA,NA,NA,NA,NA,NA,NA,NA,NA,NA,NA,"Ecuador, Napo","29/10/2003","MaNIS/HerpNET/ORNIS Georeferencing Guidelines","Unverified","Alexandria Digital Library",NA,NA,NA,NA,NA,NA,NA,NA,NA,NA,NA,NA,NA,NA,NA,NA,NA,NA,NA,NA,NA,NA,NA,NA,NA,NA,NA,NA,NA,"gbif","ECU.16_1","ECU","Ecuador","Napo",NA,NA,"Provincia","Province","15","EC.NA","EC-N",-78.133331,-0.366667
"57","1830938697","Atelopus ignescens (Cornalia, 1849)","cdc,refuriiv,colmafu,inmafu","1c5c3e48-7fc0-4d4f-96e6-c4df2c747f34","0674aea0-a7e1-11d8-9534-b8a03c50a862","6038e54e-f762-11e1-a439-00145eb45e9a","0674aea0-a7e1-11d8-9534-b8a03c50a862","DE","BIOCASE","2026-07-14T08:57:23.740+00:00","2026-07-18T19:00:48.000+00:00",391,NA,"PRESERVED_SPECIMEN","PRESENT",5216669,1,44,131,952,6727,2422265,5216669,5216669,"Atelopus ignescens (Cornalia, 1849)","Animalia","Chordata","Anura","Bufonidae","Atelopus","Atelopus ignescens","Atelopus","ignescens","SPECIES","ACCEPTED","CR",NA,NA,"SOUTH_AMERICA",NA,NA,1977,12,26,"1977-12-26",360,360,"2020-07-23T15:45:15.000+00:00","2026-07-18T19:00:48.000+00:00",NA,"http://creativecommons.org/licenses/by/4.0/legalcode",FALSE,"http://id.smns-bw.org/smns/collection/22408/465804/411624","none","none",FALSE,NA,"König, Claus",NA,"none","WGS84","Amphibia","ECU","none","none","LATIN_AMERICA","Ecuador","EUROPE",NA,"http://id.smns-bw.org/smns/collection/22408/465804/411624",NA,NA,NA,"402",NA,"1830938697","SMNS-Z-herpcoll",NA,"http://id.smns-bw.org/smns/collection/22408/465804/411624",NA,NA,"SMNS-Z-HE-0008563 / 465804 / SMNS-Z-HE-0008563","SMNS",NA,"Atelopus ignescens (Cornalia, 1849)","17abcf75-2f1e-46dd-bf75-a5b21dd02655",NA,"57246550-fc3c-4056-a59b-5688a10274bd","698a09bc-4471-4efa-92b1-c89449f4cd15",NA,NA,NA,NA,NA,NA,NA,NA,NA,NA,NA,NA,NA,NA,NA,"specimen",NA,NA,NA,NA,NA,NA,NA,NA,NA,NA,NA,NA,NA,NA,NA,NA,NA,NA,NA,NA,NA,NA,NA,NA,NA,NA,NA,NA,NA,NA,NA,NA,NA,NA,NA,NA,NA,NA,"12454",NA,NA,NA,NA,NA,NA,NA,"gbif","ECU.6_1","ECU","Ecuador","Cotopaxi",NA,NA,"Provincia","Province","05","EC.CT","EC-X",-78.8649,-0.9189
"58","4912507946","Atelopus ignescens (Cornalia, 1849)","cdc,conti","7b20c426-defe-45ff-82a2-bb00141e1e8f","e62f0c10-13a1-4306-bdad-1e0a4c27d0d0","9df8109c-684d-416b-819b-7bc09adc500b","c54097e6-0972-4acb-b849-eaeba29c917d","EC","EML","2026-07-16T09:06:33.788+00:00","2026-07-18T17:54:46.312+00:00",93,NA,"MATERIAL_SAMPLE","PRESENT",5216669,1,44,131,952,6727,2422265,5216669,5216669,"Atelopus ignescens (Cornalia, 1849)","Animalia","Chordata","Anura","Bufonidae","Atelopus","Atelopus ignescens","Atelopus","ignescens","SPECIES","ACCEPTED","CR",NA,NA,"SOUTH_AMERICA","Pichincha",NA,1976,1,19,"1976-01-19",19,19,NA,"2026-07-18T17:54:46.312+00:00",NA,"http://creativecommons.org/licenses/by-nc/4.0/legalcode",FALSE,"QCAZA24917","none","none",FALSE,"Bioweb","Pablo Menéndez|Luis Coloma|Rafael Narváez|Admin","Luis Coloma","none","WGS84","Amphibia","ECU","none","none","LATIN_AMERICA","Ecuador","LATIN_AMERICA","Museo de Zoología QCAZ","QCAZA24917",NA,NA,NA,"98","RESCUED","4912507946","QCAZA","ECUADOR: Pichincha: Quito, Jardines Quinta San Agustín. Carretera Panamericana  sur Km 26 desde Quito. A dos Km de la carretera.   Información Ecológica: Había llovido.","QCAZA24917","ec.bio.spp.43074",NA,"QCAZA24917","QCAZ",NA,"Atelopus ignescens (Cornalia, 1849)","99d66b6c-9087-452f-a9d4-f15f2c2d0e7e",NA,"1f33a2dd-ea62-4da3-b6f3-6fc19d259c99","ab011792-e14a-4040-bf6e-04e2820bebad","doi:10.60545/ejgu3c","EP51",NA,"Quito, Jardines Quinta San Agustín Carretera Panamericana  sur km 26 desde Quito A dos km de la carretera","es","PhysicalObject","Jambato toad",NA,"QCAZ",NA,"ab011792-e14a-4040-bf6e-04e2820bebad",NA,"Había llovido.",NA,NA,NA,"1f33a2dd-ea62-4da3-b6f3-6fc19d259c99",NA,NA,NA,"En colección","00:00",NA,NA,NA,NA,NA,NA,NA,NA,NA,NA,NA,NA,NA,NA,NA,NA,NA,NA,NA,NA,"2024-10-28T21:40:51Z","https://patrimonio.ambiente.gob.ec/iptmae/archive.do?r=a5a6e882-b3ce-4e24-b337-33b4295d0620",NA,NA,NA,NA,NA,NA,NA,NA,NA,NA,NA,NA,NA,NA,NA,NA,NA,NA,"gbif","ECU.19_1","ECU","Ecuador","Pichincha",NA,NA,"Provincia","Province","17","EC.PI","EC-P",-78.474,-0.308
"59","4912518247","Atelopus ignescens (Cornalia, 1849)","cdc,conti","7b20c426-defe-45ff-82a2-bb00141e1e8f","e62f0c10-13a1-4306-bdad-1e0a4c27d0d0","9df8109c-684d-416b-819b-7bc09adc500b","c54097e6-0972-4acb-b849-eaeba29c917d","EC","EML","2026-07-16T09:06:33.788+00:00","2026-07-18T17:54:48.597+00:00",93,NA,"MATERIAL_SAMPLE","PRESENT",5216669,1,44,131,952,6727,2422265,5216669,5216669,"Atelopus ignescens (Cornalia, 1849)","Animalia","Chordata","Anura","Bufonidae","Atelopus","Atelopus ignescens","Atelopus","ignescens","SPECIES","ACCEPTED","CR",NA,NA,"SOUTH_AMERICA","Pichincha",NA,1976,1,19,"1976-01-19",19,19,NA,"2026-07-18T17:54:48.597+00:00",NA,"http://creativecommons.org/licenses/by-nc/4.0/legalcode",FALSE,"QCAZA15072","none","none",FALSE,"Bioweb","Mónica Guerra|Rafael Narváez|Admin",NA,"none","WGS84","Amphibia","ECU","none","none","LATIN_AMERICA","Ecuador","LATIN_AMERICA","Museo de Zoología QCAZ","QCAZA15072",NA,NA,NA,"98","RESCUED","4912518247","QCAZA","ECUADOR: Pichincha: Jardines Quinta San Agustín.  Carretera Panamericana Sur Km 26 desde Quito.  A 2 Km desde la carretera.   Latitud: -,67723999999999995314 Longitud: -76,400080000000002656 Información Ecológica: Había llovido pero la cantidad de sapos encontrados fue muy pequeña. Sacrificados el 21 de enero de 1976 y preservados el 23 de enero de 1976.","QCAZA15072","ec.bio.spp.43074",NA,"QCAZA15072","QCAZ",NA,"Atelopus ignescens (Cornalia, 1849)","99d66b6c-9087-452f-a9d4-f15f2c2d0e7e",NA,"1f33a2dd-ea62-4da3-b6f3-6fc19d259c99","ab011792-e14a-4040-bf6e-04e2820bebad","doi:10.60545/ejgu3c","EP62(984)",NA,"Jardines Quinta San Agustín  Carretera Panamericana Sur km 26 desde Quito  A 2 km desde la carretera","es","PhysicalObject","Jambato toad",NA,"QCAZ",NA,"ab011792-e14a-4040-bf6e-04e2820bebad",NA,"Había llovido pero la cantidad de sapos encontrados fue muy pequeña. Sacrificados el 21 de enero de 1976 y preservados el 23 de enero de 1976.",NA,NA,NA,"1f33a2dd-ea62-4da3-b6f3-6fc19d259c99",NA,NA,NA,"En colección","00:00",NA,NA,NA,NA,NA,NA,NA,NA,NA,NA,NA,NA,NA,NA,NA,NA,NA,NA,NA,NA,"2024-10-28T21:40:51Z","https://patrimonio.ambiente.gob.ec/iptmae/archive.do?r=a5a6e882-b3ce-4e24-b337-33b4295d0620",NA,NA,NA,NA,NA,NA,NA,NA,NA,NA,NA,NA,NA,NA,NA,NA,NA,NA,"gbif","ECU.19_1","ECU","Ecuador","Pichincha",NA,NA,"Provincia","Province","17","EC.PI","EC-P",-78.47321,-0.308078
"60","476608344","Atelopus ignescens (Cornalia, 1849)","colmafu,inmafu","4bfac3ea-8763-4f4b-a71a-76a6f5f243d3","b4640710-8e03-11d8-b956-b8a03c50a862","b0f5183c-5ed0-47f4-b75f-65e0c1036cb5","b4640710-8e03-11d8-b956-b8a03c50a862","US","EML","2026-07-14T17:47:44.213+00:00","2026-07-18T21:40:39.300+00:00",727,NA,"PRESERVED_SPECIMEN","PRESENT",5216669,1,44,131,952,6727,2422265,5216669,5216669,"Atelopus ignescens (Cornalia, 1849)","Animalia","Chordata","Anura","Bufonidae","Atelopus","Atelopus ignescens","Atelopus","ignescens","SPECIES","ACCEPTED","CR",NA,2000,"SOUTH_AMERICA","Pichincha",NA,1976,6,18,"1976-06-18",170,170,"2024-12-20T16:10:51.000+00:00","2026-07-18T21:40:39.300+00:00","http://mczbase.mcz.harvard.edu/guid/MCZ:Herp:A-97037","http://creativecommons.org/licenses/by-nc/4.0/legalcode",FALSE,"MCZ:Herp:A-97037","none","none",FALSE,NA,"Harrison Weed","Catalog","none","WGS84","Amphibia","ECU","none","none","LATIN_AMERICA","Ecuador","NORTH_AMERICA","President and Fellows of Harvard College","MCZ:Herp:A-97037",NA,NA,"18/6/1976-18/6/1976","727",NA,"476608344","Herp","Ecuador: Pichincha; 18.9 km. NW Papallacta on rd. to Pifo 3880m.","MCZ:Herp:A-97037",NA,NA,"A-97037","MCZ",NA,"Atelopus ignescens (Cornalia, 1849)","68e8e67a-43e6-44a3-8817-dc0e6b70f973,99d66b6c-9087-452f-a9d4-f15f2c2d0e7e",3880,"1cfca87c-083e-4d67-8e60-cb7d311f6058","b2a3198c-ca1b-40e5-890f-46b4021d623b",NA,NA,"ICZN","18.9 km NW Papallacta on rd to Pifo",NA,NA,NA,NA,"Museum of Comparative Zoology, Harvard University",NA,NA,NA,NA,2,0,"whole animal (ethanol); whole animal (miscellaneous)","b4640710-8e03-11d8-b956-b8a03c50a862",NA,NA,"decimal degrees","unknown (2)",NA,NA,NA,NA,NA,NA,NA,"South America: Ecuador: Pichincha",NA,"MaNIS/HerpNET/ORNIS Georeferencing Guidelines","unverified","Map SA17-4 (Quito) map 1:250,000. IGM Ecuador","assumed on road to Pifo",1e-05,"Elisa Bonaccorso","field number=MCZ FS-86556|muse location number=ZA97037","MCZ FS-86556","http://vocab.getty.edu/tgn/1001487","MISC: Used for biochemical studies","3880-3880 m","Animalia Chordata Amphibia Lissamphibia Anura Bufonoidea Bufonidae Atelopus ignescens",NA,NA,NA,NA,NA,NA,NA,NA,NA,NA,NA,NA,NA,NA,NA,NA,NA,NA,NA,NA,"gbif","ECU.19_1","ECU","Ecuador","Pichincha",NA,NA,"Provincia","Province","17","EC.PI","EC-P",-78.24081,-0.3001
"61","1317277741","Atelopus ignescens (Cornalia, 1849)","gass84,osiic","821cc27a-e3bb-4bc5-ac34-89ada245069d","bc092ff0-02e4-11dc-991f-b8a03c50a862","b2ff19b5-d74f-40d2-82f1-ec5db01e8e31","bc092ff0-02e4-11dc-991f-b8a03c50a862","US","EML","2026-07-16T13:39:50.656+00:00","2026-07-18T17:18:16.495+00:00",514,NA,"PRESERVED_SPECIMEN","PRESENT",5216669,1,44,131,952,6727,2422265,5216669,5216669,"Atelopus ignescens (Cornalia, 1849)","Animalia","Chordata","Anura","Bufonidae","Atelopus","Atelopus ignescens","Atelopus","ignescens","SPECIES","ACCEPTED","CR",NA,NA,"SOUTH_AMERICA","Chimborazo Province",NA,1976,8,15,"1976-08-15",228,228,"2023-07-05T15:15:00.000+00:00","2026-07-18T17:18:16.495+00:00",NA,"http://creativecommons.org/publicdomain/zero/1.0/legalcode",FALSE,"http://n2t.net/ark:/65665/30356861d-77c6-46cc-a42f-8119c477e676","none","none",FALSE,"NMNH Extant Biology",NA,NA,"none","WGS84","Amphibia","ECU","none","none","LATIN_AMERICA","Ecuador","NORTH_AMERICA",NA,"http://n2t.net/ark:/65665/30356861d-77c6-46cc-a42f-8119c477e676",NA,NA,"15 Aug 1976","514",NA,"1317277741","HERP",NA,"http://n2t.net/ark:/65665/30356861d-77c6-46cc-a42f-8119c477e676",NA,NA,"USNM 227539","USNM",NA,"Atelopus ignescens (Cornalia, 1849)","68e8e67a-43e6-44a3-8817-dc0e6b70f973,99d66b6c-9087-452f-a9d4-f15f2c2d0e7e",3609,"586ee56e-b0fe-4dff-b7f9-aeb104f3308a","f34f47db-05bd-4cb7-9d43-691f029b68cc",NA,NA,NA,"Urbina, 1.5 km N of, at base of E slope of Chimborazo Mountain",NA,NA,NA,NA,NA,NA,"urn:uuid:cc104cbf-fd8e-4801-9b71-36731a7db1a0",NA,NA,1,0,"Ethanol","urn:lsid:biocol.org:col:34871",NA,NA,NA,NA,NA,NA,NA,NA,NA,NA,NA,"South America, Ecuador, Chimborazo Province",NA,NA,NA,NA,NA,NA,NA,NA,NA,NA,NA,"3609 m","Animalia, Chordata, Vertebrata, Amphibia, Anura, Bufonidae",NA,NA,NA,NA,NA,NA,NA,NA,NA,NA,NA,NA,NA,NA,NA,NA,NA,NA,NA,NA,"gbif","ECU.5_1","ECU","Ecuador","Chimborazo",NA,NA,"Provincia","Province","06","EC.CB","EC-H",-78.73,-1.5
"62","4912470068","Atelopus ignescens (Cornalia, 1849)","cdc,conti,gass84,gdativ,rdativ","7b20c426-defe-45ff-82a2-bb00141e1e8f","e62f0c10-13a1-4306-bdad-1e0a4c27d0d0","9df8109c-684d-416b-819b-7bc09adc500b","c54097e6-0972-4acb-b849-eaeba29c917d","EC","EML","2026-07-16T09:06:33.788+00:00","2026-07-18T17:54:42.569+00:00",93,NA,"MATERIAL_SAMPLE","PRESENT",5216669,1,44,131,952,6727,2422265,5216669,5216669,"Atelopus ignescens (Cornalia, 1849)","Animalia","Chordata","Anura","Bufonidae","Atelopus","Atelopus ignescens","Atelopus","ignescens","SPECIES","ACCEPTED","CR",NA,NA,"SOUTH_AMERICA","Tungurahua",NA,1976,12,1,"1976-12-01",336,336,NA,"2026-07-18T17:54:42.569+00:00",NA,"http://creativecommons.org/licenses/by-nc/4.0/legalcode",FALSE,"QCAZA17528","none","none",FALSE,"Bioweb","María de Lourdes Torres|Fernando Ortìz|Admin",NA,"none","WGS84","Amphibia","ECU","none","none","LATIN_AMERICA","Ecuador","LATIN_AMERICA","Museo de Zoología QCAZ","QCAZA17528",NA,NA,NA,"98","RESCUED","4912470068","QCAZA","ECUADOR: Cotopaxi: Río Cutuchi.   Latitud: -1,17 Longitud: -78,569999999999993179 Información Ecológica: Renacuajos colectados debajo de las piedras. Se mantuvo a algunos en agua con aireación hasta la metamorfosis.","QCAZA17528","ec.bio.spp.43074",NA,"QCAZA17528","QCAZ",NA,"Atelopus ignescens (Cornalia, 1849)","99d66b6c-9087-452f-a9d4-f15f2c2d0e7e",NA,"1f33a2dd-ea62-4da3-b6f3-6fc19d259c99","ab011792-e14a-4040-bf6e-04e2820bebad","doi:10.60545/ejgu3c","EP159",NA,"Río Cutuchi","es","PhysicalObject","Jambato toad",NA,"QCAZ",NA,"ab011792-e14a-4040-bf6e-04e2820bebad",NA,"Renacuajos colectados debajo de las piedras. Se mantuvo a algunos en agua con aireación hasta la metamorfosis.",NA,NA,NA,"1f33a2dd-ea62-4da3-b6f3-6fc19d259c99",NA,NA,NA,"En colección","00:00",NA,NA,NA,NA,NA,NA,NA,NA,NA,NA,NA,NA,NA,NA,NA,NA,NA,NA,NA,NA,"2024-10-28T21:40:51Z","https://patrimonio.ambiente.gob.ec/iptmae/archive.do?r=a5a6e882-b3ce-4e24-b337-33b4295d0620",NA,NA,NA,NA,NA,NA,NA,NA,NA,NA,NA,NA,NA,NA,NA,NA,NA,NA,"gbif","ECU.23_1","ECU","Ecuador","Tungurahua",NA,NA,"Provincia","Province","18","EC.TU","EC-T",-78.56999,-1.17
"63","686871428","Atelopus ignescens (Cornalia, 1849)","cdround,gass84,gdativ,rdativ","dce00a1f-f6b4-4e11-9771-92c62c40ad80","b554c320-0560-11d8-b851-b8a03c50a862","c1a14752-1025-417a-b729-8caeb7af6b73","b554c320-0560-11d8-b851-b8a03c50a862","US","DWC_ARCHIVE","2026-07-21T18:01:54.001+00:00","2026-07-21T20:05:11.232+00:00",516,NA,"PRESERVED_SPECIMEN","PRESENT",5216669,1,44,131,952,6727,2422265,5216669,5216669,"Atelopus ignescens (Cornalia, 1849)","Animalia","Chordata","Anura","Bufonidae","Atelopus","Atelopus ignescens","Atelopus","ignescens","SPECIES","ACCEPTED","CR",NA,13.62,"SOUTH_AMERICA","Chimborazo",NA,1975,3,11,"1975-03-11",70,70,"2025-11-19T15:13:05.000+00:00","2026-07-21T20:05:11.232+00:00",NA,"http://creativecommons.org/licenses/by/4.0/legalcode",FALSE,"bc74cfc9-b069-11e3-8cfe-90b11c41863e","none","none",FALSE,"University of Kansas Biodiversity Institute Herpetology Collection",NA,NA,"none","WGS84","Amphibia","ECU","none","none","LATIN_AMERICA","Ecuador","NORTH_AMERICA",NA,"bc74cfc9-b069-11e3-8cfe-90b11c41863e",NA,NA,NA,"516",NA,"686871428","KUH",NA,"bc74cfc9-b069-11e3-8cfe-90b11c41863e",NA,NA,"164850","KU",NA,"Atelopus ignescens (Cornalia, 1849)","68e8e67a-43e6-44a3-8817-dc0e6b70f973,8e30b684-6a54-4aba-aa73-66201c2c736e,99d66b6c-9087-452f-a9d4-f15f2c2d0e7e",NA,"49fb6451-91b7-4af2-8cd3-354539a77589","04e4cd0c-fea1-47a9-bed4-e318c748719f","6b6997ca-c180-11e3-a896-90b11c41863e",NA,NA,"2.5 km S Palmira, Desierto de Palmira",NA,NA,NA,NA,NA,"http://biodiversity.ku.edu/research/university-kansas-biodiversity-institute-data-publication-and-use-norms",NA,NA,NA,NA,NA,"ETOH","http://grbio.org/cool/iakn-125z",NA,NA,NA,NA,NA,NA,NA,NA,NA,NA,NA,"Ecuador, Chimborazo","27/09/2004","MaNIS/HerpNET/ORNIS Georeferencing Guidelines","Unverified","Mapa Geografico del Ecuador 1:1,000,000; IGM Ecuador and Duellman notes",NA,NA,NA,NA,NA,NA,NA,NA,NA,NA,NA,NA,NA,NA,NA,NA,NA,NA,NA,NA,NA,NA,NA,NA,NA,NA,NA,NA,NA,"gbif","ECU.5_1","ECU","Ecuador","Chimborazo",NA,NA,"Provincia","Province","06","EC.CB","EC-H",-78.733333,-2.1
"64","686871440","Atelopus ignescens (Cornalia, 1849)","cdround,gass84,gdativ,rdativ","dce00a1f-f6b4-4e11-9771-92c62c40ad80","b554c320-0560-11d8-b851-b8a03c50a862","c1a14752-1025-417a-b729-8caeb7af6b73","b554c320-0560-11d8-b851-b8a03c50a862","US","DWC_ARCHIVE","2026-07-21T18:01:54.001+00:00","2026-07-21T20:05:21.273+00:00",516,NA,"PRESERVED_SPECIMEN","PRESENT",5216669,1,44,131,952,6727,2422265,5216669,5216669,"Atelopus ignescens (Cornalia, 1849)","Animalia","Chordata","Anura","Bufonidae","Atelopus","Atelopus ignescens","Atelopus","ignescens","SPECIES","ACCEPTED","CR",NA,7.12,"SOUTH_AMERICA","Chimborazo",NA,1975,3,12,"1975-03-12",71,71,"2000-11-28T12:49:00.000+00:00","2026-07-21T20:05:21.273+00:00",NA,"http://creativecommons.org/licenses/by/4.0/legalcode",FALSE,"bc74fa29-b069-11e3-8cfe-90b11c41863e","none","none",FALSE,"University of Kansas Biodiversity Institute Herpetology Collection",NA,NA,"none","WGS84","Amphibia","ECU","none","none","LATIN_AMERICA","Ecuador","NORTH_AMERICA",NA,"bc74fa29-b069-11e3-8cfe-90b11c41863e",NA,NA,NA,"516",NA,"686871440","KUH",NA,"bc74fa29-b069-11e3-8cfe-90b11c41863e",NA,NA,"164862","KU",NA,"Atelopus ignescens (Cornalia, 1849)","68e8e67a-43e6-44a3-8817-dc0e6b70f973,8e30b684-6a54-4aba-aa73-66201c2c736e,99d66b6c-9087-452f-a9d4-f15f2c2d0e7e",NA,"49fb6451-91b7-4af2-8cd3-354539a77589","04e4cd0c-fea1-47a9-bed4-e318c748719f","6b6997ca-c180-11e3-a896-90b11c41863e",NA,NA,"7 km SSW Guamote",NA,NA,NA,NA,NA,"http://biodiversity.ku.edu/research/university-kansas-biodiversity-institute-data-publication-and-use-norms",NA,NA,NA,NA,NA,"ETOH","http://grbio.org/cool/iakn-125z",NA,NA,NA,NA,NA,NA,NA,NA,NA,NA,NA,"Ecuador, Chimborazo","27/09/2004","MaNIS/HerpNET/ORNIS Georeferencing Guidelines","Unverified","Mapa Geografico del Ecuador 1:500,000; IGM Ecuador","assumed on road to Alausi",NA,NA,NA,NA,NA,NA,NA,NA,NA,NA,NA,NA,NA,NA,NA,NA,NA,NA,NA,NA,NA,NA,NA,NA,NA,NA,NA,NA,"gbif","ECU.5_1","ECU","Ecuador","Chimborazo",NA,NA,"Provincia","Province","06","EC.CB","EC-H",-78.716667,-1.966667
"65","686871336","Atelopus ignescens (Cornalia, 1849)","cdround,gass84,gdativ","dce00a1f-f6b4-4e11-9771-92c62c40ad80","b554c320-0560-11d8-b851-b8a03c50a862","c1a14752-1025-417a-b729-8caeb7af6b73","b554c320-0560-11d8-b851-b8a03c50a862","US","DWC_ARCHIVE","2026-07-21T18:01:54.001+00:00","2026-07-21T20:05:18.200+00:00",516,NA,"PRESERVED_SPECIMEN","PRESENT",5216669,1,44,131,952,6727,2422265,5216669,5216669,"Atelopus ignescens (Cornalia, 1849)","Animalia","Chordata","Anura","Bufonidae","Atelopus","Atelopus ignescens","Atelopus","ignescens","SPECIES","ACCEPTED","CR",NA,0.99,"SOUTH_AMERICA","Napo",NA,1975,4,26,"1975-04-26",116,116,"2010-10-08T01:23:08.000+00:00","2026-07-21T20:05:18.200+00:00",NA,"http://creativecommons.org/licenses/by/4.0/legalcode",FALSE,"bc74179e-b069-11e3-8cfe-90b11c41863e","none","none",FALSE,"University of Kansas Biodiversity Institute Herpetology Collection",NA,NA,"none","WGS84","Amphibia","ECU","none","none","LATIN_AMERICA","Ecuador","NORTH_AMERICA",NA,"bc74179e-b069-11e3-8cfe-90b11c41863e",NA,NA,NA,"516",NA,"686871336","KUH",NA,"bc74179e-b069-11e3-8cfe-90b11c41863e",NA,NA,"164758","KU",NA,"Atelopus ignescens (Cornalia, 1849)","68e8e67a-43e6-44a3-8817-dc0e6b70f973,8e30b684-6a54-4aba-aa73-66201c2c736e,99d66b6c-9087-452f-a9d4-f15f2c2d0e7e",NA,"49fb6451-91b7-4af2-8cd3-354539a77589","04e4cd0c-fea1-47a9-bed4-e318c748719f","6b6997ca-c180-11e3-a896-90b11c41863e",NA,NA,"Laguna de Papallacta",NA,NA,NA,NA,NA,"http://biodiversity.ku.edu/research/university-kansas-biodiversity-institute-data-publication-and-use-norms",NA,NA,NA,NA,NA,"ETOH","http://grbio.org/cool/iakn-125z",NA,NA,NA,NA,NA,NA,NA,NA,NA,NA,NA,"Ecuador, Napo","07/09/2004","MaNIS/HerpNET/ORNIS Georeferencing Guidelines","Unverified","Map SA17-4 (Quito) map 1:250,000. IGM Ecuador",NA,NA,NA,NA,NA,NA,NA,NA,NA,NA,NA,NA,NA,NA,NA,NA,NA,NA,NA,NA,NA,NA,NA,NA,NA,NA,NA,NA,NA,"gbif","ECU.16_1","ECU","Ecuador","Napo",NA,NA,"Provincia","Province","15","EC.NA","EC-N",-78.157778,-0.376667
"66","1319686298","Atelopus ignescens (Cornalia, 1849)","gass84,gdativ,osiic","821cc27a-e3bb-4bc5-ac34-89ada245069d","bc092ff0-02e4-11dc-991f-b8a03c50a862","b2ff19b5-d74f-40d2-82f1-ec5db01e8e31","bc092ff0-02e4-11dc-991f-b8a03c50a862","US","EML","2026-07-16T13:39:50.656+00:00","2026-07-18T17:37:03.950+00:00",514,NA,"PRESERVED_SPECIMEN","PRESENT",5216669,1,44,131,952,6727,2422265,5216669,5216669,"Atelopus ignescens (Cornalia, 1849)","Animalia","Chordata","Anura","Bufonidae","Atelopus","Atelopus ignescens","Atelopus","ignescens","SPECIES","ACCEPTED","CR",NA,5615,"SOUTH_AMERICA","Cotopaxi Province",NA,1975,5,12,"1975-05-12",132,132,"2023-07-05T15:14:00.000+00:00","2026-07-18T17:37:03.950+00:00",NA,"http://creativecommons.org/publicdomain/zero/1.0/legalcode",FALSE,"http://n2t.net/ark:/65665/36ddd6c6a-2c4f-488c-a311-5fc2ed2e8455","none","none",FALSE,"NMNH Extant Biology",NA,NA,"none","WGS84","Amphibia","ECU","none","none","LATIN_AMERICA","Ecuador","NORTH_AMERICA",NA,"http://n2t.net/ark:/65665/36ddd6c6a-2c4f-488c-a311-5fc2ed2e8455",NA,NA,"12 May 1975","514",NA,"1319686298","HERP",NA,"http://n2t.net/ark:/65665/36ddd6c6a-2c4f-488c-a311-5fc2ed2e8455",NA,NA,"USNM 205038","USNM",NA,"Atelopus ignescens (Cornalia, 1849)","68e8e67a-43e6-44a3-8817-dc0e6b70f973,99d66b6c-9087-452f-a9d4-f15f2c2d0e7e",3536,"586ee56e-b0fe-4dff-b7f9-aeb104f3308a","f34f47db-05bd-4cb7-9d43-691f029b68cc",NA,NA,NA,"Quevedo, 122 km E of, on Quevedo-Latacunga Road",NA,NA,NA,NA,NA,NA,"urn:uuid:cc104cbf-fd8e-4801-9b71-36731a7db1a0",NA,NA,1,0,"Ethanol","urn:lsid:biocol.org:col:34871",NA,NA,NA,NA,NA,NA,NA,NA,NA,NA,NA,"South America, Ecuador, Cotopaxi Province",NA,"Mapa Geografico del Ecuador 1:500,000; IGM Ecuador, MaNIS/HerpNET/ORNIS Georeferencing Guidelines",NA,NA,"Locality extent = 1.9",NA,NA,NA,NA,NA,NA,"11600 ft","Animalia, Chordata, Vertebrata, Amphibia, Anura, Bufonidae",NA,NA,NA,NA,NA,NA,NA,NA,NA,NA,NA,NA,NA,NA,NA,NA,NA,NA,NA,NA,"gbif","ECU.6_1","ECU","Ecuador","Cotopaxi",NA,NA,"Provincia","Province","05","EC.CT","EC-X",-78.8167,-0.9
"67","476608563","Atelopus ignescens (Cornalia, 1849)","colmafu,inmafu","4bfac3ea-8763-4f4b-a71a-76a6f5f243d3","b4640710-8e03-11d8-b956-b8a03c50a862","b0f5183c-5ed0-47f4-b75f-65e0c1036cb5","b4640710-8e03-11d8-b956-b8a03c50a862","US","EML","2026-07-14T17:47:44.213+00:00","2026-07-18T21:39:14.427+00:00",727,NA,"PRESERVED_SPECIMEN","PRESENT",5216669,1,44,131,952,6727,2422265,5216669,5216669,"Atelopus ignescens (Cornalia, 1849)","Animalia","Chordata","Anura","Bufonidae","Atelopus","Atelopus ignescens","Atelopus","ignescens","SPECIES","ACCEPTED","CR",NA,5000,"SOUTH_AMERICA","Cotopaxi",NA,1975,7,8,"1975-07-08",189,189,"2024-12-20T16:10:48.000+00:00","2026-07-18T21:39:14.427+00:00","http://mczbase.mcz.harvard.edu/guid/MCZ:Herp:A-89788","http://creativecommons.org/licenses/by-nc/4.0/legalcode",FALSE,"MCZ:Herp:A-89788","none","none",FALSE,NA,"R. Webster","Catalog","none","WGS84","Amphibia","ECU","none","none","LATIN_AMERICA","Ecuador","NORTH_AMERICA","President and Fellows of Harvard College","MCZ:Herp:A-89788",NA,NA,"8/7/1975-8/7/1975","727",NA,"476608563","Herp","Ecuador: Cotopaxi: Road to Cotopaxi, 7.5 km from jct. with Quito-Latacunga road","MCZ:Herp:A-89788",NA,NA,"A-89788","MCZ",NA,"Atelopus ignescens (Cornalia, 1849)","68e8e67a-43e6-44a3-8817-dc0e6b70f973,99d66b6c-9087-452f-a9d4-f15f2c2d0e7e",NA,"1cfca87c-083e-4d67-8e60-cb7d311f6058","b2a3198c-ca1b-40e5-890f-46b4021d623b",NA,NA,"ICZN","road to Cotopaxi, 7.5 km from jct with Quito-Latacunga road",NA,NA,NA,NA,"Museum of Comparative Zoology, Harvard University",NA,NA,NA,NA,1,NA,"whole animal (ethanol)","b4640710-8e03-11d8-b956-b8a03c50a862",NA,NA,"decimal degrees","unknown",NA,NA,NA,NA,NA,NA,NA,"South America: Ecuador: Cotopaxi",NA,"MaNIS/HerpNET/ORNIS Georeferencing Guidelines","unverified","Mapa Geografico del Ecuador 1:500,000; IGM Ecuador",NA,1e-05,"Elisa Bonaccorso","field number=MCZ FS-F20431|muse location number=ZA89788","MCZ FS-F20431",NA,NA,NA,"Animalia Chordata Amphibia Lissamphibia Anura Bufonoidea Bufonidae Atelopus ignescens",NA,NA,NA,NA,NA,NA,NA,NA,NA,NA,NA,NA,NA,NA,NA,NA,NA,NA,NA,NA,"gbif","ECU.6_1","ECU","Ecuador","Cotopaxi",NA,NA,"Provincia","Province","05","EC.CT","EC-X",-78.55222,-0.70341
"68","476608564","Atelopus ignescens (Cornalia, 1849)","colmafu,inmafu","4bfac3ea-8763-4f4b-a71a-76a6f5f243d3","b4640710-8e03-11d8-b956-b8a03c50a862","b0f5183c-5ed0-47f4-b75f-65e0c1036cb5","b4640710-8e03-11d8-b956-b8a03c50a862","US","EML","2026-07-14T17:47:44.213+00:00","2026-07-18T21:39:14.907+00:00",727,NA,"PRESERVED_SPECIMEN","PRESENT",5216669,1,44,131,952,6727,2422265,5216669,5216669,"Atelopus ignescens (Cornalia, 1849)","Animalia","Chordata","Anura","Bufonidae","Atelopus","Atelopus ignescens","Atelopus","ignescens","SPECIES","ACCEPTED","CR",NA,15000,"SOUTH_AMERICA","Pichincha",NA,1975,8,15,"1975-08-15",227,227,"2024-12-20T16:10:48.000+00:00","2026-07-18T21:39:14.907+00:00","http://mczbase.mcz.harvard.edu/guid/MCZ:Herp:A-89789","http://creativecommons.org/licenses/by-nc/4.0/legalcode",FALSE,"MCZ:Herp:A-89789","none","none",FALSE,NA,"R. Webster","Catalog","none","WGS84","Amphibia","ECU","none","none","LATIN_AMERICA","Ecuador","NORTH_AMERICA","President and Fellows of Harvard College","MCZ:Herp:A-89789",NA,NA,"15/8/1975-15/8/1975","727",NA,"476608564","Herp","Ecuador: Pichincha: slopes above Pifo on rd to Papallacta 3100m","MCZ:Herp:A-89789",NA,NA,"A-89789","MCZ",NA,"Atelopus ignescens (Cornalia, 1849)","68e8e67a-43e6-44a3-8817-dc0e6b70f973,99d66b6c-9087-452f-a9d4-f15f2c2d0e7e",3100,"1cfca87c-083e-4d67-8e60-cb7d311f6058","b2a3198c-ca1b-40e5-890f-46b4021d623b",NA,NA,"ICZN","slopes above Pifo on rd to Papallacta",NA,NA,NA,NA,"Museum of Comparative Zoology, Harvard University",NA,NA,NA,NA,1,0,"whole animal (ethanol)","b4640710-8e03-11d8-b956-b8a03c50a862",NA,NA,"decimal degrees","unknown",NA,NA,NA,NA,NA,NA,NA,"South America: Ecuador: Pichincha",NA,"MaNIS/HerpNET/ORNIS Georeferencing Guidelines","unverified","Map SA17-4 (Quito) map 1:250,000. IGM Ecuador",NA,1e-05,"Elisa Bonaccorso","field number=MCZ FS-F20858|muse location number=ZA89789","MCZ FS-F20858","http://vocab.getty.edu/tgn/1001487",NA,"3100-3100 m","Animalia Chordata Amphibia Lissamphibia Anura Bufonoidea Bufonidae Atelopus ignescens",NA,NA,NA,NA,NA,NA,NA,NA,NA,NA,NA,NA,NA,NA,NA,NA,NA,NA,NA,NA,"gbif","ECU.19_1","ECU","Ecuador","Pichincha",NA,NA,"Provincia","Province","17","EC.PI","EC-P",-78.24722,-0.2903
"69","476484671","Atelopus ignescens (Cornalia, 1849)","colmafu,inmafu","4bfac3ea-8763-4f4b-a71a-76a6f5f243d3","b4640710-8e03-11d8-b956-b8a03c50a862","b0f5183c-5ed0-47f4-b75f-65e0c1036cb5","b4640710-8e03-11d8-b956-b8a03c50a862","US","EML","2026-07-14T17:47:44.213+00:00","2026-07-18T21:36:48.266+00:00",727,NA,"PRESERVED_SPECIMEN","PRESENT",5216669,1,44,131,952,6727,2422265,5216669,5216669,"Atelopus ignescens (Cornalia, 1849)","Animalia","Chordata","Anura","Bufonidae","Atelopus","Atelopus ignescens","Atelopus","ignescens","SPECIES","ACCEPTED","CR",NA,6615,"SOUTH_AMERICA","Cotopaxi",NA,1974,11,9,"1974-11-09",313,313,"2024-12-20T16:10:51.000+00:00","2026-07-18T21:36:48.266+00:00","http://mczbase.mcz.harvard.edu/guid/MCZ:Herp:A-90477","http://creativecommons.org/licenses/by-nc/4.0/legalcode",FALSE,"MCZ:Herp:A-90477","none","none",FALSE,NA,"Alan Ross Kiester, Ernest E. Williams","Catalog","none","WGS84","Amphibia","ECU","none","none","LATIN_AMERICA","Ecuador","NORTH_AMERICA","President and Fellows of Harvard College","MCZ:Herp:A-90477",NA,NA,"9/11/1974-9/11/1974","727",NA,"476484671","Herp","Ecuador: Cotopaxi: 21 km W Pujili","MCZ:Herp:A-90477",NA,NA,"A-90477","MCZ",NA,"Atelopus ignescens (Cornalia, 1849)","68e8e67a-43e6-44a3-8817-dc0e6b70f973,99d66b6c-9087-452f-a9d4-f15f2c2d0e7e",NA,"1cfca87c-083e-4d67-8e60-cb7d311f6058","b2a3198c-ca1b-40e5-890f-46b4021d623b",NA,NA,"ICZN","21 km W Pujili",NA,NA,NA,NA,"Museum of Comparative Zoology, Harvard University",NA,NA,NA,NA,1,NA,"whole animal (ethanol)","b4640710-8e03-11d8-b956-b8a03c50a862",NA,NA,"decimal degrees","unknown",NA,NA,NA,NA,NA,NA,NA,"South America: Ecuador: Cotopaxi",NA,"MaNIS/HerpNET/ORNIS Georeferencing Guidelines","unverified","Mapa Geografico del Ecuador 1:500,000; IGM Ecuador","assumed on road to Quevedo",1e-05,"Elisa Bonaccorso","field number=MCZ FS-F2187|muse location number=ZA90476","MCZ FS-F2187",NA,NA,NA,"Animalia Chordata Amphibia Lissamphibia Anura Bufonoidea Bufonidae Atelopus ignescens",NA,NA,NA,NA,NA,NA,NA,NA,NA,NA,NA,NA,NA,NA,NA,NA,NA,NA,NA,NA,"gbif","ECU.6_1","ECU","Ecuador","Cotopaxi",NA,NA,"Provincia","Province","05","EC.CT","EC-X",-78.81894,-0.92011
"70","476485576","Atelopus ignescens (Cornalia, 1849)","colmafu,inmafu","4bfac3ea-8763-4f4b-a71a-76a6f5f243d3","b4640710-8e03-11d8-b956-b8a03c50a862","b0f5183c-5ed0-47f4-b75f-65e0c1036cb5","b4640710-8e03-11d8-b956-b8a03c50a862","US","EML","2026-07-14T17:47:44.213+00:00","2026-07-18T21:40:36.996+00:00",727,NA,"PRESERVED_SPECIMEN","PRESENT",5216669,1,44,131,952,6727,2422265,5216669,5216669,"Atelopus ignescens (Cornalia, 1849)","Animalia","Chordata","Anura","Bufonidae","Atelopus","Atelopus ignescens","Atelopus","ignescens","SPECIES","ACCEPTED","CR",NA,6615,"SOUTH_AMERICA","Cotopaxi",NA,1974,11,9,"1974-11-09",313,313,"2024-12-20T16:10:48.000+00:00","2026-07-18T21:40:36.996+00:00","http://mczbase.mcz.harvard.edu/guid/MCZ:Herp:A-88365","http://creativecommons.org/licenses/by-nc/4.0/legalcode",FALSE,"MCZ:Herp:A-88365","none","none",FALSE,NA,"Alan Ross Kiester, Ernest E. Williams","Catalog","none","WGS84","Amphibia","ECU","none","none","LATIN_AMERICA","Ecuador","NORTH_AMERICA","President and Fellows of Harvard College","MCZ:Herp:A-88365",NA,NA,"9/11/1974-9/11/1974","727",NA,"476485576","Herp","Ecuador: 47 km W Pujili","MCZ:Herp:A-88365",NA,NA,"A-88365","MCZ",NA,"Atelopus ignescens (Cornalia, 1849)","68e8e67a-43e6-44a3-8817-dc0e6b70f973,99d66b6c-9087-452f-a9d4-f15f2c2d0e7e",NA,"1cfca87c-083e-4d67-8e60-cb7d311f6058","b2a3198c-ca1b-40e5-890f-46b4021d623b",NA,NA,"ICZN","47 km W Pujili",NA,NA,NA,NA,"Museum of Comparative Zoology, Harvard University",NA,NA,NA,NA,1,NA,"whole animal (ethanol)","b4640710-8e03-11d8-b956-b8a03c50a862",NA,NA,"decimal degrees","unknown",NA,NA,NA,NA,NA,NA,NA,"South America: Ecuador: Cotopaxi",NA,"MaNIS/HerpNET/ORNIS Georeferencing Guidelines","unverified","Mapa Geografico del Ecuador 1:500,000; IGM Ecuador","assumed on road to Quevedo",1e-05,"Elisa Bonaccorso","field number=MCZ FS-21166|muse location number=ZA88364","MCZ FS-21166",NA,"OCE by PGH",NA,"Animalia Chordata Amphibia Lissamphibia Anura Bufonoidea Bufonidae Atelopus ignescens",NA,NA,NA,NA,NA,NA,NA,NA,NA,NA,NA,NA,NA,NA,NA,NA,NA,NA,NA,NA,"gbif","ECU.6_1","ECU","Ecuador","Cotopaxi",NA,NA,"Provincia","Province","05","EC.CT","EC-X",-78.96893,-0.97011
"71","476614656","Atelopus ignescens (Cornalia, 1849)","colmafu,inmafu","4bfac3ea-8763-4f4b-a71a-76a6f5f243d3","b4640710-8e03-11d8-b956-b8a03c50a862","b0f5183c-5ed0-47f4-b75f-65e0c1036cb5","b4640710-8e03-11d8-b956-b8a03c50a862","US","EML","2026-07-14T17:47:44.213+00:00","2026-07-18T21:39:11.801+00:00",727,NA,"PRESERVED_SPECIMEN","PRESENT",5216669,1,44,131,952,6727,2422265,5216669,5216669,"Atelopus ignescens (Cornalia, 1849)","Animalia","Chordata","Anura","Bufonidae","Atelopus","Atelopus ignescens","Atelopus","ignescens","SPECIES","ACCEPTED","CR",NA,7000,"SOUTH_AMERICA","Cotopaxi",NA,1974,11,9,"1974-11-09",313,313,"2024-12-20T16:10:51.000+00:00","2026-07-18T21:39:11.801+00:00","http://mczbase.mcz.harvard.edu/guid/MCZ:Herp:A-90475","http://creativecommons.org/licenses/by-nc/4.0/legalcode",FALSE,"MCZ:Herp:A-90475","none","none",FALSE,NA,"Alan Ross Kiester, Ernest E. Williams","Catalog","none","WGS84","Amphibia","ECU","none","none","LATIN_AMERICA","Ecuador","NORTH_AMERICA","President and Fellows of Harvard College","MCZ:Herp:A-90475",NA,NA,"9/11/1974-9/11/1974","727",NA,"476614656","Herp","Ecuador: Cotopaxi: 54 km W. Pujili","MCZ:Herp:A-90475",NA,NA,"A-90475","MCZ",NA,"Atelopus ignescens (Cornalia, 1849)","68e8e67a-43e6-44a3-8817-dc0e6b70f973,99d66b6c-9087-452f-a9d4-f15f2c2d0e7e",NA,"1cfca87c-083e-4d67-8e60-cb7d311f6058","b2a3198c-ca1b-40e5-890f-46b4021d623b",NA,NA,"ICZN","54 km W Pujili",NA,NA,NA,NA,"Museum of Comparative Zoology, Harvard University",NA,NA,NA,NA,1,NA,"whole animal (ethanol)","b4640710-8e03-11d8-b956-b8a03c50a862",NA,NA,"decimal degrees","unknown",NA,NA,NA,NA,NA,NA,NA,"South America: Ecuador: Cotopaxi",NA,"MaNIS/HerpNET/ORNIS Georeferencing Guidelines","unverified","Mapa Geografico del Ecuador 1:500,000; IGM Ecuador","assumed on road to Quevedo",1e-05,"Elisa Bonaccorso","field number=MCZ FS-F21214|muse location number=ZA90475","MCZ FS-F21214",NA,NA,NA,"Animalia Chordata Amphibia Lissamphibia Anura Bufonoidea Bufonidae Atelopus ignescens",NA,NA,NA,NA,NA,NA,NA,NA,NA,NA,NA,NA,NA,NA,NA,NA,NA,NA,NA,NA,"gbif","ECU.6_1","ECU","Ecuador","Cotopaxi",NA,NA,"Provincia","Province","05","EC.CT","EC-X",-79.01894,-0.95341
"72","476614763","Atelopus ignescens (Cornalia, 1849)","colmafu,inmafu","4bfac3ea-8763-4f4b-a71a-76a6f5f243d3","b4640710-8e03-11d8-b956-b8a03c50a862","b0f5183c-5ed0-47f4-b75f-65e0c1036cb5","b4640710-8e03-11d8-b956-b8a03c50a862","US","EML","2026-07-14T17:47:44.213+00:00","2026-07-18T21:36:52.666+00:00",727,NA,"PRESERVED_SPECIMEN","PRESENT",5216669,1,44,131,952,6727,2422265,5216669,5216669,"Atelopus ignescens (Cornalia, 1849)","Animalia","Chordata","Anura","Bufonidae","Atelopus","Atelopus ignescens","Atelopus","ignescens","SPECIES","ACCEPTED","CR",NA,6615,"SOUTH_AMERICA","Cotopaxi",NA,1974,11,9,"1974-11-09",313,313,"2024-12-20T16:10:51.000+00:00","2026-07-18T21:36:52.666+00:00","http://mczbase.mcz.harvard.edu/guid/MCZ:Herp:A-90482","http://creativecommons.org/licenses/by-nc/4.0/legalcode",FALSE,"MCZ:Herp:A-90482","none","none",FALSE,NA,"Alan Ross Kiester, Ernest E. Williams","Catalog","none","WGS84","Amphibia","ECU","none","none","LATIN_AMERICA","Ecuador","NORTH_AMERICA","President and Fellows of Harvard College","MCZ:Herp:A-90482",NA,NA,"9/11/1974-9/11/1974","727",NA,"476614763","Herp","Ecuador: Cotopaxi: 49 km W Pujili","MCZ:Herp:A-90482",NA,NA,"A-90482","MCZ",NA,"Atelopus ignescens (Cornalia, 1849)","68e8e67a-43e6-44a3-8817-dc0e6b70f973,99d66b6c-9087-452f-a9d4-f15f2c2d0e7e",NA,"1cfca87c-083e-4d67-8e60-cb7d311f6058","b2a3198c-ca1b-40e5-890f-46b4021d623b",NA,"MCZ FS-F21010","ICZN","Ecuador: Cotopaxi: 49 km W Pujili",NA,NA,NA,NA,"Museum of Comparative Zoology, Harvard University",NA,NA,NA,NA,1,NA,"whole animal (ethanol)","b4640710-8e03-11d8-b956-b8a03c50a862",NA,NA,"decimal degrees","unknown",NA,NA,NA,NA,NA,NA,NA,"South America: Ecuador: Cotopaxi",NA,"MaNIS/HerpNET/ORNIS Georeferencing Guidelines","unverified","Mapa Geografico del Ecuador 1:500,000; IGM Ecuador","assumed on road to Quevedo",1e-05,"Elisa Bonaccorso","collector number=MCZ FS-F21010|muse location number=ZA90482",NA,NA,NA,NA,"Animalia Chordata Amphibia Lissamphibia Anura Bufonoidea Bufonidae Atelopus ignescens",NA,NA,NA,NA,NA,NA,NA,NA,NA,NA,NA,NA,NA,NA,NA,NA,NA,NA,NA,NA,"gbif","ECU.6_1","ECU","Ecuador","Cotopaxi",NA,NA,"Provincia","Province","05","EC.CT","EC-X",-78.98554,-0.98671
"73","1987148517","Atelopus ignescens (Cornalia, 1849)","cdc,conti","8e479b8f-ac16-4bed-a11a-bc7e27c31663","6ea87510-0561-11d8-b851-b8a03c50a862","cfbb523a-883c-48db-8258-dcfe32b11d64","a5486e02-d249-4809-9273-deac47fb11e0","US","EML","2026-07-20T12:03:10.614+00:00","2026-07-20T12:14:58.994+00:00",498,NA,"PRESERVED_SPECIMEN","PRESENT",5216669,1,44,131,952,6727,2422265,5216669,5216669,"Atelopus ignescens (Cornalia, 1849)","Animalia","Chordata","Anura","Bufonidae","Atelopus","Atelopus ignescens","Atelopus","ignescens","SPECIES","ACCEPTED","CR",NA,3036,"SOUTH_AMERICA","Napo",NA,1973,10,21,"1973-10-21",294,294,"2016-12-25T16:46:21.000+00:00","2026-07-20T12:14:58.994+00:00",NA,"http://creativecommons.org/licenses/by/4.0/legalcode",FALSE,"99fae8ab-49ba-4021-a0be-2591e94d066a","none","none",FALSE,"University of Michigan Museum of Zoology, Division of Reptiles & Amphibians","R ALTIG",NA,"none","WGS84","Amphibia","ECU","none","none","LATIN_AMERICA","Ecuador","NORTH_AMERICA","The Regents of the University of Michigan","99fae8ab-49ba-4021-a0be-2591e94d066a",NA,NA,NA,"498",NA,"1987148517","UMMZ-Herps",NA,"99fae8ab-49ba-4021-a0be-2591e94d066a",NA,NA,"151885","UMMZ",NA,"Atelopus ignescens (Cornalia, 1849)","68e8e67a-43e6-44a3-8817-dc0e6b70f973,8e30b684-6a54-4aba-aa73-66201c2c736e,99d66b6c-9087-452f-a9d4-f15f2c2d0e7e",NA,"2a508411-2acd-45df-8a8b-00094ac65f87","93b0c64c-ff9d-429b-81ca-ad651820ce66",NA,NA,NA,"7 KM TOWARD QUITO FROM PAPALLACTA ON LAGO-AGRIO RD.","en","PhysicalObject",NA,NA,NA,NA,"https://scientific-collections.gbif.org/collection/93b0c64c-ff9d-429b-81ca-ad651820ce66",NA,NA,26,NA,"FLUID - 26","https://scientific-collections.gbif.org/institution/2a508411-2acd-45df-8a8b-00094ac65f87",NA,NA,NA,"in collection",NA,"NTD IN FIELD NOTES ON FILE  TADPOLES IN FORMALIN / TWO GIVEN TO ALTIG FOR DISSECTION",NA,NA,NA,NA,NA,"ECUADOR, NAPO","2016-05-03","Geolocate Web",NA,NA,NA,NA,"Helen Huetteman",NA,"A-607",NA,NA,NA,NA,NA,NA,NA,"PLACED MARKER AT CORRECT DISTANCE TOWARDS QUITO",NA,NA,NA,NA,NA,NA,NA,NA,NA,NA,NA,NA,NA,NA,NA,NA,"gbif","ECU.16_1","ECU","Ecuador","Napo",NA,NA,"Provincia","Province","15","EC.NA","EC-N",-78.175834,-0.377268
"74","686853422","Atelopus ignescens (Cornalia, 1849)","cdround,gass84,gdativ","dce00a1f-f6b4-4e11-9771-92c62c40ad80","b554c320-0560-11d8-b851-b8a03c50a862","c1a14752-1025-417a-b729-8caeb7af6b73","b554c320-0560-11d8-b851-b8a03c50a862","US","DWC_ARCHIVE","2026-07-21T18:01:54.001+00:00","2026-07-21T20:05:10.669+00:00",516,NA,"PRESERVED_SPECIMEN","PRESENT",5216669,1,44,131,952,6727,2422265,5216669,5216669,"Atelopus ignescens (Cornalia, 1849)","Animalia","Chordata","Anura","Bufonidae","Atelopus","Atelopus ignescens","Atelopus","ignescens","SPECIES","ACCEPTED","CR",NA,4.12,"SOUTH_AMERICA","Cotopaxi",NA,1972,4,27,"1972-04-27",118,118,"2026-06-25T11:56:33.000+00:00","2026-07-21T20:05:10.669+00:00",NA,"http://creativecommons.org/licenses/by/4.0/legalcode",FALSE,"bb82675c-b069-11e3-8cfe-90b11c41863e","none","none",FALSE,"University of Kansas Biodiversity Institute Herpetology Collection",NA,NA,"none","WGS84","Amphibia","ECU","none","none","LATIN_AMERICA","Ecuador","NORTH_AMERICA",NA,"bb82675c-b069-11e3-8cfe-90b11c41863e",NA,NA,NA,"516",NA,"686853422","KUH",NA,"bb82675c-b069-11e3-8cfe-90b11c41863e",NA,NA,"146764","KU",NA,"Atelopus ignescens (Cornalia, 1849)","68e8e67a-43e6-44a3-8817-dc0e6b70f973,8e30b684-6a54-4aba-aa73-66201c2c736e,99d66b6c-9087-452f-a9d4-f15f2c2d0e7e",NA,"49fb6451-91b7-4af2-8cd3-354539a77589","04e4cd0c-fea1-47a9-bed4-e318c748719f","6b6997ca-c180-11e3-a896-90b11c41863e",NA,NA,"Mulalo",NA,NA,NA,NA,NA,"http://biodiversity.ku.edu/research/university-kansas-biodiversity-institute-data-publication-and-use-norms",NA,NA,NA,NA,NA,"dry|ETOH","http://grbio.org/cool/iakn-125z",NA,NA,NA,NA,NA,NA,NA,NA,NA,NA,NA,"Ecuador, Cotopaxi","07/10/2003","MaNIS/HerpNET/ORNIS Georeferencing Guidelines","Unverified","Geonames Query Page (gnswww.nga.mil/geonames/GNS/index.jsp)",NA,NA,NA,NA,NA,NA,NA,NA,NA,NA,NA,NA,NA,NA,NA,NA,NA,NA,NA,NA,NA,NA,NA,NA,NA,NA,NA,NA,NA,"gbif","ECU.6_1","ECU","Ecuador","Cotopaxi",NA,NA,"Provincia","Province","05","EC.CT","EC-X",-78.566667,-0.916667
"75","686848203","Atelopus ignescens (Cornalia, 1849)","cdround,gass84,gdativ","dce00a1f-f6b4-4e11-9771-92c62c40ad80","b554c320-0560-11d8-b851-b8a03c50a862","c1a14752-1025-417a-b729-8caeb7af6b73","b554c320-0560-11d8-b851-b8a03c50a862","US","DWC_ARCHIVE","2026-07-21T18:01:54.001+00:00","2026-07-21T20:05:10.446+00:00",516,NA,"PRESERVED_SPECIMEN","PRESENT",5216669,1,44,131,952,6727,2422265,5216669,5216669,"Atelopus ignescens (Cornalia, 1849)","Animalia","Chordata","Anura","Bufonidae","Atelopus","Atelopus ignescens","Atelopus","ignescens","SPECIES","ACCEPTED","CR",NA,25.12,"SOUTH_AMERICA","Chimborazo",NA,1971,5,24,"1971-05-24",144,144,"2000-11-28T12:48:34.000+00:00","2026-07-21T20:05:10.446+00:00",NA,"http://creativecommons.org/licenses/by/4.0/legalcode",FALSE,"bb458f9d-b069-11e3-8cfe-90b11c41863e","none","none",FALSE,"University of Kansas Biodiversity Institute Herpetology Collection",NA,NA,"none","WGS84","Amphibia","ECU","none","none","LATIN_AMERICA","Ecuador","NORTH_AMERICA",NA,"bb458f9d-b069-11e3-8cfe-90b11c41863e",NA,NA,NA,"516",NA,"686848203","KUH",NA,"bb458f9d-b069-11e3-8cfe-90b11c41863e",NA,NA,"141494","KU",NA,"Atelopus ignescens (Cornalia, 1849)","68e8e67a-43e6-44a3-8817-dc0e6b70f973,8e30b684-6a54-4aba-aa73-66201c2c736e,99d66b6c-9087-452f-a9d4-f15f2c2d0e7e",NA,"49fb6451-91b7-4af2-8cd3-354539a77589","04e4cd0c-fea1-47a9-bed4-e318c748719f","6b6997ca-c180-11e3-a896-90b11c41863e",NA,NA,"5.2 km S Palmira",NA,NA,NA,NA,NA,"http://biodiversity.ku.edu/research/university-kansas-biodiversity-institute-data-publication-and-use-norms",NA,NA,NA,NA,NA,"ETOH","http://grbio.org/cool/iakn-125z",NA,NA,NA,NA,NA,NA,NA,NA,NA,NA,NA,"Ecuador, Chimborazo","27/09/2004","MaNIS/HerpNET/ORNIS Georeferencing Guidelines","Unverified","Mapa Geografico del Ecuador 1:500,000; IGM Ecuador","assumed on road to Chunchi",NA,NA,NA,NA,NA,NA,NA,NA,NA,NA,NA,NA,NA,NA,NA,NA,NA,NA,NA,NA,NA,NA,NA,NA,NA,NA,NA,NA,"gbif","ECU.5_1","ECU","Ecuador","Chimborazo",NA,NA,"Provincia","Province","06","EC.CB","EC-H",-78.733333,-2.116667
"76","686848204","Atelopus ignescens (Cornalia, 1849)","cdround,gass84,gdativ","dce00a1f-f6b4-4e11-9771-92c62c40ad80","b554c320-0560-11d8-b851-b8a03c50a862","c1a14752-1025-417a-b729-8caeb7af6b73","b554c320-0560-11d8-b851-b8a03c50a862","US","DWC_ARCHIVE","2026-07-21T18:01:54.001+00:00","2026-07-21T20:05:10.424+00:00",516,NA,"PRESERVED_SPECIMEN","PRESENT",5216669,1,44,131,952,6727,2422265,5216669,5216669,"Atelopus ignescens (Cornalia, 1849)","Animalia","Chordata","Anura","Bufonidae","Atelopus","Atelopus ignescens","Atelopus","ignescens","SPECIES","ACCEPTED","CR",NA,5.72,"SOUTH_AMERICA","Cotopaxi",NA,1971,5,30,"1971-05-30",150,150,"2000-11-28T12:48:34.000+00:00","2026-07-21T20:05:10.424+00:00",NA,"http://creativecommons.org/licenses/by/4.0/legalcode",FALSE,"bb4592c9-b069-11e3-8cfe-90b11c41863e","none","none",FALSE,"University of Kansas Biodiversity Institute Herpetology Collection",NA,NA,"none","WGS84","Amphibia","ECU","none","none","LATIN_AMERICA","Ecuador","NORTH_AMERICA",NA,"bb4592c9-b069-11e3-8cfe-90b11c41863e",NA,NA,NA,"516",NA,"686848204","KUH",NA,"bb4592c9-b069-11e3-8cfe-90b11c41863e",NA,NA,"141495","KU",NA,"Atelopus ignescens (Cornalia, 1849)","68e8e67a-43e6-44a3-8817-dc0e6b70f973,8e30b684-6a54-4aba-aa73-66201c2c736e,99d66b6c-9087-452f-a9d4-f15f2c2d0e7e",NA,"49fb6451-91b7-4af2-8cd3-354539a77589","04e4cd0c-fea1-47a9-bed4-e318c748719f","6b6997ca-c180-11e3-a896-90b11c41863e",NA,NA,"11.3 km W Pujili",NA,NA,NA,NA,NA,"http://biodiversity.ku.edu/research/university-kansas-biodiversity-institute-data-publication-and-use-norms",NA,NA,NA,NA,NA,"ETOH","http://grbio.org/cool/iakn-125z",NA,NA,NA,NA,NA,NA,NA,NA,NA,NA,NA,"Ecuador, Cotopaxi","07/10/2003","MaNIS/HerpNET/ORNIS Georeferencing Guidelines","Unverified","Mapa Geografico del Ecuador 1:500,000; IGM Ecuador","assumed on road to Quevedo",NA,NA,NA,NA,NA,NA,NA,NA,NA,NA,NA,NA,NA,NA,NA,NA,NA,NA,NA,NA,NA,NA,NA,NA,NA,NA,NA,NA,"gbif","ECU.6_1","ECU","Ecuador","Cotopaxi",NA,NA,"Provincia","Province","05","EC.CT","EC-X",-78.75,-0.916667
"77","686848209","Atelopus ignescens (Cornalia, 1849)","cdround,gass84,gdativ","dce00a1f-f6b4-4e11-9771-92c62c40ad80","b554c320-0560-11d8-b851-b8a03c50a862","c1a14752-1025-417a-b729-8caeb7af6b73","b554c320-0560-11d8-b851-b8a03c50a862","US","DWC_ARCHIVE","2026-07-21T18:01:54.001+00:00","2026-07-21T20:05:10.467+00:00",516,NA,"PRESERVED_SPECIMEN","PRESENT",5216669,1,44,131,952,6727,2422265,5216669,5216669,"Atelopus ignescens (Cornalia, 1849)","Animalia","Chordata","Anura","Bufonidae","Atelopus","Atelopus ignescens","Atelopus","ignescens","SPECIES","ACCEPTED","CR",NA,5.72,"SOUTH_AMERICA","Cotopaxi",NA,1971,5,31,"1971-05-31",151,151,"2025-11-19T15:12:51.000+00:00","2026-07-21T20:05:10.467+00:00",NA,"http://creativecommons.org/licenses/by/4.0/legalcode",FALSE,"bb45a38e-b069-11e3-8cfe-90b11c41863e","none","none",FALSE,"University of Kansas Biodiversity Institute Herpetology Collection",NA,NA,"none","WGS84","Amphibia","ECU","none","none","LATIN_AMERICA","Ecuador","NORTH_AMERICA",NA,"bb45a38e-b069-11e3-8cfe-90b11c41863e",NA,NA,NA,"516",NA,"686848209","KUH",NA,"bb45a38e-b069-11e3-8cfe-90b11c41863e",NA,NA,"141500","KU",NA,"Atelopus ignescens (Cornalia, 1849)","68e8e67a-43e6-44a3-8817-dc0e6b70f973,8e30b684-6a54-4aba-aa73-66201c2c736e,99d66b6c-9087-452f-a9d4-f15f2c2d0e7e",NA,"49fb6451-91b7-4af2-8cd3-354539a77589","04e4cd0c-fea1-47a9-bed4-e318c748719f","6b6997ca-c180-11e3-a896-90b11c41863e",NA,NA,"37.8 km W Pujili",NA,NA,NA,NA,NA,"http://biodiversity.ku.edu/research/university-kansas-biodiversity-institute-data-publication-and-use-norms",NA,NA,NA,NA,NA,"ETOH","http://grbio.org/cool/iakn-125z",NA,NA,NA,NA,NA,NA,NA,NA,NA,NA,NA,"Ecuador, Cotopaxi","07/10/2003","MaNIS/HerpNET/ORNIS Georeferencing Guidelines","Unverified","Mapa Geografico del Ecuador 1:500,000; IGM Ecuador","assumed on road to Quevedo",NA,NA,NA,NA,NA,NA,NA,NA,NA,NA,NA,NA,NA,NA,NA,NA,NA,NA,NA,NA,NA,NA,NA,NA,NA,NA,NA,NA,"gbif","ECU.6_1","ECU","Ecuador","Cotopaxi",NA,NA,"Provincia","Province","05","EC.CT","EC-X",-78.916667,-0.933333
"78","686858688","Atelopus ignescens (Cornalia, 1849)","cdround,gass84,gdativ","dce00a1f-f6b4-4e11-9771-92c62c40ad80","b554c320-0560-11d8-b851-b8a03c50a862","c1a14752-1025-417a-b729-8caeb7af6b73","b554c320-0560-11d8-b851-b8a03c50a862","US","DWC_ARCHIVE","2026-07-21T18:01:54.001+00:00","2026-07-21T20:05:16.862+00:00",516,NA,"PRESERVED_SPECIMEN","PRESENT",5216669,1,44,131,952,6727,2422265,5216669,5216669,"Atelopus ignescens (Cornalia, 1849)","Animalia","Chordata","Anura","Bufonidae","Atelopus","Atelopus ignescens","Atelopus","ignescens","SPECIES","ACCEPTED","CR",NA,5.29,"SOUTH_AMERICA","Pichincha",NA,1971,5,29,"1971-05-29",149,149,"2000-11-28T12:48:46.000+00:00","2026-07-21T20:05:16.862+00:00",NA,"http://creativecommons.org/licenses/by/4.0/legalcode",FALSE,"bbce48ed-b069-11e3-8cfe-90b11c41863e","none","none",FALSE,"University of Kansas Biodiversity Institute Herpetology Collection",NA,NA,"none","WGS84","Amphibia","ECU","none","none","LATIN_AMERICA","Ecuador","NORTH_AMERICA",NA,"bbce48ed-b069-11e3-8cfe-90b11c41863e",NA,NA,NA,"516",NA,"686858688","KUH",NA,"bbce48ed-b069-11e3-8cfe-90b11c41863e",NA,NA,"152041","KU",NA,"Atelopus ignescens (Cornalia, 1849)","68e8e67a-43e6-44a3-8817-dc0e6b70f973,8e30b684-6a54-4aba-aa73-66201c2c736e,99d66b6c-9087-452f-a9d4-f15f2c2d0e7e",NA,"49fb6451-91b7-4af2-8cd3-354539a77589","04e4cd0c-fea1-47a9-bed4-e318c748719f","6b6997ca-c180-11e3-a896-90b11c41863e",NA,NA,"E slope Volcan de Pichincha",NA,NA,NA,NA,NA,"http://biodiversity.ku.edu/research/university-kansas-biodiversity-institute-data-publication-and-use-norms",NA,NA,NA,NA,NA,"ETOH","http://grbio.org/cool/iakn-125z",NA,NA,NA,NA,NA,NA,NA,NA,NA,NA,NA,"Ecuador, Pichincha","30/08/2004","MaNIS/HerpNET/ORNIS Georeferencing Guidelines","Unverified","Map SA17-4 (Quito) map 1:250,000. IGM Ecuador",NA,NA,NA,NA,NA,NA,NA,NA,NA,NA,NA,NA,NA,NA,NA,NA,NA,NA,NA,NA,NA,NA,NA,NA,NA,NA,NA,NA,NA,"gbif","ECU.19_1","ECU","Ecuador","Pichincha",NA,NA,"Provincia","Province","17","EC.PI","EC-P",-78.536944,-0.172222
"79","686848933","Atelopus ignescens (Cornalia, 1849)","gass84,gdativ,rdativ","dce00a1f-f6b4-4e11-9771-92c62c40ad80","b554c320-0560-11d8-b851-b8a03c50a862","c1a14752-1025-417a-b729-8caeb7af6b73","b554c320-0560-11d8-b851-b8a03c50a862","US","DWC_ARCHIVE","2026-07-21T18:01:54.001+00:00","2026-07-21T20:05:17.785+00:00",516,NA,"PRESERVED_SPECIMEN","PRESENT",5216669,1,44,131,952,6727,2422265,5216669,5216669,"Atelopus ignescens (Cornalia, 1849)","Animalia","Chordata","Anura","Bufonidae","Atelopus","Atelopus ignescens","Atelopus","ignescens","SPECIES","ACCEPTED","CR",NA,5.72,"SOUTH_AMERICA","Chimborazo",NA,1971,7,12,"1971-07-12",193,193,"2025-11-19T15:12:53.000+00:00","2026-07-21T20:05:17.785+00:00",NA,"http://creativecommons.org/licenses/by/4.0/legalcode",FALSE,"bb594a66-b069-11e3-8cfe-90b11c41863e","none","none",FALSE,"University of Kansas Biodiversity Institute Herpetology Collection",NA,NA,"none","WGS84","Amphibia","ECU","none","none","LATIN_AMERICA","Ecuador","NORTH_AMERICA",NA,"bb594a66-b069-11e3-8cfe-90b11c41863e",NA,NA,NA,"516",NA,"686848933","KUH",NA,"bb594a66-b069-11e3-8cfe-90b11c41863e",NA,NA,"142219","KU",NA,"Atelopus ignescens (Cornalia, 1849)","68e8e67a-43e6-44a3-8817-dc0e6b70f973,8e30b684-6a54-4aba-aa73-66201c2c736e,99d66b6c-9087-452f-a9d4-f15f2c2d0e7e",NA,"49fb6451-91b7-4af2-8cd3-354539a77589","04e4cd0c-fea1-47a9-bed4-e318c748719f","6b6997ca-c180-11e3-a896-90b11c41863e",NA,NA,"11.2 km NW San Juan",NA,NA,NA,NA,NA,"http://biodiversity.ku.edu/research/university-kansas-biodiversity-institute-data-publication-and-use-norms",NA,NA,NA,NA,NA,"ETOH","http://grbio.org/cool/iakn-125z",NA,NA,NA,NA,NA,NA,NA,NA,NA,NA,NA,"Ecuador, Chimborazo","27/09/2004","MaNIS/HerpNET/ORNIS Georeferencing Guidelines","Unverified","Mapa Geografico del Ecuador 1:500,000; IGM Ecuador","assumed on road to Guaranda",NA,NA,NA,NA,NA,NA,NA,NA,NA,NA,NA,NA,NA,NA,NA,NA,NA,NA,NA,NA,NA,NA,NA,NA,NA,NA,NA,NA,"gbif","ECU.5_1","ECU","Ecuador","Chimborazo",NA,NA,"Provincia","Province","06","EC.CB","EC-H",-78.85,-1.65
"80","686848986","Atelopus ignescens (Cornalia, 1849)","cdround,gass84,gdativ,rdativ","dce00a1f-f6b4-4e11-9771-92c62c40ad80","b554c320-0560-11d8-b851-b8a03c50a862","c1a14752-1025-417a-b729-8caeb7af6b73","b554c320-0560-11d8-b851-b8a03c50a862","US","DWC_ARCHIVE","2026-07-21T18:01:54.001+00:00","2026-07-21T20:05:10.467+00:00",516,NA,"PRESERVED_SPECIMEN","PRESENT",5216669,1,44,131,952,6727,2422265,5216669,5216669,"Atelopus ignescens (Cornalia, 1849)","Animalia","Chordata","Anura","Bufonidae","Atelopus","Atelopus ignescens","Atelopus","ignescens","SPECIES","ACCEPTED","CR",NA,5.72,"SOUTH_AMERICA","Cotopaxi",NA,1971,7,8,"1971-07-08",189,189,"2025-11-19T15:12:53.000+00:00","2026-07-21T20:05:10.467+00:00",NA,"http://creativecommons.org/licenses/by/4.0/legalcode",FALSE,"bb5996b2-b069-11e3-8cfe-90b11c41863e","none","none",FALSE,"University of Kansas Biodiversity Institute Herpetology Collection",NA,NA,"none","WGS84","Amphibia","ECU","none","none","LATIN_AMERICA","Ecuador","NORTH_AMERICA",NA,"bb5996b2-b069-11e3-8cfe-90b11c41863e",NA,NA,NA,"516",NA,"686848986","KUH",NA,"bb5996b2-b069-11e3-8cfe-90b11c41863e",NA,NA,"142272","KU",NA,"Atelopus ignescens (Cornalia, 1849)","68e8e67a-43e6-44a3-8817-dc0e6b70f973,8e30b684-6a54-4aba-aa73-66201c2c736e,99d66b6c-9087-452f-a9d4-f15f2c2d0e7e",NA,"49fb6451-91b7-4af2-8cd3-354539a77589","04e4cd0c-fea1-47a9-bed4-e318c748719f","6b6997ca-c180-11e3-a896-90b11c41863e",NA,NA,"38.3 km W Pujili",NA,NA,NA,NA,NA,"http://biodiversity.ku.edu/research/university-kansas-biodiversity-institute-data-publication-and-use-norms",NA,NA,NA,NA,NA,"ETOH","http://grbio.org/cool/iakn-125z",NA,NA,NA,NA,NA,NA,NA,NA,NA,NA,NA,"Ecuador, Cotopaxi","07/10/2003","MaNIS/HerpNET/ORNIS Georeferencing Guidelines","Unverified","Mapa Geografico del Ecuador 1:500,000; IGM Ecuador","assumed on road to Quevedo",NA,NA,NA,NA,NA,NA,NA,NA,NA,NA,NA,NA,NA,NA,NA,NA,NA,NA,NA,NA,NA,NA,NA,NA,NA,NA,NA,NA,"gbif","ECU.6_1","ECU","Ecuador","Cotopaxi",NA,NA,"Provincia","Province","05","EC.CT","EC-X",-78.916667,-0.95
"81","686849027","Atelopus ignescens (Cornalia, 1849)","gass84,gdativ,rdativ","dce00a1f-f6b4-4e11-9771-92c62c40ad80","b554c320-0560-11d8-b851-b8a03c50a862","c1a14752-1025-417a-b729-8caeb7af6b73","b554c320-0560-11d8-b851-b8a03c50a862","US","DWC_ARCHIVE","2026-07-21T18:01:54.001+00:00","2026-07-21T20:05:10.506+00:00",516,NA,"PRESERVED_SPECIMEN","PRESENT",5216669,1,44,131,952,6727,2422265,5216669,5216669,"Atelopus ignescens (Cornalia, 1849)","Animalia","Chordata","Anura","Bufonidae","Atelopus","Atelopus ignescens","Atelopus","ignescens","SPECIES","ACCEPTED","CR",NA,5.72,"SOUTH_AMERICA","Cotopaxi",NA,1971,7,8,"1971-07-08",189,189,"2000-11-28T12:48:35.000+00:00","2026-07-21T20:05:10.506+00:00",NA,"http://creativecommons.org/licenses/by/4.0/legalcode",FALSE,"bb59c69e-b069-11e3-8cfe-90b11c41863e","none","none",FALSE,"University of Kansas Biodiversity Institute Herpetology Collection",NA,NA,"none","WGS84","Amphibia","ECU","none","none","LATIN_AMERICA","Ecuador","NORTH_AMERICA",NA,"bb59c69e-b069-11e3-8cfe-90b11c41863e",NA,NA,NA,"516",NA,"686849027","KUH",NA,"bb59c69e-b069-11e3-8cfe-90b11c41863e",NA,NA,"142312","KU",NA,"Atelopus ignescens (Cornalia, 1849)","68e8e67a-43e6-44a3-8817-dc0e6b70f973,8e30b684-6a54-4aba-aa73-66201c2c736e,99d66b6c-9087-452f-a9d4-f15f2c2d0e7e",NA,"49fb6451-91b7-4af2-8cd3-354539a77589","04e4cd0c-fea1-47a9-bed4-e318c748719f","6b6997ca-c180-11e3-a896-90b11c41863e",NA,NA,"33.8 km W Pujili",NA,NA,NA,NA,NA,"http://biodiversity.ku.edu/research/university-kansas-biodiversity-institute-data-publication-and-use-norms",NA,NA,NA,NA,NA,"ETOH","http://grbio.org/cool/iakn-125z",NA,NA,NA,NA,NA,NA,NA,NA,NA,NA,NA,"Ecuador, Cotopaxi","07/10/2003","MaNIS/HerpNET/ORNIS Georeferencing Guidelines","Unverified","Mapa Geografico del Ecuador 1:500,000; IGM Ecuador","assumed on road to Quevedo",NA,NA,NA,NA,NA,NA,NA,NA,NA,NA,NA,NA,NA,NA,NA,NA,NA,NA,NA,NA,NA,NA,NA,NA,NA,NA,NA,NA,"gbif","ECU.6_1","ECU","Ecuador","Cotopaxi",NA,NA,"Provincia","Province","05","EC.CT","EC-X",-78.9,-0.95
"82","686838635","Atelopus ignescens (Cornalia, 1849)","cdround,gass84,gdativ,rdativ","dce00a1f-f6b4-4e11-9771-92c62c40ad80","b554c320-0560-11d8-b851-b8a03c50a862","c1a14752-1025-417a-b729-8caeb7af6b73","b554c320-0560-11d8-b851-b8a03c50a862","US","DWC_ARCHIVE","2026-07-21T18:01:54.001+00:00","2026-07-21T20:05:10.137+00:00",516,NA,"PRESERVED_SPECIMEN","PRESENT",5216669,1,44,131,952,6727,2422265,5216669,5216669,"Atelopus ignescens (Cornalia, 1849)","Animalia","Chordata","Anura","Bufonidae","Atelopus","Atelopus ignescens","Atelopus","ignescens","SPECIES","ACCEPTED","CR",NA,18.11,"SOUTH_AMERICA","Cotopaxi",NA,1970,7,6,"1970-07-06",187,187,"2000-11-28T12:48:24.000+00:00","2026-07-21T20:05:10.137+00:00",NA,"http://creativecommons.org/licenses/by/4.0/legalcode",FALSE,"ba4ee01a-b069-11e3-8cfe-90b11c41863e","none","none",FALSE,"University of Kansas Biodiversity Institute Herpetology Collection",NA,NA,"none","WGS84","Amphibia","ECU","none","none","LATIN_AMERICA","Ecuador","NORTH_AMERICA",NA,"ba4ee01a-b069-11e3-8cfe-90b11c41863e",NA,NA,NA,"516",NA,"686838635","KUH",NA,"ba4ee01a-b069-11e3-8cfe-90b11c41863e",NA,NA,"131808","KU",NA,"Atelopus ignescens (Cornalia, 1849)","68e8e67a-43e6-44a3-8817-dc0e6b70f973,8e30b684-6a54-4aba-aa73-66201c2c736e,99d66b6c-9087-452f-a9d4-f15f2c2d0e7e",NA,"49fb6451-91b7-4af2-8cd3-354539a77589","04e4cd0c-fea1-47a9-bed4-e318c748719f","6b6997ca-c180-11e3-a896-90b11c41863e",NA,NA,"Paramo de Tegua",NA,NA,NA,NA,NA,"http://biodiversity.ku.edu/research/university-kansas-biodiversity-institute-data-publication-and-use-norms",NA,NA,NA,NA,NA,"ETOH","http://grbio.org/cool/iakn-125z",NA,NA,NA,NA,NA,NA,NA,NA,NA,NA,NA,"Ecuador, Cotopaxi","06/10/2004","MaNIS/HerpNET/ORNIS Georeferencing Guidelines","Unverified","Mapa Geografico del Ecuador 1:500,000; IGM Ecuador","according to J. Lynch, this locality is in between Zumbagua and Pujili",NA,NA,NA,NA,NA,NA,NA,NA,NA,NA,NA,NA,NA,NA,NA,NA,NA,NA,NA,NA,NA,NA,NA,NA,NA,NA,NA,NA,"gbif","ECU.6_1","ECU","Ecuador","Cotopaxi",NA,NA,"Provincia","Province","05","EC.CT","EC-X",-78.8,-0.866667
"83","686838699","Atelopus ignescens (Cornalia, 1849)","cdround,gass84,gdativ,rdativ","dce00a1f-f6b4-4e11-9771-92c62c40ad80","b554c320-0560-11d8-b851-b8a03c50a862","c1a14752-1025-417a-b729-8caeb7af6b73","b554c320-0560-11d8-b851-b8a03c50a862","US","DWC_ARCHIVE","2026-07-21T18:01:54.001+00:00","2026-07-21T20:05:15.678+00:00",516,NA,"PRESERVED_SPECIMEN","PRESENT",5216669,1,44,131,952,6727,2422265,5216669,5216669,"Atelopus ignescens (Cornalia, 1849)","Animalia","Chordata","Anura","Bufonidae","Atelopus","Atelopus ignescens","Atelopus","ignescens","SPECIES","ACCEPTED","CR",NA,5.62,"SOUTH_AMERICA","Cotopaxi",NA,1970,7,6,"1970-07-06",187,187,"2025-11-19T15:12:40.000+00:00","2026-07-21T20:05:15.678+00:00",NA,"http://creativecommons.org/licenses/by/4.0/legalcode",FALSE,"ba4fca31-b069-11e3-8cfe-90b11c41863e","none","none",FALSE,"University of Kansas Biodiversity Institute Herpetology Collection",NA,NA,"none","WGS84","Amphibia","ECU","none","none","LATIN_AMERICA","Ecuador","NORTH_AMERICA",NA,"ba4fca31-b069-11e3-8cfe-90b11c41863e",NA,NA,NA,"516",NA,"686838699","KUH",NA,"ba4fca31-b069-11e3-8cfe-90b11c41863e",NA,NA,"131872","KU",NA,"Atelopus ignescens (Cornalia, 1849)","68e8e67a-43e6-44a3-8817-dc0e6b70f973,8e30b684-6a54-4aba-aa73-66201c2c736e,99d66b6c-9087-452f-a9d4-f15f2c2d0e7e",NA,"49fb6451-91b7-4af2-8cd3-354539a77589","04e4cd0c-fea1-47a9-bed4-e318c748719f","6b6997ca-c180-11e3-a896-90b11c41863e",NA,NA,"Paramo de Apagua",NA,NA,NA,NA,NA,"http://biodiversity.ku.edu/research/university-kansas-biodiversity-institute-data-publication-and-use-norms",NA,NA,NA,NA,NA,"ETOH","http://grbio.org/cool/iakn-125z",NA,NA,NA,NA,NA,NA,NA,NA,NA,NA,NA,"Ecuador, Cotopaxi","06/10/2004","MaNIS/HerpNET/ORNIS Georeferencing Guidelines","Unverified","Mapa Geografico del Ecuador 1:500,000; IGM Ecuador",NA,NA,NA,NA,NA,NA,NA,NA,NA,NA,NA,NA,NA,NA,NA,NA,NA,NA,NA,NA,NA,NA,NA,NA,NA,NA,NA,NA,NA,"gbif","ECU.6_1","ECU","Ecuador","Cotopaxi",NA,NA,"Provincia","Province","05","EC.CT","EC-X",-78.933333,-0.966667
"84","686838768","Atelopus ignescens (Cornalia, 1849)","cdround,gass84,gdativ","dce00a1f-f6b4-4e11-9771-92c62c40ad80","b554c320-0560-11d8-b851-b8a03c50a862","c1a14752-1025-417a-b729-8caeb7af6b73","b554c320-0560-11d8-b851-b8a03c50a862","US","DWC_ARCHIVE","2026-07-21T18:01:54.001+00:00","2026-07-21T20:05:10.222+00:00",516,NA,"PRESERVED_SPECIMEN","PRESENT",5216669,1,44,131,952,6727,2422265,5216669,5216669,"Atelopus ignescens (Cornalia, 1849)","Animalia","Chordata","Anura","Bufonidae","Atelopus","Atelopus ignescens","Atelopus","ignescens","SPECIES","ACCEPTED","CR",NA,4.72,"SOUTH_AMERICA","Tungurahua",NA,1970,7,22,"1970-07-22",203,203,"2000-11-28T12:48:24.000+00:00","2026-07-21T20:05:10.222+00:00",NA,"http://creativecommons.org/licenses/by/4.0/legalcode",FALSE,"ba50a94a-b069-11e3-8cfe-90b11c41863e","none","none",FALSE,"University of Kansas Biodiversity Institute Herpetology Collection",NA,NA,"none","WGS84","Amphibia","ECU","none","none","LATIN_AMERICA","Ecuador","NORTH_AMERICA",NA,"ba50a94a-b069-11e3-8cfe-90b11c41863e",NA,NA,NA,"516",NA,"686838768","KUH",NA,"ba50a94a-b069-11e3-8cfe-90b11c41863e",NA,NA,"131941","KU",NA,"Atelopus ignescens (Cornalia, 1849)","68e8e67a-43e6-44a3-8817-dc0e6b70f973,8e30b684-6a54-4aba-aa73-66201c2c736e,99d66b6c-9087-452f-a9d4-f15f2c2d0e7e",NA,"49fb6451-91b7-4af2-8cd3-354539a77589","04e4cd0c-fea1-47a9-bed4-e318c748719f","6b6997ca-c180-11e3-a896-90b11c41863e",NA,NA,"1 km W Juan Benigno Vela",NA,NA,NA,NA,NA,"http://biodiversity.ku.edu/research/university-kansas-biodiversity-institute-data-publication-and-use-norms",NA,NA,NA,NA,NA,"ETOH","http://grbio.org/cool/iakn-125z",NA,NA,NA,NA,NA,NA,NA,NA,NA,NA,NA,"Ecuador, Tungurahua","15/09/2004","MaNIS/HerpNET/ORNIS Georeferencing Guidelines","Unverified","Mapa Geografico del Ecuador 1:500,000; IGM Ecuador","assumed on road to Pilahuin",NA,NA,NA,NA,NA,NA,NA,NA,NA,NA,NA,NA,NA,NA,NA,NA,NA,NA,NA,NA,NA,NA,NA,NA,NA,NA,NA,NA,"gbif","ECU.23_1","ECU","Ecuador","Tungurahua",NA,NA,"Provincia","Province","18","EC.TU","EC-T",-78.683333,-1.3
"85","686838854","Atelopus ignescens (Cornalia, 1849)","cdround,gass84,gdativ","dce00a1f-f6b4-4e11-9771-92c62c40ad80","b554c320-0560-11d8-b851-b8a03c50a862","c1a14752-1025-417a-b729-8caeb7af6b73","b554c320-0560-11d8-b851-b8a03c50a862","US","DWC_ARCHIVE","2026-07-21T18:01:54.001+00:00","2026-07-21T20:05:10.176+00:00",516,NA,"PRESERVED_SPECIMEN","PRESENT",5216669,1,44,131,952,6727,2422265,5216669,5216669,"Atelopus ignescens (Cornalia, 1849)","Animalia","Chordata","Anura","Bufonidae","Atelopus","Atelopus ignescens","Atelopus","ignescens","SPECIES","ACCEPTED","CR",NA,5.62,"SOUTH_AMERICA","Tungurahua",NA,1970,7,23,"1970-07-23",204,204,"2000-11-28T12:48:24.000+00:00","2026-07-21T20:05:10.176+00:00",NA,"http://creativecommons.org/licenses/by/4.0/legalcode",FALSE,"ba535f8f-b069-11e3-8cfe-90b11c41863e","none","none",FALSE,"University of Kansas Biodiversity Institute Herpetology Collection",NA,NA,"none","WGS84","Amphibia","ECU","none","none","LATIN_AMERICA","Ecuador","NORTH_AMERICA",NA,"ba535f8f-b069-11e3-8cfe-90b11c41863e",NA,NA,NA,"516",NA,"686838854","KUH",NA,"ba535f8f-b069-11e3-8cfe-90b11c41863e",NA,NA,"132026","KU",NA,"Atelopus ignescens (Cornalia, 1849)","68e8e67a-43e6-44a3-8817-dc0e6b70f973,8e30b684-6a54-4aba-aa73-66201c2c736e,99d66b6c-9087-452f-a9d4-f15f2c2d0e7e",NA,"49fb6451-91b7-4af2-8cd3-354539a77589","04e4cd0c-fea1-47a9-bed4-e318c748719f","6b6997ca-c180-11e3-a896-90b11c41863e",NA,NA,"ca 12 km SW Santa Rosa",NA,NA,NA,NA,NA,"http://biodiversity.ku.edu/research/university-kansas-biodiversity-institute-data-publication-and-use-norms",NA,NA,NA,NA,NA,"ETOH","http://grbio.org/cool/iakn-125z",NA,NA,NA,NA,NA,NA,NA,NA,NA,NA,NA,"Ecuador, Tungurahua","15/09/2004","MaNIS/HerpNET/ORNIS Georeferencing Guidelines","Unverified","Mapa Geografico del Ecuador 1:500,000; IGM Ecuador","assumed on road to Benigno Vela",NA,NA,NA,NA,NA,NA,NA,NA,NA,NA,NA,NA,NA,NA,NA,NA,NA,NA,NA,NA,NA,NA,NA,NA,NA,NA,NA,NA,"gbif","ECU.23_1","ECU","Ecuador","Tungurahua",NA,NA,"Provincia","Province","18","EC.TU","EC-T",-78.716667,-1.283333
"86","686838905","Atelopus ignescens (Cornalia, 1849)","cdround,gass84,gdativ","dce00a1f-f6b4-4e11-9771-92c62c40ad80","b554c320-0560-11d8-b851-b8a03c50a862","c1a14752-1025-417a-b729-8caeb7af6b73","b554c320-0560-11d8-b851-b8a03c50a862","US","DWC_ARCHIVE","2026-07-21T18:01:54.001+00:00","2026-07-21T20:05:10.181+00:00",516,NA,"PRESERVED_SPECIMEN","PRESENT",5216669,1,44,131,952,6727,2422265,5216669,5216669,"Atelopus ignescens (Cornalia, 1849)","Animalia","Chordata","Anura","Bufonidae","Atelopus","Atelopus ignescens","Atelopus","ignescens","SPECIES","ACCEPTED","CR",NA,5.12,"SOUTH_AMERICA","Chimborazo",NA,1970,7,28,"1970-07-28",209,209,"2000-11-28T12:48:24.000+00:00","2026-07-21T20:05:10.181+00:00",NA,"http://creativecommons.org/licenses/by/4.0/legalcode",FALSE,"ba553499-b069-11e3-8cfe-90b11c41863e","none","none",FALSE,"University of Kansas Biodiversity Institute Herpetology Collection",NA,NA,"none","WGS84","Amphibia","ECU","none","none","LATIN_AMERICA","Ecuador","NORTH_AMERICA",NA,"ba553499-b069-11e3-8cfe-90b11c41863e",NA,NA,NA,"516",NA,"686838905","KUH",NA,"ba553499-b069-11e3-8cfe-90b11c41863e",NA,NA,"132077","KU",NA,"Atelopus ignescens (Cornalia, 1849)","68e8e67a-43e6-44a3-8817-dc0e6b70f973,8e30b684-6a54-4aba-aa73-66201c2c736e,99d66b6c-9087-452f-a9d4-f15f2c2d0e7e",NA,"49fb6451-91b7-4af2-8cd3-354539a77589","04e4cd0c-fea1-47a9-bed4-e318c748719f","6b6997ca-c180-11e3-a896-90b11c41863e",NA,NA,"15 km SE Pungala, Hacienda Alao",NA,NA,NA,NA,NA,"http://biodiversity.ku.edu/research/university-kansas-biodiversity-institute-data-publication-and-use-norms",NA,NA,NA,NA,NA,"ETOH","http://grbio.org/cool/iakn-125z",NA,NA,NA,NA,NA,NA,NA,NA,NA,NA,NA,"Ecuador, Chimborazo","27/09/2004","MaNIS/HerpNET/ORNIS Georeferencing Guidelines","Unverified","Mapa Geografico del Ecuador 1:500,000; IGM Ecuador","assumed on road to Huamboya",NA,NA,NA,NA,NA,NA,NA,NA,NA,NA,NA,NA,NA,NA,NA,NA,NA,NA,NA,NA,NA,NA,NA,NA,NA,NA,NA,NA,"gbif","ECU.5_1","ECU","Ecuador","Chimborazo",NA,NA,"Provincia","Province","06","EC.CB","EC-H",-78.483333,-1.883333
"87","686838904","Atelopus ignescens (Cornalia, 1849)","cdround,gass84,gdativ,rdativ","dce00a1f-f6b4-4e11-9771-92c62c40ad80","b554c320-0560-11d8-b851-b8a03c50a862","c1a14752-1025-417a-b729-8caeb7af6b73","b554c320-0560-11d8-b851-b8a03c50a862","US","DWC_ARCHIVE","2026-07-21T18:01:54.001+00:00","2026-07-21T20:05:19.890+00:00",516,NA,"PRESERVED_SPECIMEN","PRESENT",5216669,1,44,131,952,6727,2422265,5216669,5216669,"Atelopus ignescens (Cornalia, 1849)","Animalia","Chordata","Anura","Bufonidae","Atelopus","Atelopus ignescens","Atelopus","ignescens","SPECIES","ACCEPTED","CR",NA,2.54,"SOUTH_AMERICA","Pichincha",NA,1970,8,3,"1970-08-03",215,215,"2000-11-28T12:48:24.000+00:00","2026-07-21T20:05:19.890+00:00",NA,"http://creativecommons.org/licenses/by/4.0/legalcode",FALSE,"ba552990-b069-11e3-8cfe-90b11c41863e","none","none",FALSE,"University of Kansas Biodiversity Institute Herpetology Collection",NA,NA,"none","WGS84","Amphibia","ECU","none","none","LATIN_AMERICA","Ecuador","NORTH_AMERICA",NA,"ba552990-b069-11e3-8cfe-90b11c41863e",NA,NA,NA,"516",NA,"686838904","KUH",NA,"ba552990-b069-11e3-8cfe-90b11c41863e",NA,NA,"132076","KU",NA,"Atelopus ignescens (Cornalia, 1849)","68e8e67a-43e6-44a3-8817-dc0e6b70f973,8e30b684-6a54-4aba-aa73-66201c2c736e,99d66b6c-9087-452f-a9d4-f15f2c2d0e7e",NA,"49fb6451-91b7-4af2-8cd3-354539a77589","04e4cd0c-fea1-47a9-bed4-e318c748719f","6b6997ca-c180-11e3-a896-90b11c41863e",NA,NA,"0.5 km N Cayambe",NA,NA,NA,NA,NA,"http://biodiversity.ku.edu/research/university-kansas-biodiversity-institute-data-publication-and-use-norms",NA,NA,NA,NA,NA,"ETOH","http://grbio.org/cool/iakn-125z",NA,NA,NA,NA,NA,NA,NA,NA,NA,NA,NA,"Ecuador, Pichincha","02/09/2004","MaNIS/HerpNET/ORNIS Georeferencing Guidelines","Unverified","Map SA17-4 (Quito) map 1:250,000. IGM Ecuador","assumed by road",NA,NA,NA,NA,NA,NA,NA,NA,NA,NA,NA,NA,NA,NA,NA,NA,NA,NA,NA,NA,NA,NA,NA,NA,NA,NA,NA,NA,"gbif","ECU.19_1","ECU","Ecuador","Pichincha",NA,NA,"Provincia","Province","17","EC.PI","EC-P",-78.140833,0.052222
"88","686833867","Atelopus ignescens (Cornalia, 1849)","cdround,gass84,gdativ,rdativ","dce00a1f-f6b4-4e11-9771-92c62c40ad80","b554c320-0560-11d8-b851-b8a03c50a862","c1a14752-1025-417a-b729-8caeb7af6b73","b554c320-0560-11d8-b851-b8a03c50a862","US","DWC_ARCHIVE","2026-07-21T18:01:54.001+00:00","2026-07-21T20:05:15.566+00:00",516,NA,"PRESERVED_SPECIMEN","PRESENT",5216669,1,44,131,952,6727,2422265,5216669,5216669,"Atelopus ignescens (Cornalia, 1849)","Animalia","Chordata","Anura","Bufonidae","Atelopus","Atelopus ignescens","Atelopus","ignescens","SPECIES","ACCEPTED","CR",NA,15.29,"SOUTH_AMERICA","Pichincha",NA,1969,5,10,"1969-05-10",130,130,"2025-11-19T15:12:38.000+00:00","2026-07-21T20:05:15.566+00:00",NA,"http://creativecommons.org/licenses/by/4.0/legalcode",FALSE,"ba19379d-b069-11e3-8cfe-90b11c41863e","none","none",FALSE,"University of Kansas Biodiversity Institute Herpetology Collection",NA,NA,"none","WGS84","Amphibia","ECU","none","none","LATIN_AMERICA","Ecuador","NORTH_AMERICA",NA,"ba19379d-b069-11e3-8cfe-90b11c41863e",NA,NA,NA,"516",NA,"686833867","KUH",NA,"ba19379d-b069-11e3-8cfe-90b11c41863e",NA,NA,"127038","KU",NA,"Atelopus ignescens (Cornalia, 1849)","68e8e67a-43e6-44a3-8817-dc0e6b70f973,8e30b684-6a54-4aba-aa73-66201c2c736e,99d66b6c-9087-452f-a9d4-f15f2c2d0e7e",NA,"49fb6451-91b7-4af2-8cd3-354539a77589","04e4cd0c-fea1-47a9-bed4-e318c748719f","6b6997ca-c180-11e3-a896-90b11c41863e",NA,NA,"summit Cordillera Oriental btw Papallacta & Pifu",NA,NA,NA,NA,NA,"http://biodiversity.ku.edu/research/university-kansas-biodiversity-institute-data-publication-and-use-norms",NA,NA,NA,NA,NA,"ETOH","http://grbio.org/cool/iakn-125z",NA,NA,NA,NA,NA,NA,NA,NA,NA,NA,NA,"Ecuador, Pichincha","07/09/2004","MaNIS/HerpNET/ORNIS Georeferencing Guidelines","Unverified","Map SA17-4 (Quito) map 1:250,000. IGM Ecuador",NA,NA,NA,NA,NA,NA,NA,NA,NA,NA,NA,NA,NA,NA,NA,NA,NA,NA,NA,NA,NA,NA,NA,NA,NA,NA,NA,NA,NA,"gbif","ECU.19_1","ECU","Ecuador","Pichincha",NA,NA,"Provincia","Province","17","EC.PI","EC-P",-78.245,-0.286944
"89","686833879","Atelopus ignescens (Cornalia, 1849)","gass84,gdativ","dce00a1f-f6b4-4e11-9771-92c62c40ad80","b554c320-0560-11d8-b851-b8a03c50a862","c1a14752-1025-417a-b729-8caeb7af6b73","b554c320-0560-11d8-b851-b8a03c50a862","US","DWC_ARCHIVE","2026-07-21T18:01:54.001+00:00","2026-07-21T20:05:19.816+00:00",516,NA,"PRESERVED_SPECIMEN","PRESENT",5216669,1,44,131,952,6727,2422265,5216669,5216669,"Atelopus ignescens (Cornalia, 1849)","Animalia","Chordata","Anura","Bufonidae","Atelopus","Atelopus ignescens","Atelopus","ignescens","SPECIES","ACCEPTED","CR",NA,5.22,"SOUTH_AMERICA","Cotopaxi",NA,1969,6,18,"1969-06-18",169,169,"2000-11-28T12:48:19.000+00:00","2026-07-21T20:05:19.816+00:00",NA,"http://creativecommons.org/licenses/by/4.0/legalcode",FALSE,"ba195dd8-b069-11e3-8cfe-90b11c41863e","none","none",FALSE,"University of Kansas Biodiversity Institute Herpetology Collection",NA,NA,"none","WGS84","Amphibia","ECU","none","none","LATIN_AMERICA","Ecuador","NORTH_AMERICA",NA,"ba195dd8-b069-11e3-8cfe-90b11c41863e",NA,NA,NA,"516",NA,"686833879","KUH",NA,"ba195dd8-b069-11e3-8cfe-90b11c41863e",NA,NA,"127050","KU",NA,"Atelopus ignescens (Cornalia, 1849)","68e8e67a-43e6-44a3-8817-dc0e6b70f973,8e30b684-6a54-4aba-aa73-66201c2c736e,99d66b6c-9087-452f-a9d4-f15f2c2d0e7e",NA,"49fb6451-91b7-4af2-8cd3-354539a77589","04e4cd0c-fea1-47a9-bed4-e318c748719f","6b6997ca-c180-11e3-a896-90b11c41863e",NA,NA,"1 km NE Mulalo",NA,NA,NA,NA,NA,"http://biodiversity.ku.edu/research/university-kansas-biodiversity-institute-data-publication-and-use-norms",NA,NA,NA,NA,NA,"ETOH","http://grbio.org/cool/iakn-125z",NA,NA,NA,NA,NA,NA,NA,NA,NA,NA,NA,"Ecuador, Cotopaxi","07/10/2003","MaNIS/HerpNET/ORNIS Georeferencing Guidelines","Unverified","Geonames Query Page (gnswww.nga.mil/geonames/GNS/index.jsp)","assumed by air, no roads NE Mulalo",NA,NA,NA,NA,NA,NA,NA,NA,NA,NA,NA,NA,NA,NA,NA,NA,NA,NA,NA,NA,NA,NA,NA,NA,NA,NA,NA,NA,"gbif","ECU.6_1","ECU","Ecuador","Cotopaxi",NA,NA,"Provincia","Province","05","EC.CT","EC-X",-78.56031,-0.91027
"90","686833883","Atelopus ignescens (Cornalia, 1849)","cdround,gass84,gdativ","dce00a1f-f6b4-4e11-9771-92c62c40ad80","b554c320-0560-11d8-b851-b8a03c50a862","c1a14752-1025-417a-b729-8caeb7af6b73","b554c320-0560-11d8-b851-b8a03c50a862","US","DWC_ARCHIVE","2026-07-21T18:01:54.001+00:00","2026-07-21T20:05:19.841+00:00",516,NA,"PRESERVED_SPECIMEN","PRESENT",5216669,1,44,131,952,6727,2422265,5216669,5216669,"Atelopus ignescens (Cornalia, 1849)","Animalia","Chordata","Anura","Bufonidae","Atelopus","Atelopus ignescens","Atelopus","ignescens","SPECIES","ACCEPTED","CR",NA,7.62,"SOUTH_AMERICA","Cotopaxi",NA,1969,6,19,"1969-06-19",170,170,"2000-11-28T12:48:19.000+00:00","2026-07-21T20:05:19.841+00:00",NA,"http://creativecommons.org/licenses/by/4.0/legalcode",FALSE,"ba1969dc-b069-11e3-8cfe-90b11c41863e","none","none",FALSE,"University of Kansas Biodiversity Institute Herpetology Collection",NA,NA,"none","WGS84","Amphibia","ECU","none","none","LATIN_AMERICA","Ecuador","NORTH_AMERICA",NA,"ba1969dc-b069-11e3-8cfe-90b11c41863e",NA,NA,NA,"516",NA,"686833883","KUH",NA,"ba1969dc-b069-11e3-8cfe-90b11c41863e",NA,NA,"127054","KU",NA,"Atelopus ignescens (Cornalia, 1849)","68e8e67a-43e6-44a3-8817-dc0e6b70f973,8e30b684-6a54-4aba-aa73-66201c2c736e,99d66b6c-9087-452f-a9d4-f15f2c2d0e7e",NA,"49fb6451-91b7-4af2-8cd3-354539a77589","04e4cd0c-fea1-47a9-bed4-e318c748719f","6b6997ca-c180-11e3-a896-90b11c41863e",NA,NA,"1 km W Latacunga",NA,NA,NA,NA,NA,"http://biodiversity.ku.edu/research/university-kansas-biodiversity-institute-data-publication-and-use-norms",NA,NA,NA,NA,NA,"ETOH","http://grbio.org/cool/iakn-125z",NA,NA,NA,NA,NA,NA,NA,NA,NA,NA,NA,"Ecuador, Cotopaxi","06/10/2004","MaNIS/HerpNET/ORNIS Georeferencing Guidelines","Unverified","Mapa Geografico del Ecuador 1:500,000; IGM Ecuador","assumed on road to Zumbagua",NA,NA,NA,NA,NA,NA,NA,NA,NA,NA,NA,NA,NA,NA,NA,NA,NA,NA,NA,NA,NA,NA,NA,NA,NA,NA,NA,NA,"gbif","ECU.6_1","ECU","Ecuador","Cotopaxi",NA,NA,"Provincia","Province","05","EC.CT","EC-X",-78.616667,-0.916667
"91","686827206","Atelopus ignescens (Cornalia, 1849)","","dce00a1f-f6b4-4e11-9771-92c62c40ad80","b554c320-0560-11d8-b851-b8a03c50a862","c1a14752-1025-417a-b729-8caeb7af6b73","b554c320-0560-11d8-b851-b8a03c50a862","US","DWC_ARCHIVE","2026-07-21T18:01:54.001+00:00","2026-07-21T20:05:09.794+00:00",516,NA,"PRESERVED_SPECIMEN","PRESENT",5216669,1,44,131,952,6727,2422265,5216669,5216669,"Atelopus ignescens (Cornalia, 1849)","Animalia","Chordata","Anura","Bufonidae","Atelopus","Atelopus ignescens","Atelopus","ignescens","SPECIES","ACCEPTED","CR",NA,5.12,"SOUTH_AMERICA","Tungurahua",NA,1968,6,23,"1968-06-23",175,175,"2000-11-28T12:48:11.000+00:00","2026-07-21T20:05:09.794+00:00",NA,"http://creativecommons.org/licenses/by/4.0/legalcode",FALSE,"b988a17b-b069-11e3-8cfe-90b11c41863e","none","none",FALSE,"University of Kansas Biodiversity Institute Herpetology Collection",NA,NA,"none","WGS84","Amphibia","ECU","none","none","LATIN_AMERICA","Ecuador","NORTH_AMERICA",NA,"b988a17b-b069-11e3-8cfe-90b11c41863e",NA,NA,NA,"516",NA,"686827206","KUH",NA,"b988a17b-b069-11e3-8cfe-90b11c41863e",NA,NA,"120443","KU",NA,"Atelopus ignescens (Cornalia, 1849)","68e8e67a-43e6-44a3-8817-dc0e6b70f973,8e30b684-6a54-4aba-aa73-66201c2c736e,99d66b6c-9087-452f-a9d4-f15f2c2d0e7e",NA,"49fb6451-91b7-4af2-8cd3-354539a77589","04e4cd0c-fea1-47a9-bed4-e318c748719f","6b6997ca-c180-11e3-a896-90b11c41863e",NA,NA,"Ambato",NA,NA,NA,NA,NA,"http://biodiversity.ku.edu/research/university-kansas-biodiversity-institute-data-publication-and-use-norms",NA,NA,NA,NA,NA,"ETOH","http://grbio.org/cool/iakn-125z",NA,NA,NA,NA,NA,NA,NA,NA,NA,NA,NA,"Ecuador, Tungurahua","17/11/2003","MaNIS/HerpNET/ORNIS Georeferencing Guidelines","Unverified","Alexandria Digital Library",NA,NA,NA,NA,NA,NA,NA,NA,NA,NA,NA,NA,NA,NA,NA,NA,NA,NA,NA,NA,NA,NA,NA,NA,NA,NA,NA,NA,NA,"gbif","ECU.23_1","ECU","Ecuador","Tungurahua",NA,NA,"Provincia","Province","18","EC.TU","EC-T",-78.616669,-1.25
"92","686827211","Atelopus ignescens (Cornalia, 1849)","cdround,gass84,gdativ","dce00a1f-f6b4-4e11-9771-92c62c40ad80","b554c320-0560-11d8-b851-b8a03c50a862","c1a14752-1025-417a-b729-8caeb7af6b73","b554c320-0560-11d8-b851-b8a03c50a862","US","DWC_ARCHIVE","2026-07-21T18:01:54.001+00:00","2026-07-21T20:05:09.854+00:00",516,NA,"PRESERVED_SPECIMEN","PRESENT",5216669,1,44,131,952,6727,2422265,5216669,5216669,"Atelopus ignescens (Cornalia, 1849)","Animalia","Chordata","Anura","Bufonidae","Atelopus","Atelopus ignescens","Atelopus","ignescens","SPECIES","ACCEPTED","CR",NA,5.12,"SOUTH_AMERICA","Tungurahua",NA,1968,6,24,"1968-06-24",176,176,"2000-11-28T12:48:11.000+00:00","2026-07-21T20:05:09.854+00:00",NA,"http://creativecommons.org/licenses/by/4.0/legalcode",FALSE,"b988add5-b069-11e3-8cfe-90b11c41863e","none","none",FALSE,"University of Kansas Biodiversity Institute Herpetology Collection",NA,NA,"none","WGS84","Amphibia","ECU","none","none","LATIN_AMERICA","Ecuador","NORTH_AMERICA",NA,"b988add5-b069-11e3-8cfe-90b11c41863e",NA,NA,NA,"516",NA,"686827211","KUH",NA,"b988add5-b069-11e3-8cfe-90b11c41863e",NA,NA,"120448","KU",NA,"Atelopus ignescens (Cornalia, 1849)","68e8e67a-43e6-44a3-8817-dc0e6b70f973,8e30b684-6a54-4aba-aa73-66201c2c736e,99d66b6c-9087-452f-a9d4-f15f2c2d0e7e",NA,"49fb6451-91b7-4af2-8cd3-354539a77589","04e4cd0c-fea1-47a9-bed4-e318c748719f","6b6997ca-c180-11e3-a896-90b11c41863e",NA,NA,"3 km SW Mocha",NA,NA,NA,NA,NA,"http://biodiversity.ku.edu/research/university-kansas-biodiversity-institute-data-publication-and-use-norms",NA,NA,NA,NA,NA,"ETOH","http://grbio.org/cool/iakn-125z",NA,NA,NA,NA,NA,NA,NA,NA,NA,NA,NA,"Ecuador, Tungurahua","27/09/2004","MaNIS/HerpNET/ORNIS Georeferencing Guidelines","Unverified","Mapa Geografico del Ecuador 1:500,000; IGM Ecuador","assumed on road to Riobamba",NA,NA,NA,NA,NA,NA,NA,NA,NA,NA,NA,NA,NA,NA,NA,NA,NA,NA,NA,NA,NA,NA,NA,NA,NA,NA,NA,NA,"gbif","ECU.23_1","ECU","Ecuador","Tungurahua",NA,NA,"Provincia","Province","18","EC.TU","EC-T",-78.666667,-1.433333
"93","686827234","Atelopus ignescens (Cornalia, 1849)","cdround,gass84,gdativ","dce00a1f-f6b4-4e11-9771-92c62c40ad80","b554c320-0560-11d8-b851-b8a03c50a862","c1a14752-1025-417a-b729-8caeb7af6b73","b554c320-0560-11d8-b851-b8a03c50a862","US","DWC_ARCHIVE","2026-07-21T18:01:54.001+00:00","2026-07-21T20:05:16.852+00:00",516,NA,"PRESERVED_SPECIMEN","PRESENT",5216669,1,44,131,952,6727,2422265,5216669,5216669,"Atelopus ignescens (Cornalia, 1849)","Animalia","Chordata","Anura","Bufonidae","Atelopus","Atelopus ignescens","Atelopus","ignescens","SPECIES","ACCEPTED","CR",NA,7.62,"SOUTH_AMERICA","Cotopaxi",NA,1968,6,25,"1968-06-25",177,177,"2000-11-28T12:48:11.000+00:00","2026-07-21T20:05:16.852+00:00",NA,"http://creativecommons.org/licenses/by/4.0/legalcode",FALSE,"b988e6e1-b069-11e3-8cfe-90b11c41863e","none","none",FALSE,"University of Kansas Biodiversity Institute Herpetology Collection",NA,NA,"none","WGS84","Amphibia","ECU","none","none","LATIN_AMERICA","Ecuador","NORTH_AMERICA",NA,"b988e6e1-b069-11e3-8cfe-90b11c41863e",NA,NA,NA,"516",NA,"686827234","KUH",NA,"b988e6e1-b069-11e3-8cfe-90b11c41863e",NA,NA,"120471","KU",NA,"Atelopus ignescens (Cornalia, 1849)","68e8e67a-43e6-44a3-8817-dc0e6b70f973,8e30b684-6a54-4aba-aa73-66201c2c736e,99d66b6c-9087-452f-a9d4-f15f2c2d0e7e",NA,"49fb6451-91b7-4af2-8cd3-354539a77589","04e4cd0c-fea1-47a9-bed4-e318c748719f","6b6997ca-c180-11e3-a896-90b11c41863e",NA,NA,"Paramo de Melin, 18 km due W Latacunga",NA,NA,NA,NA,NA,"http://biodiversity.ku.edu/research/university-kansas-biodiversity-institute-data-publication-and-use-norms",NA,NA,NA,NA,NA,"ETOH","http://grbio.org/cool/iakn-125z",NA,NA,NA,NA,NA,NA,NA,NA,NA,NA,NA,"Ecuador, Cotopaxi","06/10/2004","MaNIS/HerpNET/ORNIS Georeferencing Guidelines","Unverified","Mapa Geografico del Ecuador 1:500,000; IGM Ecuador","assumed on road to Zumbagua",NA,NA,NA,NA,NA,NA,NA,NA,NA,NA,NA,NA,NA,NA,NA,NA,NA,NA,NA,NA,NA,NA,NA,NA,NA,NA,NA,NA,"gbif","ECU.6_1","ECU","Ecuador","Cotopaxi",NA,NA,"Provincia","Province","05","EC.CT","EC-X",-78.733333,-0.933333
"94","2973790442","Atelopus ignescens (Cornalia, 1849)","cdc,inmano","186605f8-4f62-4e3a-be58-c6b3b0bc47be","d073b448-6b80-4364-8c38-18d08b88797f","b38ff2b7-c8af-454e-b5af-ee760f0d5bca","8595cd50-87c0-11dc-bb35-b8a03c50a862","BR","EML","2026-07-11T12:35:18.764+00:00","2026-07-18T15:13:04.484+00:00",532,NA,"PRESERVED_SPECIMEN","PRESENT",5216669,1,44,131,952,6727,2422265,5216669,5216669,"Atelopus ignescens (Cornalia, 1849)","Animalia","Chordata","Anura","Bufonidae","Atelopus","Atelopus ignescens","Atelopus","ignescens","SPECIES","ACCEPTED","CR",NA,NA,"SOUTH_AMERICA","-",NA,1968,6,1,"1968-06-01",153,153,"2026-06-25T05:00:02.000+00:00","2026-07-18T15:13:04.484+00:00","https://specieslink.net/guid/25/967","http://creativecommons.org/licenses/by/4.0/legalcode",FALSE,"https://specieslink.net/guid/25/967","none","none",TRUE,NA,"W. C. A. Bokermann",NA,"none","WGS84","Amphibia","ECU","none","none","LATIN_AMERICA","Ecuador","LATIN_AMERICA","Coleção de Anfíbios do Museu de Diversidade Biológica da UNICAMP","https://specieslink.net/guid/25/967",NA,NA,NA,"532",NA,"2973790442","ZUEC-AMP",NA,"https://specieslink.net/guid/25/967",NA,NA,"967","UNICAMP",NA,"Atelopus ignescens (Cornalia, 1849)","99d66b6c-9087-452f-a9d4-f15f2c2d0e7e",NA,NA,NA,NA,NA,NA,NA,NA,NA,NA,NA,"Universidade Estadual de Campinas",NA,"https://specieslink.net/col/25",NA,NA,NA,NA,"Úmida",NA,NA,"Quito",NA,NA,NA,"Adulto",NA,NA,NA,NA,NA,NA,NA,NA,NA,NA,NA,NA,NA,NA,NA,NA,NA,NA,NA,NA,NA,NA,NA,NA,NA,NA,NA,NA,NA,NA,NA,NA,NA,NA,NA,NA,NA,NA,NA,"gbif","ECU.19_1","ECU","Ecuador","Pichincha",NA,NA,"Provincia","Province","17","EC.PI","EC-P",-78.524275,-0.229497
"95","686818138","Atelopus ignescens (Cornalia, 1849)","cdround,gass84,gdativ","dce00a1f-f6b4-4e11-9771-92c62c40ad80","b554c320-0560-11d8-b851-b8a03c50a862","c1a14752-1025-417a-b729-8caeb7af6b73","b554c320-0560-11d8-b851-b8a03c50a862","US","DWC_ARCHIVE","2026-07-21T18:01:54.001+00:00","2026-07-21T20:05:09.558+00:00",516,NA,"PRESERVED_SPECIMEN","PRESENT",5216669,1,44,131,952,6727,2422265,5216669,5216669,"Atelopus ignescens (Cornalia, 1849)","Animalia","Chordata","Anura","Bufonidae","Atelopus","Atelopus ignescens","Atelopus","ignescens","SPECIES","ACCEPTED","CR",NA,2.59,"SOUTH_AMERICA","Pichincha",NA,1967,7,13,"1967-07-13",194,194,"2025-11-19T15:12:23.000+00:00","2026-07-21T20:05:09.558+00:00",NA,"http://creativecommons.org/licenses/by/4.0/legalcode",FALSE,"b8d9dade-b069-11e3-8cfe-90b11c41863e","none","none",FALSE,"University of Kansas Biodiversity Institute Herpetology Collection",NA,NA,"none","WGS84","Amphibia","ECU","none","none","LATIN_AMERICA","Ecuador","NORTH_AMERICA",NA,"b8d9dade-b069-11e3-8cfe-90b11c41863e",NA,NA,NA,"516",NA,"686818138","KUH",NA,"b8d9dade-b069-11e3-8cfe-90b11c41863e",NA,NA,"111462","KU",NA,"Atelopus ignescens (Cornalia, 1849)","68e8e67a-43e6-44a3-8817-dc0e6b70f973,8e30b684-6a54-4aba-aa73-66201c2c736e,99d66b6c-9087-452f-a9d4-f15f2c2d0e7e",NA,"49fb6451-91b7-4af2-8cd3-354539a77589","04e4cd0c-fea1-47a9-bed4-e318c748719f","6b6997ca-c180-11e3-a896-90b11c41863e",NA,NA,"20 km E Pifo, Paso de Guamani",NA,NA,NA,NA,NA,"http://biodiversity.ku.edu/research/university-kansas-biodiversity-institute-data-publication-and-use-norms",NA,NA,NA,NA,NA,"ETOH","http://grbio.org/cool/iakn-125z",NA,NA,NA,NA,NA,NA,NA,NA,NA,NA,NA,"Ecuador, Pichincha","07/09/2004","MaNIS/HerpNET/ORNIS Georeferencing Guidelines","Unverified","Map SA17-4 (Quito) map 1:250,000. IGM Ecuador","assumed on road to Baeza",NA,NA,NA,NA,NA,NA,NA,NA,NA,NA,NA,NA,NA,NA,NA,NA,NA,NA,NA,NA,NA,NA,NA,NA,NA,NA,NA,NA,"gbif","ECU.19_1","ECU","Ecuador","Pichincha",NA,NA,"Provincia","Province","17","EC.PI","EC-P",-78.208056,-0.314167
"96","476589661","Atelopus ignescens (Cornalia, 1849)","colmafu,inmafu","4bfac3ea-8763-4f4b-a71a-76a6f5f243d3","b4640710-8e03-11d8-b956-b8a03c50a862","b0f5183c-5ed0-47f4-b75f-65e0c1036cb5","b4640710-8e03-11d8-b956-b8a03c50a862","US","EML","2026-07-14T17:47:44.213+00:00","2026-07-18T21:39:14.536+00:00",727,NA,"PRESERVED_SPECIMEN","PRESENT",5216669,1,44,131,952,6727,2422265,5216669,5216669,"Atelopus ignescens (Cornalia, 1849)","Animalia","Chordata","Anura","Bufonidae","Atelopus","Atelopus ignescens","Atelopus","ignescens","SPECIES","ACCEPTED","CR",NA,3715,"SOUTH_AMERICA","Pichincha",NA,1964,7,26,"1964-07-26",208,208,"2024-12-20T16:10:37.000+00:00","2026-07-18T21:39:14.536+00:00","http://mczbase.mcz.harvard.edu/guid/MCZ:Herp:A-48960","http://creativecommons.org/licenses/by-nc/4.0/legalcode",FALSE,"MCZ:Herp:A-48960","none","none",FALSE,NA,"Francois Vuilleumier","Catalog","none","WGS84","Amphibia","ECU","none","none","LATIN_AMERICA","Ecuador","NORTH_AMERICA","President and Fellows of Harvard College","MCZ:Herp:A-48960",NA,NA,"26/7/1964-26/7/1964","727",NA,"476589661","Herp","Ecuador: 10 km. S. Cayambe, Cangahua","MCZ:Herp:A-48960",NA,NA,"A-48960","MCZ",NA,"Atelopus ignescens (Cornalia, 1849)","68e8e67a-43e6-44a3-8817-dc0e6b70f973,99d66b6c-9087-452f-a9d4-f15f2c2d0e7e",NA,"1cfca87c-083e-4d67-8e60-cb7d311f6058","b2a3198c-ca1b-40e5-890f-46b4021d623b",NA,"26146","ICZN","10 km S Cayambe, Cangahua",NA,NA,NA,NA,"Museum of Comparative Zoology, Harvard University",NA,NA,NA,NA,1,NA,"whole animal (ethanol)","b4640710-8e03-11d8-b956-b8a03c50a862",NA,NA,"decimal degrees","unknown",NA,NA,NA,NA,NA,NA,NA,"South America: Ecuador: Pichincha",NA,"MaNIS/HerpNET/ORNIS Georeferencing Guidelines","unverified","Calle.com (presently fallingrain.com)",NA,1e-05,"Elisa Bonaccorso","collector number=26146|muse location number=ZA48960",NA,"http://vocab.getty.edu/tgn/1001487",NA,NA,"Animalia Chordata Amphibia Lissamphibia Anura Bufonoidea Bufonidae Atelopus ignescens",NA,NA,NA,NA,NA,NA,NA,NA,NA,NA,NA,NA,NA,NA,NA,NA,NA,NA,NA,NA,"gbif","ECU.19_1","ECU","Ecuador","Pichincha",NA,NA,"Provincia","Province","17","EC.PI","EC-P",-78.1667,-0.0667
"97","1987065248","Atelopus ignescens (Cornalia, 1849)","cdc,conti","8e479b8f-ac16-4bed-a11a-bc7e27c31663","6ea87510-0561-11d8-b851-b8a03c50a862","cfbb523a-883c-48db-8258-dcfe32b11d64","a5486e02-d249-4809-9273-deac47fb11e0","US","EML","2026-07-20T12:03:10.614+00:00","2026-07-20T12:14:45.492+00:00",498,NA,"PRESERVED_SPECIMEN","PRESENT",5216669,1,44,131,952,6727,2422265,5216669,5216669,"Atelopus ignescens (Cornalia, 1849)","Animalia","Chordata","Anura","Bufonidae","Atelopus","Atelopus ignescens","Atelopus","ignescens","SPECIES","ACCEPTED","CR",NA,11294,"SOUTH_AMERICA","Tungurahua",NA,1964,12,27,"1964-12-27",362,362,"2016-12-25T23:55:20.000+00:00","2026-07-20T12:14:45.492+00:00",NA,"http://creativecommons.org/licenses/by/4.0/legalcode",FALSE,"31ecaa23-960c-4afe-8813-13822f863d77","none","none",FALSE,"University of Michigan Museum of Zoology, Division of Reptiles & Amphibians","DENNIS KNIGHT",NA,"none","WGS84","Amphibia","ECU","none","none","LATIN_AMERICA","Ecuador","NORTH_AMERICA","The Regents of the University of Michigan","31ecaa23-960c-4afe-8813-13822f863d77",NA,NA,NA,"498",NA,"1987065248","UMMZ-Herps",NA,"31ecaa23-960c-4afe-8813-13822f863d77",NA,NA,"126332","UMMZ",NA,"Atelopus ignescens (Cornalia, 1849)","68e8e67a-43e6-44a3-8817-dc0e6b70f973,8e30b684-6a54-4aba-aa73-66201c2c736e,99d66b6c-9087-452f-a9d4-f15f2c2d0e7e",NA,"2a508411-2acd-45df-8a8b-00094ac65f87","93b0c64c-ff9d-429b-81ca-ad651820ce66",NA,NA,NA,"NEAR AMBATO CA 12500 FT PARAMO","en","PhysicalObject",NA,NA,NA,NA,"https://scientific-collections.gbif.org/collection/93b0c64c-ff9d-429b-81ca-ad651820ce66",NA,NA,1,NA,"FLUID - 1","https://scientific-collections.gbif.org/institution/2a508411-2acd-45df-8a8b-00094ac65f87",NA,NA,NA,"in collection",NA,NA,NA,NA,NA,NA,NA,"ECUADOR, TUNGURAHUA","2016-05-03","Geolocate Web",NA,NA,NA,NA,"Helen Huetteman",NA,"2524",NA,NA,NA,NA,NA,NA,NA,"INCREASED UNCERTAINTY",NA,NA,NA,NA,NA,NA,NA,NA,NA,NA,NA,NA,NA,NA,NA,NA,"gbif","ECU.23_1","ECU","Ecuador","Tungurahua",NA,NA,"Provincia","Province","18","EC.TU","EC-T",-78.622781,-1.252369
"98","476483486","Atelopus ignescens (Cornalia, 1849)","colmafu,inmafu","4bfac3ea-8763-4f4b-a71a-76a6f5f243d3","b4640710-8e03-11d8-b956-b8a03c50a862","b0f5183c-5ed0-47f4-b75f-65e0c1036cb5","b4640710-8e03-11d8-b956-b8a03c50a862","US","EML","2026-07-14T17:47:44.213+00:00","2026-07-18T21:36:48.106+00:00",727,NA,"PRESERVED_SPECIMEN","PRESENT",5216669,1,44,131,952,6727,2422265,5216669,5216669,"Atelopus ignescens (Cornalia, 1849)","Animalia","Chordata","Anura","Bufonidae","Atelopus","Atelopus ignescens","Atelopus","ignescens","SPECIES","ACCEPTED","CR",NA,90320,"SOUTH_AMERICA","Pichincha","none",1963,4,14,"1963-04-14",104,104,"2024-12-20T16:10:37.000+00:00","2026-07-18T21:36:48.106+00:00","http://mczbase.mcz.harvard.edu/guid/MCZ:Herp:A-43433","http://creativecommons.org/licenses/by-nc/4.0/legalcode",FALSE,"MCZ:Herp:A-43433","none","none",FALSE,NA,"Charles M. Fugler","Catalog","none","WGS84","Amphibia","ECU","none","none","LATIN_AMERICA","Ecuador","NORTH_AMERICA","President and Fellows of Harvard College","MCZ:Herp:A-43433",NA,NA,"14/4/1963-14/4/1963","727",NA,"476483486","Herp","Ecuador: 1 km S. of Pichincha-Imabura boundary","MCZ:Herp:A-43433",NA,NA,"A-43433","MCZ",NA,"Atelopus ignescens (Cornalia, 1849)","68e8e67a-43e6-44a3-8817-dc0e6b70f973,99d66b6c-9087-452f-a9d4-f15f2c2d0e7e",NA,"1cfca87c-083e-4d67-8e60-cb7d311f6058","b2a3198c-ca1b-40e5-890f-46b4021d623b",NA,NA,"ICZN","1 km S of Pichincha-Imabura boundary",NA,NA,NA,NA,"Museum of Comparative Zoology, Harvard University",NA,NA,NA,NA,1,NA,"whole animal (ethanol)","b4640710-8e03-11d8-b956-b8a03c50a862",NA,NA,"decimal degrees","unknown",NA,NA,NA,NA,NA,NA,NA,"South America: Ecuador: Pichincha",NA,"GEOLocate","verified by MCZ collection","GEOLocate",NA,1e-05,"Cleo Falvey","muse location number=ZA43386",NA,"http://vocab.getty.edu/tgn/1001487",NA,NA,"Animalia Chordata Amphibia Lissamphibia Anura Bufonoidea Bufonidae Atelopus ignescens",NA,NA,NA,NA,NA,NA,NA,NA,NA,NA,NA,NA,NA,NA,NA,NA,NA,NA,NA,NA,"gbif","ECU.19_1","ECU","Ecuador","Pichincha",NA,NA,"Provincia","Province","17","EC.PI","EC-P",-78.49406,0.2297
"99","476483978","Atelopus ignescens (Cornalia, 1849)","colmafu,inmafu","4bfac3ea-8763-4f4b-a71a-76a6f5f243d3","b4640710-8e03-11d8-b956-b8a03c50a862","b0f5183c-5ed0-47f4-b75f-65e0c1036cb5","b4640710-8e03-11d8-b956-b8a03c50a862","US","EML","2026-07-14T17:47:44.213+00:00","2026-07-18T21:40:38.126+00:00",727,NA,"PRESERVED_SPECIMEN","PRESENT",5216669,1,44,131,952,6727,2422265,5216669,5216669,"Atelopus ignescens (Cornalia, 1849)","Animalia","Chordata","Anura","Bufonidae","Atelopus","Atelopus ignescens","Atelopus","ignescens","SPECIES","ACCEPTED","CR",NA,16615,"SOUTH_AMERICA","Cotopaxi",NA,1963,4,14,"1963-04-14",104,104,"2024-12-20T16:10:37.000+00:00","2026-07-18T21:40:38.126+00:00","http://mczbase.mcz.harvard.edu/guid/MCZ:Herp:A-43393","http://creativecommons.org/licenses/by-nc/4.0/legalcode",FALSE,"MCZ:Herp:A-43393","none","none",FALSE,NA,"Charles M. Fugler","Catalog","none","WGS84","Amphibia","ECU","none","none","LATIN_AMERICA","Ecuador","NORTH_AMERICA","President and Fellows of Harvard College","MCZ:Herp:A-43393",NA,NA,"14/4/1963-14/4/1963","727",NA,"476483978","Herp","Ecuador: Paramo, W. of Pujili, Cotopaxi","MCZ:Herp:A-43393",NA,NA,"A-43393","MCZ",NA,"Atelopus ignescens (Cornalia, 1849)","68e8e67a-43e6-44a3-8817-dc0e6b70f973,99d66b6c-9087-452f-a9d4-f15f2c2d0e7e",NA,"1cfca87c-083e-4d67-8e60-cb7d311f6058","b2a3198c-ca1b-40e5-890f-46b4021d623b",NA,NA,"ICZN","Paramo, W of of Pujili",NA,NA,NA,NA,"Museum of Comparative Zoology, Harvard University",NA,NA,NA,NA,1,NA,"whole animal (ethanol)","b4640710-8e03-11d8-b956-b8a03c50a862",NA,NA,"decimal degrees","unknown",NA,NA,NA,NA,NA,NA,NA,"South America: Ecuador: Cotopaxi",NA,"MaNIS/HerpNET/ORNIS Georeferencing Guidelines","unverified","Mapa Geografico del Ecuador 1:500,000; IGM Ecuador","error encompasses 10 km around Pujili",1e-05,"Elisa Bonaccorso","muse location number=ZA43391",NA,NA,NA,NA,"Animalia Chordata Amphibia Lissamphibia Anura Bufonoidea Bufonidae Atelopus ignescens",NA,NA,NA,NA,NA,NA,NA,NA,NA,NA,NA,NA,NA,NA,NA,NA,NA,NA,NA,NA,"gbif","ECU.6_1","ECU","Ecuador","Cotopaxi",NA,NA,"Provincia","Province","05","EC.CT","EC-X",-78.68552,-0.95341
"100","1317220788","Atelopus ignescens (Cornalia, 1849)","gass84,gdativ,osiic","821cc27a-e3bb-4bc5-ac34-89ada245069d","bc092ff0-02e4-11dc-991f-b8a03c50a862","b2ff19b5-d74f-40d2-82f1-ec5db01e8e31","bc092ff0-02e4-11dc-991f-b8a03c50a862","US","EML","2026-07-16T13:39:50.656+00:00","2026-07-18T17:35:34.290+00:00",514,NA,"PRESERVED_SPECIMEN","PRESENT",5216669,1,44,131,952,6727,2422265,5216669,5216669,"Atelopus ignescens (Cornalia, 1849)","Animalia","Chordata","Anura","Bufonidae","Atelopus","Atelopus ignescens","Atelopus","ignescens","SPECIES","ACCEPTED","CR",NA,3294,"SOUTH_AMERICA","Napo",NA,1962,7,6,"1962-07-06",187,187,"2022-12-02T12:54:00.000+00:00","2026-07-18T17:35:34.290+00:00",NA,"http://creativecommons.org/publicdomain/zero/1.0/legalcode",FALSE,"http://n2t.net/ark:/65665/300cf5db0-40c5-44e9-95ef-747f75ae8af5","none","none",FALSE,"NMNH Extant Biology",NA,NA,"none","WGS84","Amphibia","ECU","none","none","LATIN_AMERICA","Ecuador","NORTH_AMERICA",NA,"http://n2t.net/ark:/65665/300cf5db0-40c5-44e9-95ef-747f75ae8af5",NA,NA,"6 Jul 1962","514",NA,"1317220788","HERP",NA,"http://n2t.net/ark:/65665/300cf5db0-40c5-44e9-95ef-747f75ae8af5",NA,NA,"USNM 236761","USNM",NA,"Atelopus ignescens (Cornalia, 1849)","68e8e67a-43e6-44a3-8817-dc0e6b70f973,99d66b6c-9087-452f-a9d4-f15f2c2d0e7e",3155,"586ee56e-b0fe-4dff-b7f9-aeb104f3308a","f34f47db-05bd-4cb7-9d43-691f029b68cc",NA,NA,NA,"Papallacta, 1 km W of",NA,NA,NA,NA,NA,NA,"urn:uuid:cc104cbf-fd8e-4801-9b71-36731a7db1a0",NA,NA,1,0,"Ethanol","urn:lsid:biocol.org:col:34871",NA,NA,NA,NA,NA,NA,NA,NA,NA,NA,NA,"South America, Ecuador, Napo",NA,"Map SA17-4 (Quito) map 1:250,000. IGM Ecuador, MaNIS/HerpNET/ORNIS Georeferencing Guidelines",NA,NA,"Locality extent = 2",NA,NA,NA,NA,NA,NA,"10350 ft","Animalia, Chordata, Vertebrata, Amphibia, Anura, Bufonidae",NA,NA,NA,NA,NA,NA,NA,NA,NA,NA,NA,NA,NA,NA,NA,NA,NA,NA,NA,NA,"gbif","ECU.16_1","ECU","Ecuador","Napo",NA,NA,"Provincia","Province","15","EC.NA","EC-N",-78.1458,-0.374167
"101","1317283267","Atelopus ignescens (Cornalia, 1849)","gass84,gdativ,osiic","821cc27a-e3bb-4bc5-ac34-89ada245069d","bc092ff0-02e4-11dc-991f-b8a03c50a862","b2ff19b5-d74f-40d2-82f1-ec5db01e8e31","bc092ff0-02e4-11dc-991f-b8a03c50a862","US","EML","2026-07-16T13:39:50.656+00:00","2026-07-18T17:35:37.637+00:00",514,NA,"PRESERVED_SPECIMEN","PRESENT",5216669,1,44,131,952,6727,2422265,5216669,5216669,"Atelopus ignescens (Cornalia, 1849)","Animalia","Chordata","Anura","Bufonidae","Atelopus","Atelopus ignescens","Atelopus","ignescens","SPECIES","ACCEPTED","CR",NA,3294,"SOUTH_AMERICA","Napo",NA,1962,7,5,"1962-07-05",186,186,"2022-12-02T12:54:00.000+00:00","2026-07-18T17:35:37.637+00:00",NA,"http://creativecommons.org/publicdomain/zero/1.0/legalcode",FALSE,"http://n2t.net/ark:/65665/30394bbe8-7baa-4b91-b663-597b693452f4","none","none",FALSE,"NMNH Extant Biology",NA,NA,"none","WGS84","Amphibia","ECU","none","none","LATIN_AMERICA","Ecuador","NORTH_AMERICA",NA,"http://n2t.net/ark:/65665/30394bbe8-7baa-4b91-b663-597b693452f4",NA,NA,"5 Jul 1962","514",NA,"1317283267","HERP",NA,"http://n2t.net/ark:/65665/30394bbe8-7baa-4b91-b663-597b693452f4",NA,NA,"USNM 236709","USNM",NA,"Atelopus ignescens (Cornalia, 1849)","68e8e67a-43e6-44a3-8817-dc0e6b70f973,99d66b6c-9087-452f-a9d4-f15f2c2d0e7e",3231,"586ee56e-b0fe-4dff-b7f9-aeb104f3308a","f34f47db-05bd-4cb7-9d43-691f029b68cc",NA,NA,NA,"Papallacta, 5 km W of",NA,NA,NA,NA,NA,NA,"urn:uuid:cc104cbf-fd8e-4801-9b71-36731a7db1a0",NA,NA,1,0,"Ethanol","urn:lsid:biocol.org:col:34871",NA,NA,NA,NA,NA,NA,NA,NA,NA,NA,NA,"South America, Ecuador, Napo",NA,"Map SA17-4 (Quito) map 1:250,000. IGM Ecuador, MaNIS/HerpNET/ORNIS Georeferencing Guidelines",NA,NA,"Locality extent = 2",NA,NA,NA,NA,NA,NA,"10600 ft","Animalia, Chordata, Vertebrata, Amphibia, Anura, Bufonidae",NA,NA,NA,NA,NA,NA,NA,NA,NA,NA,NA,NA,NA,NA,NA,NA,NA,NA,NA,NA,"gbif","ECU.16_1","ECU","Ecuador","Napo",NA,NA,"Provincia","Province","15","EC.NA","EC-N",-78.1767,-0.369722
"102","1317937542","Atelopus ignescens (Cornalia, 1849)","gass84,gdativ,osiic","821cc27a-e3bb-4bc5-ac34-89ada245069d","bc092ff0-02e4-11dc-991f-b8a03c50a862","b2ff19b5-d74f-40d2-82f1-ec5db01e8e31","bc092ff0-02e4-11dc-991f-b8a03c50a862","US","EML","2026-07-16T13:39:50.656+00:00","2026-07-18T17:23:25.986+00:00",514,NA,"PRESERVED_SPECIMEN","PRESENT",5216669,1,44,131,952,6727,2422265,5216669,5216669,"Atelopus ignescens (Cornalia, 1849)","Animalia","Chordata","Anura","Bufonidae","Atelopus","Atelopus ignescens","Atelopus","ignescens","SPECIES","ACCEPTED","CR",NA,6254,"SOUTH_AMERICA","Napo",NA,1962,7,17,"1962-07-17",198,198,"2023-07-05T15:10:00.000+00:00","2026-07-18T17:23:25.986+00:00",NA,"http://creativecommons.org/publicdomain/zero/1.0/legalcode",FALSE,"http://n2t.net/ark:/65665/3207f5af7-bb55-4b7a-b415-9cb209b0a411","none","none",FALSE,"NMNH Extant Biology",NA,NA,"none","WGS84","Amphibia","ECU","none","none","LATIN_AMERICA","Ecuador","NORTH_AMERICA",NA,"http://n2t.net/ark:/65665/3207f5af7-bb55-4b7a-b415-9cb209b0a411",NA,NA,"17 Jul 1962","514",NA,"1317937542","HERP",NA,"http://n2t.net/ark:/65665/3207f5af7-bb55-4b7a-b415-9cb209b0a411",NA,NA,"USNM 236782","USNM",NA,"Atelopus ignescens (Cornalia, 1849)","68e8e67a-43e6-44a3-8817-dc0e6b70f973,99d66b6c-9087-452f-a9d4-f15f2c2d0e7e",2743,"586ee56e-b0fe-4dff-b7f9-aeb104f3308a","f34f47db-05bd-4cb7-9d43-691f029b68cc",NA,NA,NA,"Cuyuja, 5 km W of",NA,NA,NA,NA,NA,NA,"urn:uuid:cc104cbf-fd8e-4801-9b71-36731a7db1a0",NA,NA,1,0,"Ethanol","urn:lsid:biocol.org:col:34871",NA,NA,NA,NA,NA,NA,NA,NA,NA,NA,NA,"South America, Ecuador, Napo",NA,"Map SA17-4 (Quito) and 18-1 (Tena) maps 1:250,000. IGM Ecuador, MaNIS/HerpNET/ORNIS Georeferencing Guidelines",NA,NA,"Locality extent = 5",NA,NA,NA,NA,NA,NA,"9000 ft","Animalia, Chordata, Vertebrata, Amphibia, Anura, Bufonidae",NA,NA,NA,NA,NA,NA,NA,NA,NA,NA,NA,NA,NA,NA,NA,NA,NA,NA,NA,NA,"gbif","ECU.16_1","ECU","Ecuador","Napo",NA,NA,"Provincia","Province","15","EC.NA","EC-N",-78.0594,-0.383056
"103","1317951091","Atelopus ignescens (Cornalia, 1849)","gass84,gdativ,osiic","821cc27a-e3bb-4bc5-ac34-89ada245069d","bc092ff0-02e4-11dc-991f-b8a03c50a862","b2ff19b5-d74f-40d2-82f1-ec5db01e8e31","bc092ff0-02e4-11dc-991f-b8a03c50a862","US","EML","2026-07-16T13:39:50.656+00:00","2026-07-18T17:36:01.561+00:00",514,NA,"PRESERVED_SPECIMEN","PRESENT",5216669,1,44,131,952,6727,2422265,5216669,5216669,"Atelopus ignescens (Cornalia, 1849)","Animalia","Chordata","Anura","Bufonidae","Atelopus","Atelopus ignescens","Atelopus","ignescens","SPECIES","ACCEPTED","CR",NA,2794,"SOUTH_AMERICA","Napo",NA,1962,7,5,"1962-07-05",186,186,"2022-12-02T12:54:00.000+00:00","2026-07-18T17:36:01.561+00:00",NA,"http://creativecommons.org/publicdomain/zero/1.0/legalcode",FALSE,"http://n2t.net/ark:/65665/321172405-5cae-4cb5-a64a-b2a42ac4ac47","none","none",FALSE,"NMNH Extant Biology",NA,NA,"none","WGS84","Amphibia","ECU","none","none","LATIN_AMERICA","Ecuador","NORTH_AMERICA",NA,"http://n2t.net/ark:/65665/321172405-5cae-4cb5-a64a-b2a42ac4ac47",NA,NA,"5 Jul 1962","514",NA,"1317951091","HERP",NA,"http://n2t.net/ark:/65665/321172405-5cae-4cb5-a64a-b2a42ac4ac47",NA,NA,"USNM 236764","USNM",NA,"Atelopus ignescens (Cornalia, 1849)","68e8e67a-43e6-44a3-8817-dc0e6b70f973,99d66b6c-9087-452f-a9d4-f15f2c2d0e7e",3094,"586ee56e-b0fe-4dff-b7f9-aeb104f3308a","f34f47db-05bd-4cb7-9d43-691f029b68cc",NA,NA,NA,"Papallacta, 0.5 km E of",NA,NA,NA,NA,NA,NA,"urn:uuid:cc104cbf-fd8e-4801-9b71-36731a7db1a0",NA,NA,1,0,"Ethanol","urn:lsid:biocol.org:col:34871",NA,NA,NA,NA,NA,NA,NA,NA,NA,NA,NA,"South America, Ecuador, Napo",NA,"Map SA17-4 (Quito) map 1:250,000. IGM Ecuador, MaNIS/HerpNET/ORNIS Georeferencing Guidelines",NA,NA,"Locality extent = 2",NA,NA,NA,NA,NA,NA,"10150 ft","Animalia, Chordata, Vertebrata, Amphibia, Anura, Bufonidae",NA,NA,NA,NA,NA,NA,NA,NA,NA,NA,NA,NA,NA,NA,NA,NA,NA,NA,NA,NA,"gbif","ECU.16_1","ECU","Ecuador","Napo",NA,NA,"Provincia","Province","15","EC.NA","EC-N",-78.1367,-0.374444
"104","1318396346","Atelopus ignescens (Cornalia, 1849)","osiic","821cc27a-e3bb-4bc5-ac34-89ada245069d","bc092ff0-02e4-11dc-991f-b8a03c50a862","b2ff19b5-d74f-40d2-82f1-ec5db01e8e31","bc092ff0-02e4-11dc-991f-b8a03c50a862","US","EML","2026-07-16T13:39:50.656+00:00","2026-07-18T17:36:18.214+00:00",514,NA,"PRESERVED_SPECIMEN","PRESENT",5216669,1,44,131,952,6727,2422265,5216669,5216669,"Atelopus ignescens (Cornalia, 1849)","Animalia","Chordata","Anura","Bufonidae","Atelopus","Atelopus ignescens","Atelopus","ignescens","SPECIES","ACCEPTED","CR",NA,4615,"SOUTH_AMERICA","Napo",NA,1962,7,5,"1962-07-05",186,186,"2022-12-02T12:54:00.000+00:00","2026-07-18T17:36:18.214+00:00",NA,"http://creativecommons.org/publicdomain/zero/1.0/legalcode",FALSE,"http://n2t.net/ark:/65665/334cf32a3-39fc-49e6-be24-c0d26290bb12","none","none",FALSE,"NMNH Extant Biology",NA,NA,"none","WGS84","Amphibia","ECU","none","none","LATIN_AMERICA","Ecuador","NORTH_AMERICA",NA,"http://n2t.net/ark:/65665/334cf32a3-39fc-49e6-be24-c0d26290bb12",NA,NA,"5 Jul 1962","514",NA,"1318396346","HERP",NA,"http://n2t.net/ark:/65665/334cf32a3-39fc-49e6-be24-c0d26290bb12",NA,NA,"USNM 236781","USNM",NA,"Atelopus ignescens (Cornalia, 1849)","68e8e67a-43e6-44a3-8817-dc0e6b70f973,99d66b6c-9087-452f-a9d4-f15f2c2d0e7e",3109,"586ee56e-b0fe-4dff-b7f9-aeb104f3308a","f34f47db-05bd-4cb7-9d43-691f029b68cc",NA,NA,NA,"Papallacta, near Río Papallacta",NA,NA,NA,NA,NA,NA,"urn:uuid:cc104cbf-fd8e-4801-9b71-36731a7db1a0",NA,NA,1,0,"Ethanol","urn:lsid:biocol.org:col:34871",NA,NA,NA,NA,NA,NA,NA,NA,NA,NA,NA,"South America, Ecuador, Napo",NA,"Alexandria Digital Library, MaNIS/HerpNET/ORNIS Georeferencing Guidelines",NA,NA,"Locality extent = 2",NA,NA,NA,NA,NA,NA,"10200 ft","Animalia, Chordata, Vertebrata, Amphibia, Anura, Bufonidae",NA,NA,NA,NA,NA,NA,NA,NA,NA,NA,NA,NA,NA,NA,NA,NA,NA,NA,NA,NA,"gbif","ECU.16_1","ECU","Ecuador","Napo",NA,NA,"Provincia","Province","15","EC.NA","EC-N",-78.1333,-0.366667
"105","1317294774","Atelopus ignescens (Cornalia, 1849)","gass84,gdativ,osiic","821cc27a-e3bb-4bc5-ac34-89ada245069d","bc092ff0-02e4-11dc-991f-b8a03c50a862","b2ff19b5-d74f-40d2-82f1-ec5db01e8e31","bc092ff0-02e4-11dc-991f-b8a03c50a862","US","EML","2026-07-16T13:39:50.656+00:00","2026-07-18T17:35:36.837+00:00",514,NA,"PRESERVED_SPECIMEN","PRESENT",5216669,1,44,131,952,6727,2422265,5216669,5216669,"Atelopus ignescens (Cornalia, 1849)","Animalia","Chordata","Anura","Bufonidae","Atelopus","Atelopus ignescens","Atelopus","ignescens","SPECIES","ACCEPTED","CR",NA,21115,"SOUTH_AMERICA","Tungurahua","none",1962,8,2,"1962-08-02",214,214,"2023-07-05T15:11:00.000+00:00","2026-07-18T17:35:36.837+00:00",NA,"http://creativecommons.org/publicdomain/zero/1.0/legalcode",FALSE,"http://n2t.net/ark:/65665/304164b88-c91c-4f8c-8544-e4797b5620ae","none","none",FALSE,"NMNH Extant Biology",NA,NA,"none","WGS84","Amphibia","ECU","none","none","LATIN_AMERICA","Ecuador","NORTH_AMERICA",NA,"http://n2t.net/ark:/65665/304164b88-c91c-4f8c-8544-e4797b5620ae",NA,NA,"2 Aug 1962","514",NA,"1317294774","HERP",NA,"http://n2t.net/ark:/65665/304164b88-c91c-4f8c-8544-e4797b5620ae",NA,NA,"USNM 236880","USNM",NA,"Atelopus ignescens (Cornalia, 1849)","68e8e67a-43e6-44a3-8817-dc0e6b70f973,99d66b6c-9087-452f-a9d4-f15f2c2d0e7e",3078,"586ee56e-b0fe-4dff-b7f9-aeb104f3308a","f34f47db-05bd-4cb7-9d43-691f029b68cc",NA,NA,NA,"Quito to Riobamba Highway, between km 155-156",NA,NA,NA,NA,NA,NA,"urn:uuid:cc104cbf-fd8e-4801-9b71-36731a7db1a0",NA,NA,1,0,"Ethanol","urn:lsid:biocol.org:col:34871",NA,NA,NA,NA,NA,NA,NA,NA,NA,NA,NA,"South America, Ecuador, Tungurahua",NA,"Mapa Geografico del Ecuador 1:500,000; IGM Ecuador, MaNIS/HerpNET/ORNIS Georeferencing Guidelines",NA,NA,"Locality extent = 17",NA,NA,NA,NA,NA,NA,"10100 ft","Animalia, Chordata, Vertebrata, Amphibia, Anura, Bufonidae",NA,NA,NA,NA,NA,NA,NA,NA,NA,NA,NA,NA,NA,NA,NA,NA,NA,NA,NA,NA,"gbif","ECU.23_1","ECU","Ecuador","Tungurahua",NA,NA,"Provincia","Province","18","EC.TU","EC-T",-78.65,-1.45
"106","1318301180","Atelopus ignescens (Cornalia, 1849)","gass84,gdativ,osiic","821cc27a-e3bb-4bc5-ac34-89ada245069d","bc092ff0-02e4-11dc-991f-b8a03c50a862","b2ff19b5-d74f-40d2-82f1-ec5db01e8e31","bc092ff0-02e4-11dc-991f-b8a03c50a862","US","EML","2026-07-16T13:39:50.656+00:00","2026-07-18T17:36:13.142+00:00",514,NA,"PRESERVED_SPECIMEN","PRESENT",5216669,1,44,131,952,6727,2422265,5216669,5216669,"Atelopus ignescens (Cornalia, 1849)","Animalia","Chordata","Anura","Bufonidae","Atelopus","Atelopus ignescens","Atelopus","ignescens","SPECIES","ACCEPTED","CR",NA,21115,"SOUTH_AMERICA","Tungurahua","none",1962,8,2,"1962-08-02",214,214,"2023-07-05T15:11:00.000+00:00","2026-07-18T17:36:13.142+00:00",NA,"http://creativecommons.org/publicdomain/zero/1.0/legalcode",FALSE,"http://n2t.net/ark:/65665/330972db8-a9ea-4a60-b7f4-cd491f5aff81","none","none",FALSE,"NMNH Extant Biology",NA,NA,"none","WGS84","Amphibia","ECU","none","none","LATIN_AMERICA","Ecuador","NORTH_AMERICA",NA,"http://n2t.net/ark:/65665/330972db8-a9ea-4a60-b7f4-cd491f5aff81",NA,NA,"2 Aug 1962","514",NA,"1318301180","HERP",NA,"http://n2t.net/ark:/65665/330972db8-a9ea-4a60-b7f4-cd491f5aff81",NA,NA,"USNM 236882","USNM",NA,"Atelopus ignescens (Cornalia, 1849)","68e8e67a-43e6-44a3-8817-dc0e6b70f973,99d66b6c-9087-452f-a9d4-f15f2c2d0e7e",2987,"586ee56e-b0fe-4dff-b7f9-aeb104f3308a","f34f47db-05bd-4cb7-9d43-691f029b68cc",NA,NA,NA,"Urbinas, ca. 10 km N of, Km 158 on the Quito - Riobamba Highway, Puente de Mallo",NA,NA,NA,NA,NA,NA,"urn:uuid:cc104cbf-fd8e-4801-9b71-36731a7db1a0",NA,NA,1,0,"Ethanol","urn:lsid:biocol.org:col:34871",NA,NA,NA,NA,NA,NA,NA,NA,NA,NA,NA,"South America, Ecuador, Tungurahua",NA,"Mapa Geografico del Ecuador 1:500,000; IGM Ecuador, MaNIS/HerpNET/ORNIS Georeferencing Guidelines",NA,NA,"Locality extent = 17",NA,NA,NA,NA,NA,NA,"9800 ft","Animalia, Chordata, Vertebrata, Amphibia, Anura, Bufonidae",NA,NA,NA,NA,NA,NA,NA,NA,NA,NA,NA,NA,NA,NA,NA,NA,NA,NA,NA,NA,"gbif","ECU.23_1","ECU","Ecuador","Tungurahua",NA,NA,"Provincia","Province","18","EC.TU","EC-T",-78.6667,-1.41667
"107","1987029972","Atelopus ignescens (Cornalia, 1849)","cdc,conti","8e479b8f-ac16-4bed-a11a-bc7e27c31663","6ea87510-0561-11d8-b851-b8a03c50a862","cfbb523a-883c-48db-8258-dcfe32b11d64","a5486e02-d249-4809-9273-deac47fb11e0","US","EML","2026-07-20T12:03:10.614+00:00","2026-07-20T12:14:44.403+00:00",498,NA,"PRESERVED_SPECIMEN","PRESENT",5216669,1,44,131,952,6727,2422265,5216669,5216669,"Atelopus ignescens (Cornalia, 1849)","Animalia","Chordata","Anura","Bufonidae","Atelopus","Atelopus ignescens","Atelopus","ignescens","SPECIES","ACCEPTED","CR",NA,3036,"SOUTH_AMERICA","Chimborazo",NA,1962,8,2,"1962-08-02",214,214,"2016-12-25T23:55:18.000+00:00","2026-07-20T12:14:44.403+00:00",NA,"http://creativecommons.org/licenses/by/4.0/legalcode",FALSE,"05627d34-b8f9-4efd-a7f5-430b9cad13a0","none","none",FALSE,"University of Michigan Museum of Zoology, Division of Reptiles & Amphibians","J A PETERS",NA,"none","WGS84","Amphibia","ECU","none","none","LATIN_AMERICA","Ecuador","NORTH_AMERICA","The Regents of the University of Michigan","05627d34-b8f9-4efd-a7f5-430b9cad13a0",NA,NA,NA,"498",NA,"1987029972","UMMZ-Herps",NA,"05627d34-b8f9-4efd-a7f5-430b9cad13a0",NA,NA,"126334","UMMZ",NA,"Atelopus ignescens (Cornalia, 1849)","68e8e67a-43e6-44a3-8817-dc0e6b70f973,8e30b684-6a54-4aba-aa73-66201c2c736e,99d66b6c-9087-452f-a9d4-f15f2c2d0e7e",NA,"2a508411-2acd-45df-8a8b-00094ac65f87","93b0c64c-ff9d-429b-81ca-ad651820ce66",NA,NA,NA,"URBINA 3609 M","en","PhysicalObject",NA,NA,NA,NA,"https://scientific-collections.gbif.org/collection/93b0c64c-ff9d-429b-81ca-ad651820ce66",NA,NA,1,NA,"FLUID - 1","https://scientific-collections.gbif.org/institution/2a508411-2acd-45df-8a8b-00094ac65f87",NA,NA,NA,"in collection",NA,NA,NA,NA,NA,NA,NA,"ECUADOR, CHIMBORAZO","2016-05-03","Geolocate Web",NA,NA,NA,NA,"Helen Huetteman",NA,"CFW4242",NA,NA,NA,NA,NA,NA,NA,NA,NA,NA,NA,NA,NA,NA,NA,NA,NA,NA,NA,NA,NA,NA,NA,NA,"gbif","ECU.5_1","ECU","Ecuador","Chimborazo",NA,NA,"Provincia","Province","06","EC.CB","EC-H",-78.733333,-1.5
"108","1987052244","Atelopus ignescens (Cornalia, 1849)","cdc,conti","8e479b8f-ac16-4bed-a11a-bc7e27c31663","6ea87510-0561-11d8-b851-b8a03c50a862","cfbb523a-883c-48db-8258-dcfe32b11d64","a5486e02-d249-4809-9273-deac47fb11e0","US","EML","2026-07-20T12:03:10.614+00:00","2026-07-20T12:14:35.884+00:00",498,NA,"PRESERVED_SPECIMEN","PRESENT",5216669,1,44,131,952,6727,2422265,5216669,5216669,"Atelopus ignescens (Cornalia, 1849)","Animalia","Chordata","Anura","Bufonidae","Atelopus","Atelopus ignescens","Atelopus","ignescens","SPECIES","ACCEPTED","CR",NA,3036,"SOUTH_AMERICA","Chimborazo",NA,1962,8,3,"1962-08-03",215,215,"2016-12-25T23:55:17.000+00:00","2026-07-20T12:14:35.884+00:00",NA,"http://creativecommons.org/licenses/by/4.0/legalcode",FALSE,"219f1f5b-79c5-4be5-8b8f-ae623f852064","none","none",FALSE,"University of Michigan Museum of Zoology, Division of Reptiles & Amphibians","C F WALKER AND J A PETERS",NA,"none","WGS84","Amphibia","ECU","none","none","LATIN_AMERICA","Ecuador","NORTH_AMERICA","The Regents of the University of Michigan","219f1f5b-79c5-4be5-8b8f-ae623f852064",NA,NA,NA,"498",NA,"1987052244","UMMZ-Herps",NA,"219f1f5b-79c5-4be5-8b8f-ae623f852064",NA,NA,"126335","UMMZ",NA,"Atelopus ignescens (Cornalia, 1849)","68e8e67a-43e6-44a3-8817-dc0e6b70f973,8e30b684-6a54-4aba-aa73-66201c2c736e,99d66b6c-9087-452f-a9d4-f15f2c2d0e7e",NA,"2a508411-2acd-45df-8a8b-00094ac65f87","93b0c64c-ff9d-429b-81ca-ad651820ce66",NA,NA,NA,"GUAMOTE 3 KM S 10000","en","PhysicalObject",NA,NA,NA,NA,"https://scientific-collections.gbif.org/collection/93b0c64c-ff9d-429b-81ca-ad651820ce66",NA,NA,1,NA,"FLUID - 1","https://scientific-collections.gbif.org/institution/2a508411-2acd-45df-8a8b-00094ac65f87",NA,NA,NA,"in collection",NA,NA,NA,NA,NA,NA,NA,"ECUADOR, CHIMBORAZO","2016-05-03","Geolocate Web",NA,NA,NA,NA,"Helen Huetteman",NA,"CFW4247",NA,NA,NA,NA,NA,NA,NA,"ADJUSTED MARKER S",NA,NA,NA,NA,NA,NA,NA,NA,NA,NA,NA,NA,NA,NA,NA,NA,"gbif","ECU.5_1","ECU","Ecuador","Chimborazo",NA,NA,"Provincia","Province","06","EC.CB","EC-H",-78.709896,-1.964985
"109","1987093201","Atelopus ignescens (Cornalia, 1849)","cdc,conti","8e479b8f-ac16-4bed-a11a-bc7e27c31663","6ea87510-0561-11d8-b851-b8a03c50a862","cfbb523a-883c-48db-8258-dcfe32b11d64","a5486e02-d249-4809-9273-deac47fb11e0","US","EML","2026-07-20T12:03:10.614+00:00","2026-07-20T12:14:39.122+00:00",498,NA,"PRESERVED_SPECIMEN","PRESENT",5216669,1,44,131,952,6727,2422265,5216669,5216669,"Atelopus ignescens (Cornalia, 1849)","Animalia","Chordata","Anura","Bufonidae","Atelopus","Atelopus ignescens","Atelopus","ignescens","SPECIES","ACCEPTED","CR",NA,4633,"SOUTH_AMERICA","Pichincha",NA,1962,8,10,"1962-08-10",222,222,"2016-12-25T23:55:12.000+00:00","2026-07-20T12:14:39.122+00:00",NA,"http://creativecommons.org/licenses/by/4.0/legalcode",FALSE,"54d0daf2-bef5-4c3e-9f0e-54455d706d67","none","none",FALSE,"University of Michigan Museum of Zoology, Division of Reptiles & Amphibians","C F WALKER",NA,"none","WGS84","Amphibia","ECU","none","none","LATIN_AMERICA","Ecuador","NORTH_AMERICA","The Regents of the University of Michigan","54d0daf2-bef5-4c3e-9f0e-54455d706d67",NA,NA,NA,"498",NA,"1987093201","UMMZ-Herps",NA,"54d0daf2-bef5-4c3e-9f0e-54455d706d67",NA,NA,"126339","UMMZ",NA,"Atelopus ignescens (Cornalia, 1849)","68e8e67a-43e6-44a3-8817-dc0e6b70f973,8e30b684-6a54-4aba-aa73-66201c2c736e,99d66b6c-9087-452f-a9d4-f15f2c2d0e7e",NA,"2a508411-2acd-45df-8a8b-00094ac65f87","93b0c64c-ff9d-429b-81ca-ad651820ce66",NA,NA,NA,"QUITO SANTO DOMINGO ROAD 6-7 KM W OF CHILLOGALLO CA 3000 M","en","PhysicalObject",NA,NA,NA,NA,"https://scientific-collections.gbif.org/collection/93b0c64c-ff9d-429b-81ca-ad651820ce66",NA,NA,1,NA,"FLUID - 1","https://scientific-collections.gbif.org/institution/2a508411-2acd-45df-8a8b-00094ac65f87",NA,NA,NA,"in collection",NA,NA,NA,NA,NA,NA,NA,"ECUADOR, PICHINCHA","2016-05-03","Geolocate Web",NA,NA,NA,NA,"Helen Huetteman",NA,"CFW4281",NA,NA,NA,NA,NA,NA,NA,"PLACED MARKER W OF CHILLOGALLO",NA,NA,NA,NA,NA,NA,NA,NA,NA,NA,NA,NA,NA,NA,NA,NA,"gbif","ECU.19_1","ECU","Ecuador","Pichincha",NA,NA,"Provincia","Province","17","EC.PI","EC-P",-78.614477,-0.274552
"110","1318993001","Atelopus ignescens (Cornalia, 1849)","gass84,gdativ,osiic","821cc27a-e3bb-4bc5-ac34-89ada245069d","bc092ff0-02e4-11dc-991f-b8a03c50a862","b2ff19b5-d74f-40d2-82f1-ec5db01e8e31","bc092ff0-02e4-11dc-991f-b8a03c50a862","US","EML","2026-07-16T13:39:50.656+00:00","2026-07-18T17:26:28.175+00:00",514,NA,"PRESERVED_SPECIMEN","PRESENT",5216669,1,44,131,952,6727,2422265,5216669,5216669,"Atelopus ignescens (Cornalia, 1849)","Animalia","Chordata","Anura","Bufonidae","Atelopus","Atelopus ignescens","Atelopus","ignescens","SPECIES","ACCEPTED","CR",NA,13090,"SOUTH_AMERICA","Cotopaxi Province",NA,1959,1,22,"1959-01-22",22,22,"2023-07-05T15:12:00.000+00:00","2026-07-18T17:26:28.175+00:00",NA,"http://creativecommons.org/publicdomain/zero/1.0/legalcode",FALSE,"http://n2t.net/ark:/65665/34f30f597-2092-4d64-8576-fbbb66cc42e7","none","none",FALSE,"NMNH Extant Biology",NA,NA,"none","WGS84","Amphibia","ECU","none","none","LATIN_AMERICA","Ecuador","NORTH_AMERICA",NA,"http://n2t.net/ark:/65665/34f30f597-2092-4d64-8576-fbbb66cc42e7",NA,NA,"22 Jan 1959","514",NA,"1318993001","HERP",NA,"http://n2t.net/ark:/65665/34f30f597-2092-4d64-8576-fbbb66cc42e7",NA,NA,"USNM 236931","USNM",NA,"Atelopus ignescens (Cornalia, 1849)","68e8e67a-43e6-44a3-8817-dc0e6b70f973,99d66b6c-9087-452f-a9d4-f15f2c2d0e7e",3600,"586ee56e-b0fe-4dff-b7f9-aeb104f3308a","f34f47db-05bd-4cb7-9d43-691f029b68cc",NA,NA,NA,"Pilalo, 10 km E of, in Paramo",NA,NA,NA,NA,NA,NA,"urn:uuid:cc104cbf-fd8e-4801-9b71-36731a7db1a0",NA,NA,1,0,"Ethanol","urn:lsid:biocol.org:col:34871",NA,NA,NA,NA,NA,NA,NA,NA,NA,NA,NA,"South America, Ecuador, Cotopaxi Province",NA,"Mapa Geografico del Ecuador 1:500,000; IGM Ecuador, MaNIS/HerpNET/ORNIS Georeferencing Guidelines",NA,NA,"Locality extent = 3.3",NA,NA,NA,NA,NA,NA,"3600 m","Animalia, Chordata, Vertebrata, Amphibia, Anura, Bufonidae",NA,NA,NA,NA,NA,NA,NA,NA,NA,NA,NA,NA,NA,NA,NA,NA,NA,NA,NA,NA,"gbif","ECU.6_1","ECU","Ecuador","Cotopaxi",NA,NA,"Provincia","Province","05","EC.CT","EC-X",-78.8935,-0.95
"111","1320696213","Atelopus ignescens (Cornalia, 1849)","gass84,gdativ,osiic","821cc27a-e3bb-4bc5-ac34-89ada245069d","bc092ff0-02e4-11dc-991f-b8a03c50a862","b2ff19b5-d74f-40d2-82f1-ec5db01e8e31","bc092ff0-02e4-11dc-991f-b8a03c50a862","US","EML","2026-07-16T13:39:50.656+00:00","2026-07-18T17:37:42.265+00:00",514,NA,"PRESERVED_SPECIMEN","PRESENT",5216669,1,44,131,952,6727,2422265,5216669,5216669,"Atelopus ignescens (Cornalia, 1849)","Animalia","Chordata","Anura","Bufonidae","Atelopus","Atelopus ignescens","Atelopus","ignescens","SPECIES","ACCEPTED","CR",NA,7615,"SOUTH_AMERICA","Cotopaxi Province",NA,1959,1,6,"1959-01-06",6,6,"2023-07-05T15:12:00.000+00:00","2026-07-18T17:37:42.265+00:00",NA,"http://creativecommons.org/publicdomain/zero/1.0/legalcode",FALSE,"http://n2t.net/ark:/65665/39a8e751a-09fe-4fc6-9308-b2c1deba9234","none","none",FALSE,"NMNH Extant Biology",NA,NA,"none","WGS84","Amphibia","ECU","none","none","LATIN_AMERICA","Ecuador","NORTH_AMERICA",NA,"http://n2t.net/ark:/65665/39a8e751a-09fe-4fc6-9308-b2c1deba9234",NA,NA,"6 Jan 1959","514",NA,"1320696213","HERP",NA,"http://n2t.net/ark:/65665/39a8e751a-09fe-4fc6-9308-b2c1deba9234",NA,NA,"USNM 236935","USNM",NA,"Atelopus ignescens (Cornalia, 1849)","68e8e67a-43e6-44a3-8817-dc0e6b70f973,99d66b6c-9087-452f-a9d4-f15f2c2d0e7e",3500,"586ee56e-b0fe-4dff-b7f9-aeb104f3308a","f34f47db-05bd-4cb7-9d43-691f029b68cc",NA,NA,NA,"Latacunga, 25 km W of, in paramo of Eastern Cordillera",NA,NA,NA,NA,NA,NA,"urn:uuid:cc104cbf-fd8e-4801-9b71-36731a7db1a0",NA,NA,1,0,"Ethanol","urn:lsid:biocol.org:col:34871",NA,NA,NA,NA,NA,NA,NA,NA,NA,NA,NA,"South America, Ecuador, Cotopaxi Province",NA,"Mapa Geografico del Ecuador 1:500,000; IGM Ecuador, MaNIS/HerpNET/ORNIS Georeferencing Guidelines",NA,NA,"Locality extent = 3.5",NA,NA,NA,NA,NA,NA,"3500 m","Animalia, Chordata, Vertebrata, Amphibia, Anura, Bufonidae",NA,NA,NA,NA,NA,NA,NA,NA,NA,NA,NA,NA,NA,NA,NA,NA,NA,NA,NA,NA,"gbif","ECU.6_1","ECU","Ecuador","Cotopaxi",NA,NA,"Provincia","Province","05","EC.CT","EC-X",-78.7667,-0.933333
"112","1317917682","Atelopus ignescens (Cornalia, 1849)","osiic","821cc27a-e3bb-4bc5-ac34-89ada245069d","bc092ff0-02e4-11dc-991f-b8a03c50a862","b2ff19b5-d74f-40d2-82f1-ec5db01e8e31","bc092ff0-02e4-11dc-991f-b8a03c50a862","US","EML","2026-07-16T13:39:50.656+00:00","2026-07-18T17:35:59.259+00:00",514,NA,"PRESERVED_SPECIMEN","PRESENT",5216669,1,44,131,952,6727,2422265,5216669,5216669,"Atelopus ignescens (Cornalia, 1849)","Animalia","Chordata","Anura","Bufonidae","Atelopus","Atelopus ignescens","Atelopus","ignescens","SPECIES","ACCEPTED","CR",NA,4315,"SOUTH_AMERICA","Chimborazo Province",NA,1959,2,13,"1959-02-13",44,44,"2023-07-05T15:11:00.000+00:00","2026-07-18T17:35:59.259+00:00",NA,"http://creativecommons.org/publicdomain/zero/1.0/legalcode",FALSE,"http://n2t.net/ark:/65665/31f9fd464-715c-43db-a9af-17d00b3f5f6c","none","none",FALSE,"NMNH Extant Biology",NA,NA,"none","WGS84","Amphibia","ECU","none","none","LATIN_AMERICA","Ecuador","NORTH_AMERICA",NA,"http://n2t.net/ark:/65665/31f9fd464-715c-43db-a9af-17d00b3f5f6c",NA,NA,"13 Feb 1959","514",NA,"1317917682","HERP",NA,"http://n2t.net/ark:/65665/31f9fd464-715c-43db-a9af-17d00b3f5f6c",NA,NA,"USNM 236844","USNM",NA,"Atelopus ignescens (Cornalia, 1849)","68e8e67a-43e6-44a3-8817-dc0e6b70f973,99d66b6c-9087-452f-a9d4-f15f2c2d0e7e",3100,"586ee56e-b0fe-4dff-b7f9-aeb104f3308a","f34f47db-05bd-4cb7-9d43-691f029b68cc",NA,NA,NA,"San Juan Chico, Río Chibunga at cement factory",NA,NA,NA,NA,NA,NA,"urn:uuid:cc104cbf-fd8e-4801-9b71-36731a7db1a0",NA,NA,1,0,"Ethanol","urn:lsid:biocol.org:col:34871",NA,NA,NA,NA,NA,NA,NA,NA,NA,NA,NA,"South America, Ecuador, Chimborazo Province",NA,"Alexandria Digital Library, MaNIS/HerpNET/ORNIS Georeferencing Guidelines",NA,NA,"Locality extent = 1.7",NA,NA,NA,NA,NA,NA,"3100 m","Animalia, Chordata, Vertebrata, Amphibia, Anura, Bufonidae",NA,NA,NA,NA,NA,NA,NA,NA,NA,NA,NA,NA,NA,NA,NA,NA,NA,NA,NA,NA,"gbif","ECU.5_1","ECU","Ecuador","Chimborazo",NA,NA,"Provincia","Province","06","EC.CB","EC-H",-78.75,-1.66667
"113","1318378124","Atelopus ignescens (Cornalia, 1849)","osiic","821cc27a-e3bb-4bc5-ac34-89ada245069d","bc092ff0-02e4-11dc-991f-b8a03c50a862","b2ff19b5-d74f-40d2-82f1-ec5db01e8e31","bc092ff0-02e4-11dc-991f-b8a03c50a862","US","EML","2026-07-16T13:39:50.656+00:00","2026-07-18T17:36:15.794+00:00",514,NA,"PRESERVED_SPECIMEN","PRESENT",5216669,1,44,131,952,6727,2422265,5216669,5216669,"Atelopus ignescens (Cornalia, 1849)","Animalia","Chordata","Anura","Bufonidae","Atelopus","Atelopus ignescens","Atelopus","ignescens","SPECIES","ACCEPTED","CR",NA,19615,"SOUTH_AMERICA","Pichincha",NA,1959,2,1,"1959-02-01",32,32,"2023-07-05T15:11:00.000+00:00","2026-07-18T17:36:15.794+00:00",NA,"http://creativecommons.org/publicdomain/zero/1.0/legalcode",FALSE,"http://n2t.net/ark:/65665/333ff920e-9ecf-410e-bc19-86c1a3e568c3","none","none",FALSE,"NMNH Extant Biology",NA,NA,"none","WGS84","Amphibia","ECU","none","none","LATIN_AMERICA","Ecuador","NORTH_AMERICA",NA,"http://n2t.net/ark:/65665/333ff920e-9ecf-410e-bc19-86c1a3e568c3",NA,NA,"1 Feb 1959","514",NA,"1318378124","HERP",NA,"http://n2t.net/ark:/65665/333ff920e-9ecf-410e-bc19-86c1a3e568c3",NA,NA,"USNM 236825","USNM",NA,"Atelopus ignescens (Cornalia, 1849)","68e8e67a-43e6-44a3-8817-dc0e6b70f973,99d66b6c-9087-452f-a9d4-f15f2c2d0e7e",3200,"586ee56e-b0fe-4dff-b7f9-aeb104f3308a","f34f47db-05bd-4cb7-9d43-691f029b68cc",NA,NA,NA,"Quito, 3 km SE of, road to Lloa",NA,NA,NA,NA,NA,NA,"urn:uuid:cc104cbf-fd8e-4801-9b71-36731a7db1a0",NA,NA,1,0,"Ethanol","urn:lsid:biocol.org:col:34871",NA,NA,NA,NA,NA,NA,NA,NA,NA,NA,NA,"South America, Ecuador, Pichincha",NA,"Calle.com (presently fallingrain.com), MaNIS/HerpNET/ORNIS Georeferencing Guidelines",NA,NA,"Locality extent = 17",NA,NA,NA,NA,NA,NA,"3200 m","Animalia, Chordata, Vertebrata, Amphibia, Anura, Bufonidae",NA,NA,NA,NA,NA,NA,NA,NA,NA,NA,NA,NA,NA,NA,NA,NA,NA,NA,NA,NA,"gbif","ECU.19_1","ECU","Ecuador","Pichincha",NA,NA,"Provincia","Province","17","EC.PI","EC-P",-78.5,-0.2167
"114","1319231057","Atelopus ignescens (Cornalia, 1849)","osiic","821cc27a-e3bb-4bc5-ac34-89ada245069d","bc092ff0-02e4-11dc-991f-b8a03c50a862","b2ff19b5-d74f-40d2-82f1-ec5db01e8e31","bc092ff0-02e4-11dc-991f-b8a03c50a862","US","EML","2026-07-16T13:39:50.656+00:00","2026-07-18T17:37:37.360+00:00",514,NA,"PRESERVED_SPECIMEN","PRESENT",5216669,1,44,131,952,6727,2422265,5216669,5216669,"Atelopus ignescens (Cornalia, 1849)","Animalia","Chordata","Anura","Bufonidae","Atelopus","Atelopus ignescens","Atelopus","ignescens","SPECIES","ACCEPTED","CR",NA,2294,"SOUTH_AMERICA","Imbabura",NA,1959,4,20,"1959-04-20",110,110,"2023-07-05T15:11:00.000+00:00","2026-07-18T17:37:37.360+00:00",NA,"http://creativecommons.org/publicdomain/zero/1.0/legalcode",FALSE,"http://n2t.net/ark:/65665/359be6954-2ca9-48a6-887c-81abb9916d43","none","none",FALSE,"NMNH Extant Biology",NA,NA,"none","WGS84","Amphibia","ECU","none","none","LATIN_AMERICA","Ecuador","NORTH_AMERICA",NA,"http://n2t.net/ark:/65665/359be6954-2ca9-48a6-887c-81abb9916d43",NA,NA,"20 Apr 1959","514",NA,"1319231057","HERP",NA,"http://n2t.net/ark:/65665/359be6954-2ca9-48a6-887c-81abb9916d43",NA,NA,"USNM 236901","USNM",NA,"Atelopus ignescens (Cornalia, 1849)","68e8e67a-43e6-44a3-8817-dc0e6b70f973,99d66b6c-9087-452f-a9d4-f15f2c2d0e7e",NA,"586ee56e-b0fe-4dff-b7f9-aeb104f3308a","f34f47db-05bd-4cb7-9d43-691f029b68cc",NA,NA,NA,"Otovalo (= Otavalo), ca. 5 km E of",NA,NA,NA,NA,NA,NA,"urn:uuid:cc104cbf-fd8e-4801-9b71-36731a7db1a0",NA,NA,1,NA,"Ethanol","urn:lsid:biocol.org:col:34871",NA,NA,NA,NA,NA,NA,NA,NA,NA,NA,NA,"South America, Ecuador, Imbabura",NA,"JOG NA17-16 (Ibarra), map 1:250,000, MaNIS/HerpNET/ORNIS Georeferencing Guidelines",NA,NA,"Locality extent = 1",NA,NA,NA,NA,NA,NA,NA,"Animalia, Chordata, Vertebrata, Amphibia, Anura, Bufonidae",NA,NA,NA,NA,NA,NA,NA,NA,NA,NA,NA,NA,NA,NA,NA,NA,NA,NA,NA,NA,"gbif","ECU.11_1","ECU","Ecuador","Imbabura",NA,NA,"Provincia","Province","10","EC.IM","EC-I",-78.2425,0.2019
"115","1317483660","Atelopus ignescens (Cornalia, 1849)","osiic","821cc27a-e3bb-4bc5-ac34-89ada245069d","bc092ff0-02e4-11dc-991f-b8a03c50a862","b2ff19b5-d74f-40d2-82f1-ec5db01e8e31","bc092ff0-02e4-11dc-991f-b8a03c50a862","US","EML","2026-07-16T13:39:50.656+00:00","2026-07-18T17:35:46.625+00:00",514,NA,"PRESERVED_SPECIMEN","PRESENT",5216669,1,44,131,952,6727,2422265,5216669,5216669,"Atelopus ignescens (Cornalia, 1849)","Animalia","Chordata","Anura","Bufonidae","Atelopus","Atelopus ignescens","Atelopus","ignescens","SPECIES","ACCEPTED","CR",NA,3615,"SOUTH_AMERICA","Pichincha",NA,1958,11,2,"1958-11-02",306,306,"2023-07-05T15:11:00.000+00:00","2026-07-18T17:35:46.625+00:00",NA,"http://creativecommons.org/publicdomain/zero/1.0/legalcode",FALSE,"http://n2t.net/ark:/65665/30c76028f-0e71-4cb0-ad98-6a9b9404a60c","none","none",FALSE,"NMNH Extant Biology",NA,NA,"none","WGS84","Amphibia","ECU","none","none","LATIN_AMERICA","Ecuador","NORTH_AMERICA",NA,"http://n2t.net/ark:/65665/30c76028f-0e71-4cb0-ad98-6a9b9404a60c",NA,NA,"2 Nov 1958","514",NA,"1317483660","HERP",NA,"http://n2t.net/ark:/65665/30c76028f-0e71-4cb0-ad98-6a9b9404a60c",NA,NA,"USNM 236833","USNM",NA,"Atelopus ignescens (Cornalia, 1849)","68e8e67a-43e6-44a3-8817-dc0e6b70f973,99d66b6c-9087-452f-a9d4-f15f2c2d0e7e",NA,"586ee56e-b0fe-4dff-b7f9-aeb104f3308a","f34f47db-05bd-4cb7-9d43-691f029b68cc",NA,NA,NA,"Machachi",NA,NA,NA,NA,NA,NA,"urn:uuid:cc104cbf-fd8e-4801-9b71-36731a7db1a0",NA,NA,1,NA,"Ethanol","urn:lsid:biocol.org:col:34871",NA,NA,NA,NA,NA,NA,NA,NA,NA,NA,NA,"South America, Ecuador, Pichincha",NA,"Calle.com (presently fallingrain.com), MaNIS/HerpNET/ORNIS Georeferencing Guidelines",NA,NA,"Locality extent = 1",NA,NA,NA,NA,NA,NA,NA,"Animalia, Chordata, Vertebrata, Amphibia, Anura, Bufonidae",NA,NA,NA,NA,NA,NA,NA,NA,NA,NA,NA,NA,NA,NA,NA,NA,NA,NA,NA,NA,"gbif","ECU.19_1","ECU","Ecuador","Pichincha",NA,NA,"Provincia","Province","17","EC.PI","EC-P",-78.5667,-0.5
"116","1317415623","Atelopus ignescens (Cornalia, 1849)","osiic","821cc27a-e3bb-4bc5-ac34-89ada245069d","bc092ff0-02e4-11dc-991f-b8a03c50a862","b2ff19b5-d74f-40d2-82f1-ec5db01e8e31","bc092ff0-02e4-11dc-991f-b8a03c50a862","US","EML","2026-07-16T13:39:50.656+00:00","2026-07-18T17:35:39.842+00:00",514,NA,"PRESERVED_SPECIMEN","PRESENT",5216669,1,44,131,952,6727,2422265,5216669,5216669,"Atelopus ignescens (Cornalia, 1849)","Animalia","Chordata","Anura","Bufonidae","Atelopus","Atelopus ignescens","Atelopus","ignescens","SPECIES","ACCEPTED","CR",NA,8629,"SOUTH_AMERICA","Cotopaxi Province",NA,1958,12,31,"1958-12-31",365,365,"2023-07-05T15:12:00.000+00:00","2026-07-18T17:35:39.842+00:00",NA,"http://creativecommons.org/publicdomain/zero/1.0/legalcode",FALSE,"http://n2t.net/ark:/65665/3096f572c-ede7-445c-b728-f87415b9c2b8","none","none",FALSE,"NMNH Extant Biology",NA,NA,"none","WGS84","Amphibia","ECU","none","none","LATIN_AMERICA","Ecuador","NORTH_AMERICA",NA,"http://n2t.net/ark:/65665/3096f572c-ede7-445c-b728-f87415b9c2b8",NA,NA,"31 Dec 1958","514",NA,"1317415623","HERP",NA,"http://n2t.net/ark:/65665/3096f572c-ede7-445c-b728-f87415b9c2b8",NA,NA,"USNM 236925","USNM",NA,"Atelopus ignescens (Cornalia, 1849)","68e8e67a-43e6-44a3-8817-dc0e6b70f973,99d66b6c-9087-452f-a9d4-f15f2c2d0e7e",NA,"586ee56e-b0fe-4dff-b7f9-aeb104f3308a","f34f47db-05bd-4cb7-9d43-691f029b68cc",NA,NA,NA,"Lasso, 5 km N of, on Panamerican Highway",NA,NA,NA,NA,NA,NA,"urn:uuid:cc104cbf-fd8e-4801-9b71-36731a7db1a0",NA,NA,1,NA,"Ethanol","urn:lsid:biocol.org:col:34871",NA,NA,NA,NA,NA,NA,NA,NA,NA,NA,NA,"South America, Ecuador, Cotopaxi Province",NA,"Alexandria Digital Library, MaNIS/HerpNET/ORNIS Georeferencing Guidelines",NA,NA,"Locality extent = 2.4",NA,NA,NA,NA,NA,NA,NA,"Animalia, Chordata, Vertebrata, Amphibia, Anura, Bufonidae",NA,NA,NA,NA,NA,NA,NA,NA,NA,NA,NA,NA,NA,NA,NA,NA,NA,NA,NA,NA,"gbif","ECU.6_1","ECU","Ecuador","Cotopaxi",NA,NA,"Provincia","Province","05","EC.CT","EC-X",-78.6,-0.70478
"117","1317336522","Atelopus ignescens (Cornalia, 1849)","osiic","821cc27a-e3bb-4bc5-ac34-89ada245069d","bc092ff0-02e4-11dc-991f-b8a03c50a862","b2ff19b5-d74f-40d2-82f1-ec5db01e8e31","bc092ff0-02e4-11dc-991f-b8a03c50a862","US","EML","2026-07-16T13:39:50.656+00:00","2026-07-18T17:35:39.032+00:00",514,NA,"PRESERVED_SPECIMEN","PRESENT",5216669,1,44,131,952,6727,2422265,5216669,5216669,"Atelopus ignescens (Cornalia, 1849)","Animalia","Chordata","Anura","Bufonidae","Atelopus","Atelopus ignescens","Atelopus","ignescens","SPECIES","ACCEPTED","CR",NA,6249,"SOUTH_AMERICA","Cotopaxi Province",NA,1954,6,14,"1954-06-14",165,165,"2023-07-05T15:12:00.000+00:00","2026-07-18T17:35:39.032+00:00",NA,"http://creativecommons.org/publicdomain/zero/1.0/legalcode",FALSE,"http://n2t.net/ark:/65665/305ec6441-f71b-4d6f-a19c-b511716d99ef","none","none",FALSE,"NMNH Extant Biology",NA,NA,"none","WGS84","Amphibia","ECU","none","none","LATIN_AMERICA","Ecuador","NORTH_AMERICA",NA,"http://n2t.net/ark:/65665/305ec6441-f71b-4d6f-a19c-b511716d99ef",NA,NA,"14 Jun 1954","514",NA,"1317336522","HERP",NA,"http://n2t.net/ark:/65665/305ec6441-f71b-4d6f-a19c-b511716d99ef",NA,NA,"USNM 236920","USNM",NA,"Atelopus ignescens (Cornalia, 1849)","68e8e67a-43e6-44a3-8817-dc0e6b70f973,99d66b6c-9087-452f-a9d4-f15f2c2d0e7e",2957,"586ee56e-b0fe-4dff-b7f9-aeb104f3308a","f34f47db-05bd-4cb7-9d43-691f029b68cc",NA,NA,NA,"Lasso, 2 km SE of, at Río Cotuchi",NA,NA,NA,NA,NA,NA,"urn:uuid:cc104cbf-fd8e-4801-9b71-36731a7db1a0",NA,NA,1,0,"Ethanol","urn:lsid:biocol.org:col:34871",NA,NA,NA,NA,NA,NA,NA,NA,NA,NA,NA,"South America, Ecuador, Cotopaxi Province",NA,"Alexandria Digital Library, MaNIS/HerpNET/ORNIS Georeferencing Guidelines",NA,NA,"Locality extent = 2.4",NA,NA,NA,NA,NA,NA,"9700 ft","Animalia, Chordata, Vertebrata, Amphibia, Anura, Bufonidae",NA,NA,NA,NA,NA,NA,NA,NA,NA,NA,NA,NA,NA,NA,NA,NA,NA,NA,NA,NA,"gbif","ECU.6_1","ECU","Ecuador","Cotopaxi",NA,NA,"Provincia","Province","05","EC.CT","EC-X",-78.5873,-0.76279
"118","1317521096","Atelopus ignescens (Cornalia, 1849)","gass84,gdativ,osiic","821cc27a-e3bb-4bc5-ac34-89ada245069d","bc092ff0-02e4-11dc-991f-b8a03c50a862","b2ff19b5-d74f-40d2-82f1-ec5db01e8e31","bc092ff0-02e4-11dc-991f-b8a03c50a862","US","EML","2026-07-16T13:39:50.656+00:00","2026-07-18T17:20:30.093+00:00",514,NA,"PRESERVED_SPECIMEN","PRESENT",5216669,1,44,131,952,6727,2422265,5216669,5216669,"Atelopus ignescens (Cornalia, 1849)","Animalia","Chordata","Anura","Bufonidae","Atelopus","Atelopus ignescens","Atelopus","ignescens","SPECIES","ACCEPTED","CR",NA,6615,"SOUTH_AMERICA","Chimborazo Province",NA,1954,6,14,"1954-06-14",165,165,"2023-07-05T15:11:00.000+00:00","2026-07-18T17:20:30.093+00:00",NA,"http://creativecommons.org/publicdomain/zero/1.0/legalcode",FALSE,"http://n2t.net/ark:/65665/30e1c3c5e-d2a8-4420-8129-ed43ebf5989e","none","none",FALSE,"NMNH Extant Biology",NA,NA,"none","WGS84","Amphibia","ECU","none","none","LATIN_AMERICA","Ecuador","NORTH_AMERICA",NA,"http://n2t.net/ark:/65665/30e1c3c5e-d2a8-4420-8129-ed43ebf5989e",NA,NA,"14 Jun 1954","514",NA,"1317521096","HERP",NA,"http://n2t.net/ark:/65665/30e1c3c5e-d2a8-4420-8129-ed43ebf5989e",NA,NA,"USNM 236843","USNM",NA,"Atelopus ignescens (Cornalia, 1849)","68e8e67a-43e6-44a3-8817-dc0e6b70f973,99d66b6c-9087-452f-a9d4-f15f2c2d0e7e",3170,"586ee56e-b0fe-4dff-b7f9-aeb104f3308a","f34f47db-05bd-4cb7-9d43-691f029b68cc",NA,NA,NA,"Ríobamba, 7 km W of, Río Chibunga, near Panamerican Highway",NA,NA,NA,NA,NA,NA,"urn:uuid:cc104cbf-fd8e-4801-9b71-36731a7db1a0",NA,NA,1,0,"Ethanol","urn:lsid:biocol.org:col:34871",NA,NA,NA,NA,NA,NA,NA,NA,NA,NA,NA,"South America, Ecuador, Chimborazo Province",NA,"Mapa Geografico del Ecuador 1:500,000; IGM Ecuador, MaNIS/HerpNET/ORNIS Georeferencing Guidelines",NA,NA,"Locality extent = 2.5",NA,NA,NA,NA,NA,NA,"10400 ft","Animalia, Chordata, Vertebrata, Amphibia, Anura, Bufonidae",NA,NA,NA,NA,NA,NA,NA,NA,NA,NA,NA,NA,NA,NA,NA,NA,NA,NA,NA,NA,"gbif","ECU.5_1","ECU","Ecuador","Chimborazo",NA,NA,"Provincia","Province","06","EC.CB","EC-H",-78.7167,-1.63333
"119","1317634411","Atelopus ignescens (Cornalia, 1849)","gass84,gdativ,osiic","821cc27a-e3bb-4bc5-ac34-89ada245069d","bc092ff0-02e4-11dc-991f-b8a03c50a862","b2ff19b5-d74f-40d2-82f1-ec5db01e8e31","bc092ff0-02e4-11dc-991f-b8a03c50a862","US","EML","2026-07-16T13:39:50.656+00:00","2026-07-18T17:40:26.732+00:00",514,NA,"PRESERVED_SPECIMEN","PRESENT",5216669,1,44,131,952,6727,2422265,5216669,5216669,"Atelopus ignescens (Cornalia, 1849)","Animalia","Chordata","Anura","Bufonidae","Atelopus","Atelopus ignescens","Atelopus","ignescens","SPECIES","ACCEPTED","CR",NA,19302,"SOUTH_AMERICA","Chimborazo Province",NA,1954,6,15,"1954-06-15",166,166,"2022-12-02T12:54:00.000+00:00","2026-07-18T17:40:26.732+00:00",NA,"http://creativecommons.org/publicdomain/zero/1.0/legalcode",FALSE,"http://n2t.net/ark:/65665/3131c26b3-3f84-46ae-bc07-637d96e251ef","none","none",FALSE,"NMNH Extant Biology",NA,NA,"none","WGS84","Amphibia","ECU","none","none","LATIN_AMERICA","Ecuador","NORTH_AMERICA",NA,"http://n2t.net/ark:/65665/3131c26b3-3f84-46ae-bc07-637d96e251ef",NA,NA,"15 Jun 1954","514",NA,"1317634411","HERP",NA,"http://n2t.net/ark:/65665/3131c26b3-3f84-46ae-bc07-637d96e251ef",NA,NA,"USNM 236840","USNM",NA,"Atelopus ignescens (Cornalia, 1849)","68e8e67a-43e6-44a3-8817-dc0e6b70f973,99d66b6c-9087-452f-a9d4-f15f2c2d0e7e",3810,"586ee56e-b0fe-4dff-b7f9-aeb104f3308a","f34f47db-05bd-4cb7-9d43-691f029b68cc",NA,NA,NA,"Guaranda, 20 km (airline) E of, on road from Riobamba to Guaranda",NA,NA,NA,NA,NA,NA,"urn:uuid:cc104cbf-fd8e-4801-9b71-36731a7db1a0",NA,NA,1,0,"Ethanol","urn:lsid:biocol.org:col:34871",NA,NA,NA,NA,NA,NA,NA,NA,NA,NA,NA,"South America, Ecuador, Chimborazo Province",NA,"Mapa Geografico del Ecuador 1:500,000; IGM Ecuador, MaNIS/HerpNET/ORNIS Georeferencing Guidelines",NA,NA,"Locality extent = 2.5",NA,NA,NA,NA,NA,NA,"12500 ft","Animalia, Chordata, Vertebrata, Amphibia, Anura, Bufonidae",NA,NA,NA,NA,NA,NA,NA,NA,NA,NA,NA,NA,NA,NA,NA,NA,NA,NA,NA,NA,"gbif","ECU.5_1","ECU","Ecuador","Chimborazo",NA,NA,"Provincia","Province","06","EC.CB","EC-H",-78.8203,-1.6
"120","1318540369","Atelopus ignescens (Cornalia, 1849)","gass84,gdativ,osiic","821cc27a-e3bb-4bc5-ac34-89ada245069d","bc092ff0-02e4-11dc-991f-b8a03c50a862","b2ff19b5-d74f-40d2-82f1-ec5db01e8e31","bc092ff0-02e4-11dc-991f-b8a03c50a862","US","EML","2026-07-16T13:39:50.656+00:00","2026-07-18T17:25:04.923+00:00",514,NA,"PRESERVED_SPECIMEN","PRESENT",5216669,1,44,131,952,6727,2422265,5216669,5216669,"Atelopus ignescens (Cornalia, 1849)","Animalia","Chordata","Anura","Bufonidae","Atelopus","Atelopus ignescens","Atelopus","ignescens","SPECIES","ACCEPTED","CR",NA,21351,"SOUTH_AMERICA","Chimborazo Province",NA,1954,6,15,"1954-06-15",166,166,"2023-07-05T15:11:00.000+00:00","2026-07-18T17:25:04.923+00:00",NA,"http://creativecommons.org/publicdomain/zero/1.0/legalcode",FALSE,"http://n2t.net/ark:/65665/33b2b1b10-090d-4b71-aac1-29eea8794ad7","none","none",FALSE,"NMNH Extant Biology",NA,NA,"none","WGS84","Amphibia","ECU","none","none","LATIN_AMERICA","Ecuador","NORTH_AMERICA",NA,"http://n2t.net/ark:/65665/33b2b1b10-090d-4b71-aac1-29eea8794ad7",NA,NA,"15 Jun 1954","514",NA,"1318540369","HERP",NA,"http://n2t.net/ark:/65665/33b2b1b10-090d-4b71-aac1-29eea8794ad7",NA,NA,"USNM 236841","USNM",NA,"Atelopus ignescens (Cornalia, 1849)","68e8e67a-43e6-44a3-8817-dc0e6b70f973,99d66b6c-9087-452f-a9d4-f15f2c2d0e7e",3962,"586ee56e-b0fe-4dff-b7f9-aeb104f3308a","f34f47db-05bd-4cb7-9d43-691f029b68cc",NA,NA,NA,"Guaranda, 22 km (airline) E of, paramo near road from Riobamba to Guaranda, at road's highest point",NA,NA,NA,NA,NA,NA,"urn:uuid:cc104cbf-fd8e-4801-9b71-36731a7db1a0",NA,NA,1,0,"Ethanol","urn:lsid:biocol.org:col:34871",NA,NA,NA,NA,NA,NA,NA,NA,NA,NA,NA,"South America, Ecuador, Chimborazo Province",NA,"Mapa Geografico del Ecuador 1:500,000; IGM Ecuador, MaNIS/HerpNET/ORNIS Georeferencing Guidelines",NA,NA,"Locality extent = 2.5",NA,NA,NA,NA,NA,NA,"13000 ft","Animalia, Chordata, Vertebrata, Amphibia, Anura, Bufonidae",NA,NA,NA,NA,NA,NA,NA,NA,NA,NA,NA,NA,NA,NA,NA,NA,NA,NA,NA,NA,"gbif","ECU.5_1","ECU","Ecuador","Chimborazo",NA,NA,"Provincia","Province","06","EC.CB","EC-H",-78.8023,-1.6
"121","1317240454","Atelopus ignescens (Cornalia, 1849)","osiic","821cc27a-e3bb-4bc5-ac34-89ada245069d","bc092ff0-02e4-11dc-991f-b8a03c50a862","b2ff19b5-d74f-40d2-82f1-ec5db01e8e31","bc092ff0-02e4-11dc-991f-b8a03c50a862","US","EML","2026-07-16T13:39:50.656+00:00","2026-07-18T17:17:50.725+00:00",514,NA,"PRESERVED_SPECIMEN","PRESENT",5216669,1,44,131,952,6727,2422265,5216669,5216669,"Atelopus ignescens (Cornalia, 1849)","Animalia","Chordata","Anura","Bufonidae","Atelopus","Atelopus ignescens","Atelopus","ignescens","SPECIES","ACCEPTED","CR",NA,2294,"SOUTH_AMERICA","Imbabura",NA,1954,7,28,"1954-07-28",209,209,"2023-07-05T15:11:00.000+00:00","2026-07-18T17:17:50.725+00:00",NA,"http://creativecommons.org/publicdomain/zero/1.0/legalcode",FALSE,"http://n2t.net/ark:/65665/301ad85c7-2ef6-4d30-9255-156287738f5f","none","none",FALSE,"NMNH Extant Biology",NA,NA,"none","WGS84","Amphibia","ECU","none","none","LATIN_AMERICA","Ecuador","NORTH_AMERICA",NA,"http://n2t.net/ark:/65665/301ad85c7-2ef6-4d30-9255-156287738f5f",NA,NA,"28 Jul 1954","514",NA,"1317240454","HERP",NA,"http://n2t.net/ark:/65665/301ad85c7-2ef6-4d30-9255-156287738f5f",NA,NA,"USNM 236892","USNM",NA,"Atelopus ignescens (Cornalia, 1849)","68e8e67a-43e6-44a3-8817-dc0e6b70f973,99d66b6c-9087-452f-a9d4-f15f2c2d0e7e",2900,"586ee56e-b0fe-4dff-b7f9-aeb104f3308a","f34f47db-05bd-4cb7-9d43-691f029b68cc",NA,NA,NA,"Odovalo (= Otavalo), 5 km SE of, Lago San Pablo",NA,NA,NA,NA,NA,NA,"urn:uuid:cc104cbf-fd8e-4801-9b71-36731a7db1a0",NA,NA,1,0,"Ethanol","urn:lsid:biocol.org:col:34871",NA,NA,NA,NA,NA,NA,NA,NA,NA,NA,NA,"South America, Ecuador, Imbabura",NA,"JOG NA17-16 (Ibarra), map 1:250,000, MaNIS/HerpNET/ORNIS Georeferencing Guidelines",NA,NA,"Locality extent = 1",NA,NA,NA,NA,NA,NA,"2900 m","Animalia, Chordata, Vertebrata, Amphibia, Anura, Bufonidae",NA,NA,NA,NA,NA,NA,NA,NA,NA,NA,NA,NA,NA,NA,NA,NA,NA,NA,NA,NA,"gbif","ECU.11_1","ECU","Ecuador","Imbabura",NA,NA,"Provincia","Province","10","EC.IM","EC-I",-78.2425,0.201944
"122","543692977","Atelopus ignescens (Cornalia, 1849)","cdround,gass84,gdativ","cece4fc2-1fec-4bb5-a335-7252548e3f0b","66522820-055c-11d8-b84e-b8a03c50a862","a43950ae-eb88-4ef4-bfff-43bcf12885ad","66522820-055c-11d8-b84e-b8a03c50a862","US","EML","2026-07-20T10:50:11.246+00:00","2026-07-20T11:33:23.142+00:00",497,NA,"PRESERVED_SPECIMEN","PRESENT",5216669,1,44,131,952,6727,2422265,5216669,5216669,"Atelopus ignescens (Cornalia, 1849)","Animalia","Chordata","Anura","Bufonidae","Atelopus","Atelopus ignescens","Atelopus","ignescens","SPECIES","ACCEPTED","CR","1951-08-01T00:00:00",8294,"SOUTH_AMERICA","Pichincha Prov.",NA,1950,8,25,"1950-08-25",237,237,"2024-01-04T14:21:00.000+00:00","2026-07-20T11:33:23.142+00:00",NA,"http://creativecommons.org/publicdomain/zero/1.0/legalcode",FALSE,"urn:catalog:CAS:SUA:10629","none","none",FALSE,NA,"J.W. Funkhouser and R. Blomberg","J.W. Funkhouser","none","WGS84","Amphibia","ECU","none","none","LATIN_AMERICA","Ecuador","NORTH_AMERICA",NA,"urn:catalog:CAS:SUA:10629",NA,NA,"25 Aug 1950","497",NA,"543692977","SUA","ca. 4000 m., west side of Pichincha, Prov. de Pichincha, Ecuador","urn:catalog:CAS:SUA:10629",NA,NA,"10629","CAS",NA,"Atelopus ignescens (Cornalia, 1849)","68e8e67a-43e6-44a3-8817-dc0e6b70f973,99d66b6c-9087-452f-a9d4-f15f2c2d0e7e",4000,"d2a27206-87ab-47ea-b5fc-d2e57054b688","ba09c323-3cf8-4e82-900f-23f2bdb46f17",NA,"FQ-7",NA,"W side of Pichincha",NA,NA,NA,NA,NA,NA,"http://grscicoll.org/institutional-collection/herpetology-0",NA,NA,NA,NA,"Alcohol","http://grbio.org/institution/california-academy-sciences",NA,NA,"DMS",NA,NA,NA,NA,NA,NA,NA,NA,"South America; Ecuador; Pichincha Prov.",NA,NA,NA,"Map SA17-4 (Quito) map 1:250,000. IGM Ecuador",NA,NA,NA,NA,NA,NA,NA,"ca 4000 m","Animalia; Chordata; Amphibia; Anura; Bufonidae",NA,NA,NA,NA,NA,NA,NA,NA,NA,NA,NA,NA,NA,NA,NA,NA,NA,NA,NA,NA,"gbif","ECU.19_1","ECU","Ecuador","Pichincha",NA,NA,"Provincia","Province","17","EC.PI","EC-P",-78.631944,-0.157778
"123","543716004","Atelopus ignescens (Cornalia, 1849)","cdround","cece4fc2-1fec-4bb5-a335-7252548e3f0b","66522820-055c-11d8-b84e-b8a03c50a862","a43950ae-eb88-4ef4-bfff-43bcf12885ad","66522820-055c-11d8-b84e-b8a03c50a862","US","EML","2026-07-20T10:50:11.246+00:00","2026-07-20T11:33:34.680+00:00",497,NA,"PRESERVED_SPECIMEN","PRESENT",5216669,1,44,131,952,6727,2422265,5216669,5216669,"Atelopus ignescens (Cornalia, 1849)","Animalia","Chordata","Anura","Bufonidae","Atelopus","Atelopus ignescens","Atelopus","ignescens","SPECIES","ACCEPTED","CR","1991-03-28T00:00:00",NA,"SOUTH_AMERICA","Imbabura Prov.",NA,1944,6,10,"1944-06-10",162,162,"2024-01-04T14:21:00.000+00:00","2026-07-20T11:33:34.680+00:00",NA,"http://creativecommons.org/publicdomain/zero/1.0/legalcode",FALSE,"urn:catalog:CAS:SUA:9485","none","none",FALSE,NA,"I.L. Wiggins","E. Samec","none","WGS84","Amphibia","ECU","none","none","LATIN_AMERICA","Ecuador","NORTH_AMERICA",NA,"urn:catalog:CAS:SUA:9485",NA,NA,"10 Jun 1944","497",NA,"543716004","SUA","La Floresta, Imbabara Prov., Ecuador, on fallen logs, swampy swale, alt. 9800 ft.","urn:catalog:CAS:SUA:9485",NA,NA,"9485","CAS",NA,"Atelopus ignescens (Cornalia, 1849)","68e8e67a-43e6-44a3-8817-dc0e6b70f973,99d66b6c-9087-452f-a9d4-f15f2c2d0e7e",2987.05,"d2a27206-87ab-47ea-b5fc-d2e57054b688","ba09c323-3cf8-4e82-900f-23f2bdb46f17",NA,NA,NA,"La Floresta",NA,NA,NA,NA,NA,NA,"http://grscicoll.org/institutional-collection/herpetology-0",NA,"On fallen logs, swampy swale.",NA,NA,"Alcohol","http://grbio.org/institution/california-academy-sciences",NA,NA,NA,NA,NA,NA,NA,NA,NA,NA,NA,"South America; Ecuador; Imbabura Prov.",NA,NA,NA,NA,NA,NA,NA,NA,NA,NA,NA,"9800 ft","Animalia; Chordata; Amphibia; Anura; Bufonidae",NA,NA,NA,NA,NA,NA,NA,NA,NA,NA,NA,NA,NA,NA,NA,NA,NA,NA,NA,NA,"gbif","ECU.11_1","ECU","Ecuador","Imbabura",NA,NA,"Provincia","Province","10","EC.IM","EC-I",-78.451514,0.384275
"124","543716011","Atelopus ignescens (Cornalia, 1849)","","cece4fc2-1fec-4bb5-a335-7252548e3f0b","66522820-055c-11d8-b84e-b8a03c50a862","a43950ae-eb88-4ef4-bfff-43bcf12885ad","66522820-055c-11d8-b84e-b8a03c50a862","US","EML","2026-07-20T10:50:11.246+00:00","2026-07-20T11:33:25.572+00:00",497,NA,"PRESERVED_SPECIMEN","PRESENT",5216669,1,44,131,952,6727,2422265,5216669,5216669,"Atelopus ignescens (Cornalia, 1849)","Animalia","Chordata","Anura","Bufonidae","Atelopus","Atelopus ignescens","Atelopus","ignescens","SPECIES","ACCEPTED","CR",NA,12615,"SOUTH_AMERICA","Imbabura Prov.",NA,1944,6,20,"1944-06-20",172,172,"2024-01-04T14:21:00.000+00:00","2026-07-20T11:33:25.572+00:00",NA,"http://creativecommons.org/publicdomain/zero/1.0/legalcode",FALSE,"urn:catalog:CAS:SUA:9491","none","none",FALSE,NA,"I.L. Wiggins",NA,"none","WGS84","Amphibia","ECU","none","none","LATIN_AMERICA","Ecuador","NORTH_AMERICA",NA,"urn:catalog:CAS:SUA:9491",NA,NA,"20 Jun 1944","497",NA,"543716011","SUA","San Miguel, edge of Paramo, NW. of Atuntaqui, Imbabara Prov. Ecuador, alt. 11,300 ft.","urn:catalog:CAS:SUA:9491",NA,NA,"9491","CAS",NA,"Atelopus ignescens (Cornalia, 1849)","68e8e67a-43e6-44a3-8817-dc0e6b70f973,99d66b6c-9087-452f-a9d4-f15f2c2d0e7e",3444.25,"d2a27206-87ab-47ea-b5fc-d2e57054b688","ba09c323-3cf8-4e82-900f-23f2bdb46f17",NA,NA,NA,"San Miguel, edge of Paramo, NW of Atuntaqui",NA,NA,NA,NA,NA,NA,"http://grscicoll.org/institutional-collection/herpetology-0",NA,NA,NA,NA,"Alcohol","http://grbio.org/institution/california-academy-sciences",NA,NA,"DMS",NA,NA,NA,NA,NA,NA,NA,NA,"South America; Ecuador; Imbabura Prov.",NA,NA,NA,"Calle.com (presently fallingrain.com)","Error encompasses 10 km around Atuntaqui",NA,NA,NA,NA,NA,NA,"11300 ft","Animalia; Chordata; Amphibia; Anura; Bufonidae",NA,NA,NA,NA,NA,NA,NA,NA,NA,NA,NA,NA,NA,NA,NA,NA,NA,NA,NA,NA,"gbif","ECU.11_1","ECU","Ecuador","Imbabura",NA,NA,"Provincia","Province","10","EC.IM","EC-I",-78.2167,0.3333
"125","543714662","Atelopus ignescens (Cornalia, 1849)","cdround,gass84,gdativ","cece4fc2-1fec-4bb5-a335-7252548e3f0b","66522820-055c-11d8-b84e-b8a03c50a862","a43950ae-eb88-4ef4-bfff-43bcf12885ad","66522820-055c-11d8-b84e-b8a03c50a862","US","EML","2026-07-20T10:50:11.246+00:00","2026-07-20T11:33:32.784+00:00",497,NA,"PRESERVED_SPECIMEN","PRESENT",5216669,1,44,131,952,6727,2422265,5216669,5216669,"Atelopus ignescens (Cornalia, 1849)","Animalia","Chordata","Anura","Bufonidae","Atelopus","Atelopus ignescens","Atelopus","ignescens","SPECIES","ACCEPTED","CR","1956-08-19T00:00:00",29682,"SOUTH_AMERICA","Pichincha Prov.","none",1944,7,21,"1944-07-21",203,203,"2024-01-04T14:21:00.000+00:00","2026-07-20T11:33:32.784+00:00",NA,"http://creativecommons.org/publicdomain/zero/1.0/legalcode",FALSE,"urn:catalog:CAS:SUA:8277","none","none",FALSE,NA,"I.L. Wiggins","J.A. Peters","none","WGS84","Amphibia","ECU","none","none","LATIN_AMERICA","Ecuador","NORTH_AMERICA",NA,"urn:catalog:CAS:SUA:8277",NA,NA,"21 Jul 1944","497",NA,"543714662","SUA","25-30 km. Southwest of Cayambe, Ecuador  alt. 9850 ft.","urn:catalog:CAS:SUA:8277",NA,NA,"8277","CAS",NA,"Atelopus ignescens (Cornalia, 1849)","68e8e67a-43e6-44a3-8817-dc0e6b70f973,99d66b6c-9087-452f-a9d4-f15f2c2d0e7e",3002.29,"d2a27206-87ab-47ea-b5fc-d2e57054b688","ba09c323-3cf8-4e82-900f-23f2bdb46f17",NA,NA,NA,"25-30 km SW of Cayambe",NA,NA,NA,NA,NA,NA,"http://grscicoll.org/institutional-collection/herpetology-0",NA,"Boggy place on ridge.",NA,NA,"Alcohol","http://grbio.org/institution/california-academy-sciences",NA,NA,"DMS",NA,NA,NA,NA,NA,NA,NA,NA,"South America; Ecuador; Pichincha Prov.",NA,NA,NA,"Map SA17-4 (Quito) map 1:250,000. IGM Ecuador","Assumed 27.5 km SW on rd to Quito, error encompasses distance uncertanty",NA,NA,NA,NA,NA,NA,"9850 ft","Animalia; Chordata; Amphibia; Anura; Bufonidae",NA,NA,NA,NA,NA,NA,NA,NA,NA,NA,NA,NA,NA,NA,NA,NA,NA,NA,NA,NA,"gbif","ECU.19_1","ECU","Ecuador","Pichincha",NA,NA,"Provincia","Province","17","EC.PI","EC-P",-78.339167,-0.045278
"126","543716018","Atelopus ignescens (Cornalia, 1849)","cdround","cece4fc2-1fec-4bb5-a335-7252548e3f0b","66522820-055c-11d8-b84e-b8a03c50a862","a43950ae-eb88-4ef4-bfff-43bcf12885ad","66522820-055c-11d8-b84e-b8a03c50a862","US","EML","2026-07-20T10:50:11.246+00:00","2026-07-20T11:33:32.805+00:00",497,NA,"PRESERVED_SPECIMEN","PRESENT",5216669,1,44,131,952,6727,2422265,5216669,5216669,"Atelopus ignescens (Cornalia, 1849)","Animalia","Chordata","Anura","Bufonidae","Atelopus","Atelopus ignescens","Atelopus","ignescens","SPECIES","ACCEPTED","CR","1956-08-19T00:00:00",NA,"SOUTH_AMERICA","Chimborazo Prov.",NA,1944,9,15,"1944-09-15",259,259,"2024-01-04T14:21:00.000+00:00","2026-07-20T11:33:32.805+00:00",NA,"http://creativecommons.org/publicdomain/zero/1.0/legalcode",FALSE,"urn:catalog:CAS:SUA:9498","none","none",FALSE,NA,"I.L. Wiggins","J.A. Peters","none","WGS84","Amphibia","ECU","none","none","LATIN_AMERICA","Ecuador","NORTH_AMERICA",NA,"urn:catalog:CAS:SUA:9498",NA,NA,"15 Sep 1944","497",NA,"543716018","SUA","Hacienda Joyagski, southern Chimborazo Prov. Ecuador; alt. 9400 ft. Under rotting logs in cienega.","urn:catalog:CAS:SUA:9498",NA,NA,"9498","CAS",NA,"Atelopus ignescens (Cornalia, 1849)","68e8e67a-43e6-44a3-8817-dc0e6b70f973,99d66b6c-9087-452f-a9d4-f15f2c2d0e7e",NA,"d2a27206-87ab-47ea-b5fc-d2e57054b688","ba09c323-3cf8-4e82-900f-23f2bdb46f17",NA,NA,NA,"Hacienda Joyagski",NA,NA,NA,NA,NA,NA,"http://grscicoll.org/institutional-collection/herpetology-0",NA,"Rotting logs in cienega.",NA,NA,"Alcohol","http://grbio.org/institution/california-academy-sciences",NA,NA,NA,NA,NA,NA,NA,NA,NA,NA,NA,"South America; Ecuador; Chimborazo Prov.",NA,NA,NA,NA,NA,NA,NA,NA,NA,NA,NA,NA,"Animalia; Chordata; Amphibia; Anura; Bufonidae",NA,NA,NA,NA,NA,NA,NA,NA,NA,NA,NA,NA,NA,NA,NA,NA,NA,NA,NA,NA,"gbif","ECU.5_1","ECU","Ecuador","Chimborazo",NA,NA,"Provincia","Province","06","EC.CB","EC-H",-78.679647,-1.937247
"127","543715992","Atelopus ignescens (Cornalia, 1849)","cdround,gass84,gdativ","cece4fc2-1fec-4bb5-a335-7252548e3f0b","66522820-055c-11d8-b84e-b8a03c50a862","a43950ae-eb88-4ef4-bfff-43bcf12885ad","66522820-055c-11d8-b84e-b8a03c50a862","US","EML","2026-07-20T10:50:11.246+00:00","2026-07-20T11:33:26.119+00:00",497,NA,"PRESERVED_SPECIMEN","PRESENT",5216669,1,44,131,952,6727,2422265,5216669,5216669,"Atelopus ignescens (Cornalia, 1849)","Animalia","Chordata","Anura","Bufonidae","Atelopus","Atelopus ignescens","Atelopus","ignescens","SPECIES","ACCEPTED","CR","1951-08-01T00:00:00",8294,"SOUTH_AMERICA","Pichincha Prov.",NA,1944,11,5,"1944-11-05",310,310,"2024-01-04T14:21:00.000+00:00","2026-07-20T11:33:26.119+00:00",NA,"http://creativecommons.org/publicdomain/zero/1.0/legalcode",FALSE,"urn:catalog:CAS:SUA:9474","none","none",FALSE,NA,"J. Ewan","J.W. Funkhouser","none","WGS84","Amphibia","ECU","none","none","LATIN_AMERICA","Ecuador","NORTH_AMERICA",NA,"urn:catalog:CAS:SUA:9474",NA,NA,"5 Nov 1944","497",NA,"543715992","SUA","Pichincha Prov., Ecuador; Pichincha Peak, near Quito, altitude 11,000 ft.","urn:catalog:CAS:SUA:9474",NA,NA,"9474","CAS",NA,"Atelopus ignescens (Cornalia, 1849)","68e8e67a-43e6-44a3-8817-dc0e6b70f973,99d66b6c-9087-452f-a9d4-f15f2c2d0e7e",3352.81,"d2a27206-87ab-47ea-b5fc-d2e57054b688","ba09c323-3cf8-4e82-900f-23f2bdb46f17",NA,NA,NA,"near Quito, Pichincha Peak",NA,NA,NA,NA,NA,NA,"http://grscicoll.org/institutional-collection/herpetology-0",NA,NA,NA,NA,"Alcohol","http://grbio.org/institution/california-academy-sciences",NA,NA,"DMS",NA,NA,NA,NA,NA,NA,NA,NA,"South America; Ecuador; Pichincha Prov.",NA,NA,NA,"Map SA17-4 (Quito) map 1:250,000. IGM Ecuador",NA,NA,NA,NA,NA,NA,NA,"11000 ft","Animalia; Chordata; Amphibia; Anura; Bufonidae",NA,NA,NA,NA,NA,NA,NA,NA,NA,NA,NA,NA,NA,NA,NA,NA,NA,NA,NA,NA,"gbif","ECU.19_1","ECU","Ecuador","Pichincha",NA,NA,"Provincia","Province","17","EC.PI","EC-P",-78.564167,-0.158056
"128","543711048","Atelopus ignescens (Cornalia, 1849)","cdround","cece4fc2-1fec-4bb5-a335-7252548e3f0b","66522820-055c-11d8-b84e-b8a03c50a862","a43950ae-eb88-4ef4-bfff-43bcf12885ad","66522820-055c-11d8-b84e-b8a03c50a862","US","EML","2026-07-20T10:50:11.246+00:00","2026-07-20T11:33:25.120+00:00",497,NA,"PRESERVED_SPECIMEN","PRESENT",5216669,1,44,131,952,6727,2422265,5216669,5216669,"Atelopus ignescens (Cornalia, 1849)","Animalia","Chordata","Anura","Bufonidae","Atelopus","Atelopus ignescens","Atelopus","ignescens","SPECIES","ACCEPTED","CR","1951-08-01T00:00:00",25115,"SOUTH_AMERICA","Chimborazo Prov.",NA,1939,7,4,"1939-07-04",185,185,"2024-01-04T14:21:00.000+00:00","2026-07-20T11:33:25.120+00:00",NA,"http://creativecommons.org/publicdomain/zero/1.0/legalcode",FALSE,"urn:catalog:CAS:SUA:5023","none","none",FALSE,NA,"W. Clarke-Macintyre","J.W. Funkhouser","none","WGS84","Amphibia","ECU","none","none","LATIN_AMERICA","Ecuador","NORTH_AMERICA",NA,"urn:catalog:CAS:SUA:5023",NA,NA,"4 Jul 1939","497",NA,"543711048","SUA","Paramo de Tililac, near Riobamba, Ecuador. Elev. 4200 to 4500 meters","urn:catalog:CAS:SUA:5023",NA,NA,"5023","CAS",NA,"Atelopus ignescens (Cornalia, 1849)","68e8e67a-43e6-44a3-8817-dc0e6b70f973,99d66b6c-9087-452f-a9d4-f15f2c2d0e7e",4350,"d2a27206-87ab-47ea-b5fc-d2e57054b688","ba09c323-3cf8-4e82-900f-23f2bdb46f17",NA,NA,NA,"near Riobamba, Paramo de Tililac",NA,NA,NA,NA,NA,NA,"http://grscicoll.org/institutional-collection/herpetology-0",NA,NA,NA,150,"Alcohol","http://grbio.org/institution/california-academy-sciences",NA,NA,"DMS",NA,NA,NA,NA,NA,NA,NA,NA,"South America; Ecuador; Chimborazo Prov.",NA,NA,NA,"Geonames Query Page (gnswww.nga.mil/geonames/GNS/index.jsp)","Coordinates for Tililag (paramo not found); error encompasses 15 km around Tililag",NA,NA,NA,NA,NA,NA,"4200-4500 m","Animalia; Chordata; Amphibia; Anura; Bufonidae",NA,NA,NA,NA,NA,NA,NA,NA,NA,NA,NA,NA,NA,NA,NA,NA,NA,NA,NA,NA,"gbif","ECU.5_1","ECU","Ecuador","Chimborazo",NA,NA,"Provincia","Province","06","EC.CB","EC-H",-78.866667,-1.6
"129","1987180449","Atelopus ignescens (Cornalia, 1849)","cdc,conti","8e479b8f-ac16-4bed-a11a-bc7e27c31663","6ea87510-0561-11d8-b851-b8a03c50a862","cfbb523a-883c-48db-8258-dcfe32b11d64","a5486e02-d249-4809-9273-deac47fb11e0","US","EML","2026-07-20T12:03:10.614+00:00","2026-07-20T12:15:01.140+00:00",498,NA,"PRESERVED_SPECIMEN","PRESENT",5216669,1,44,131,952,6727,2422265,5216669,5216669,"Atelopus ignescens (Cornalia, 1849)","Animalia","Chordata","Anura","Bufonidae","Atelopus","Atelopus ignescens","Atelopus","ignescens","SPECIES","ACCEPTED","CR",NA,3036,"SOUTH_AMERICA","Tungurahua",NA,1939,7,4,"1939-07-04",185,185,"2016-12-22T23:07:09.000+00:00","2026-07-20T12:15:01.140+00:00",NA,"http://creativecommons.org/licenses/by/4.0/legalcode",FALSE,"c2205369-17e9-48a6-b8a5-2e6e4c8288e8","none","none",FALSE,"University of Michigan Museum of Zoology, Division of Reptiles & Amphibians","WM CLARK MCINTYRE",NA,"none","WGS84","Amphibia","ECU","none","none","LATIN_AMERICA","Ecuador","NORTH_AMERICA","The Regents of the University of Michigan","c2205369-17e9-48a6-b8a5-2e6e4c8288e8",NA,NA,NA,"498",NA,"1987180449","UMMZ-Herps",NA,"c2205369-17e9-48a6-b8a5-2e6e4c8288e8",NA,NA,"92156","UMMZ",NA,"Atelopus ignescens (Cornalia, 1849)","68e8e67a-43e6-44a3-8817-dc0e6b70f973,8e30b684-6a54-4aba-aa73-66201c2c736e,99d66b6c-9087-452f-a9d4-f15f2c2d0e7e",NA,"2a508411-2acd-45df-8a8b-00094ac65f87","93b0c64c-ff9d-429b-81ca-ad651820ce66",NA,NA,NA,"4200 M ZILILAC NEAR RIOBAMBA","en","PhysicalObject",NA,NA,NA,NA,"https://scientific-collections.gbif.org/collection/93b0c64c-ff9d-429b-81ca-ad651820ce66",NA,NA,11,NA,"FLUID - 11","https://scientific-collections.gbif.org/institution/2a508411-2acd-45df-8a8b-00094ac65f87",NA,NA,NA,"in collection",NA,NA,NA,NA,NA,NA,NA,"ECUADOR, TUNGURAHUA","2016-05-03","Geolocate Web",NA,NA,NA,NA,"Helen Huetteman",NA,NA,NA,NA,NA,NA,NA,NA,NA,"MARKER AT RIOBAMBA",NA,NA,NA,NA,NA,NA,NA,NA,NA,NA,NA,NA,NA,NA,NA,NA,"gbif","ECU.5_1","ECU","Ecuador","Chimborazo",NA,NA,"Provincia","Province","06","EC.CB","EC-H",-78.647124,-1.670984
"130","1317308334","Atelopus ignescens (Cornalia, 1849)","osiic","821cc27a-e3bb-4bc5-ac34-89ada245069d","bc092ff0-02e4-11dc-991f-b8a03c50a862","b2ff19b5-d74f-40d2-82f1-ec5db01e8e31","bc092ff0-02e4-11dc-991f-b8a03c50a862","US","EML","2026-07-16T13:39:50.656+00:00","2026-07-18T17:40:21.052+00:00",514,NA,"PRESERVED_SPECIMEN","PRESENT",5216669,1,44,131,952,6727,2422265,5216669,5216669,"Atelopus ignescens (Cornalia, 1849)","Animalia","Chordata","Anura","Bufonidae","Atelopus","Atelopus ignescens","Atelopus","ignescens","SPECIES","ACCEPTED","CR",NA,6615,"SOUTH_AMERICA","Chimborazo Province",NA,1937,7,10,"1937-07-10",191,191,"2023-07-05T15:10:00.000+00:00","2026-07-18T17:40:21.052+00:00",NA,"http://creativecommons.org/publicdomain/zero/1.0/legalcode",FALSE,"http://n2t.net/ark:/65665/304b0576c-ce97-45ef-a872-e442f01a8909","none","none",FALSE,"NMNH Extant Biology",NA,NA,"none","WGS84","Amphibia","ECU","none","none","LATIN_AMERICA","Ecuador","NORTH_AMERICA",NA,"http://n2t.net/ark:/65665/304b0576c-ce97-45ef-a872-e442f01a8909",NA,NA,"10 Jul 1937","514",NA,"1317308334","HERP",NA,"http://n2t.net/ark:/65665/304b0576c-ce97-45ef-a872-e442f01a8909",NA,NA,"USNM 103262","USNM",NA,"Atelopus ignescens (Cornalia, 1849)","68e8e67a-43e6-44a3-8817-dc0e6b70f973,99d66b6c-9087-452f-a9d4-f15f2c2d0e7e",4000,"586ee56e-b0fe-4dff-b7f9-aeb104f3308a","f34f47db-05bd-4cb7-9d43-691f029b68cc",NA,NA,NA,"Mount Chimborazo",NA,NA,NA,NA,NA,NA,"urn:uuid:cc104cbf-fd8e-4801-9b71-36731a7db1a0",NA,NA,1,0,"Ethanol","urn:lsid:biocol.org:col:34871",NA,NA,NA,NA,NA,NA,NA,NA,NA,NA,NA,"South America, Ecuador, Chimborazo Province",NA,"Alexandria Digital Library, MaNIS/HerpNET/ORNIS Georeferencing Guidelines",NA,NA,"Locality extent = 4",NA,NA,NA,NA,NA,NA,"4000 m","Animalia, Chordata, Vertebrata, Amphibia, Anura, Bufonidae",NA,NA,NA,NA,NA,NA,NA,NA,NA,NA,NA,NA,NA,NA,NA,NA,NA,NA,NA,NA,"gbif","ECU.5_1","ECU","Ecuador","Chimborazo",NA,NA,"Provincia","Province","06","EC.CB","EC-H",-78.7964,-1.48306
"131","1987112623","Atelopus ignescens (Cornalia, 1849)","cdc,conti","8e479b8f-ac16-4bed-a11a-bc7e27c31663","6ea87510-0561-11d8-b851-b8a03c50a862","cfbb523a-883c-48db-8258-dcfe32b11d64","a5486e02-d249-4809-9273-deac47fb11e0","US","EML","2026-07-20T12:03:10.614+00:00","2026-07-20T12:14:46.599+00:00",498,NA,"PRESERVED_SPECIMEN","PRESENT",5216669,1,44,131,952,6727,2422265,5216669,5216669,"Atelopus ignescens (Cornalia, 1849)","Animalia","Chordata","Anura","Bufonidae","Atelopus","Atelopus ignescens","Atelopus","ignescens","SPECIES","ACCEPTED","CR",NA,3036,"SOUTH_AMERICA","Pichincha",NA,1934,3,10,"1934-03-10",69,69,"2016-12-23T01:46:25.000+00:00","2026-07-20T12:14:46.599+00:00",NA,"http://creativecommons.org/licenses/by/4.0/legalcode",FALSE,"6d5afc3f-e77e-4994-9bf1-18bef950b6cc","none","none",FALSE,"University of Michigan Museum of Zoology, Division of Reptiles & Amphibians","PHILIP HERSCHKOVITZ",NA,"none","WGS84","Amphibia","ECU","none","none","LATIN_AMERICA","Ecuador","NORTH_AMERICA","The Regents of the University of Michigan","6d5afc3f-e77e-4994-9bf1-18bef950b6cc",NA,NA,NA,"498",NA,"1987112623","UMMZ-Herps",NA,"6d5afc3f-e77e-4994-9bf1-18bef950b6cc",NA,NA,"83667","UMMZ",NA,"Atelopus ignescens (Cornalia, 1849)","68e8e67a-43e6-44a3-8817-dc0e6b70f973,8e30b684-6a54-4aba-aa73-66201c2c736e,99d66b6c-9087-452f-a9d4-f15f2c2d0e7e",NA,"2a508411-2acd-45df-8a8b-00094ac65f87","93b0c64c-ff9d-429b-81ca-ad651820ce66",NA,NA,NA,"2800 MTS GUACHALA NEAR CAYAMBE PICHINCHA","en","PhysicalObject",NA,NA,NA,NA,"https://scientific-collections.gbif.org/collection/93b0c64c-ff9d-429b-81ca-ad651820ce66",NA,NA,16,NA,"FLUID - 16","https://scientific-collections.gbif.org/institution/2a508411-2acd-45df-8a8b-00094ac65f87",NA,NA,NA,"in collection",NA,NA,NA,NA,NA,NA,NA,"ECUADOR, PICHINCHA","2016-05-03","Geolocate Web",NA,NA,NA,NA,"Helen Huetteman",NA,"108-09.113-123",NA,NA,NA,NA,NA,NA,NA,"CHOSE MARKER AT GUACHALA",NA,NA,NA,NA,NA,NA,NA,NA,NA,NA,NA,NA,NA,NA,NA,NA,"gbif","ECU.19_1","ECU","Ecuador","Pichincha",NA,NA,"Provincia","Province","17","EC.PI","EC-P",-78.182403,-0.00522
"132","1987130691","Atelopus ignescens (Cornalia, 1849)","cdc,conti","8e479b8f-ac16-4bed-a11a-bc7e27c31663","6ea87510-0561-11d8-b851-b8a03c50a862","cfbb523a-883c-48db-8258-dcfe32b11d64","a5486e02-d249-4809-9273-deac47fb11e0","US","EML","2026-07-20T12:03:10.614+00:00","2026-07-20T12:14:48.175+00:00",498,NA,"PRESERVED_SPECIMEN","PRESENT",5216669,1,44,131,952,6727,2422265,5216669,5216669,"Atelopus ignescens (Cornalia, 1849)","Animalia","Chordata","Anura","Bufonidae","Atelopus","Atelopus ignescens","Atelopus","ignescens","SPECIES","ACCEPTED","CR",NA,3036,"SOUTH_AMERICA","Imbabura",NA,1934,5,17,"1934-05-17",137,137,"2016-12-23T01:46:22.000+00:00","2026-07-20T12:14:48.175+00:00",NA,"http://creativecommons.org/licenses/by/4.0/legalcode",FALSE,"80e7f85c-aa8f-4f9f-ad6f-1baab8560e00","none","none",FALSE,"University of Michigan Museum of Zoology, Division of Reptiles & Amphibians","PHILIP HERSCHKOVITZ",NA,"none","WGS84","Amphibia","ECU","none","none","LATIN_AMERICA","Ecuador","NORTH_AMERICA","The Regents of the University of Michigan","80e7f85c-aa8f-4f9f-ad6f-1baab8560e00",NA,NA,NA,"498",NA,"1987130691","UMMZ-Herps",NA,"80e7f85c-aa8f-4f9f-ad6f-1baab8560e00",NA,NA,"83669","UMMZ",NA,"Atelopus ignescens (Cornalia, 1849)","68e8e67a-43e6-44a3-8817-dc0e6b70f973,8e30b684-6a54-4aba-aa73-66201c2c736e,99d66b6c-9087-452f-a9d4-f15f2c2d0e7e",NA,"2a508411-2acd-45df-8a8b-00094ac65f87","93b0c64c-ff9d-429b-81ca-ad651820ce66",NA,NA,NA,"2600 M OTOVALO OTOVALO IMBABURA","en","PhysicalObject",NA,NA,NA,NA,"https://scientific-collections.gbif.org/collection/93b0c64c-ff9d-429b-81ca-ad651820ce66",NA,NA,10,NA,"FLUID - 10","https://scientific-collections.gbif.org/institution/2a508411-2acd-45df-8a8b-00094ac65f87",NA,NA,NA,"in collection",NA,NA,NA,NA,NA,NA,NA,"ECUADOR, IMBABURA","2016-05-03","Geolocate Web",NA,NA,NA,NA,"Helen Huetteman",NA,"165-6.168.170.172-4.176.178-9",NA,NA,NA,NA,NA,NA,NA,"CHOSE MARKER AT OTOVALO (ALSO KNOWN AS OTAVALO)",NA,NA,NA,NA,NA,NA,NA,NA,NA,NA,NA,NA,NA,NA,NA,NA,"gbif","ECU.11_1","ECU","Ecuador","Imbabura",NA,NA,"Provincia","Province","10","EC.IM","EC-I",-78.259784,0.231408
"133","1318186291","Atelopus ignescens (Cornalia, 1849)","osiic","821cc27a-e3bb-4bc5-ac34-89ada245069d","bc092ff0-02e4-11dc-991f-b8a03c50a862","b2ff19b5-d74f-40d2-82f1-ec5db01e8e31","bc092ff0-02e4-11dc-991f-b8a03c50a862","US","EML","2026-07-16T13:39:50.656+00:00","2026-07-18T17:24:04.972+00:00",514,NA,"PRESERVED_SPECIMEN","PRESENT",5216669,1,44,131,952,6727,2422265,5216669,5216669,"Atelopus ignescens (Cornalia, 1849)","Animalia","Chordata","Anura","Bufonidae","Atelopus","Atelopus ignescens","Atelopus","ignescens","SPECIES","ACCEPTED","CR",NA,5615,"SOUTH_AMERICA","Chimborazo Province",NA,1903,10,10,"1903-10-10",283,283,"2023-07-05T15:10:00.000+00:00","2026-07-18T17:24:04.972+00:00",NA,"http://creativecommons.org/publicdomain/zero/1.0/legalcode",FALSE,"http://n2t.net/ark:/65665/32b80d4f3-47cf-4c8e-968b-c3db0ae5aaed","none","none",FALSE,"NMNH Extant Biology",NA,NA,"none","WGS84","Amphibia","ECU","none","none","LATIN_AMERICA","Ecuador","NORTH_AMERICA",NA,"http://n2t.net/ark:/65665/32b80d4f3-47cf-4c8e-968b-c3db0ae5aaed",NA,NA,"10 Oct 1903","514",NA,"1318186291","HERP",NA,"http://n2t.net/ark:/65665/32b80d4f3-47cf-4c8e-968b-c3db0ae5aaed",NA,NA,"USNM 33868","USNM",NA,"Atelopus ignescens (Cornalia, 1849)","68e8e67a-43e6-44a3-8817-dc0e6b70f973,99d66b6c-9087-452f-a9d4-f15f2c2d0e7e",3048,"586ee56e-b0fe-4dff-b7f9-aeb104f3308a","f34f47db-05bd-4cb7-9d43-691f029b68cc",NA,NA,NA,"Guamote",NA,NA,NA,NA,NA,NA,"urn:uuid:cc104cbf-fd8e-4801-9b71-36731a7db1a0",NA,NA,1,0,"Ethanol","urn:lsid:biocol.org:col:34871",NA,NA,NA,NA,NA,NA,NA,NA,NA,NA,NA,"South America, Ecuador, Chimborazo Province",NA,"Alexandria Digital Library, MaNIS/HerpNET/ORNIS Georeferencing Guidelines",NA,NA,"Locality extent = 3",NA,NA,NA,NA,NA,NA,"10000 ft","Animalia, Chordata, Vertebrata, Amphibia, Anura, Bufonidae",NA,NA,NA,NA,NA,NA,NA,NA,NA,NA,NA,NA,NA,NA,NA,NA,NA,NA,NA,NA,"gbif","ECU.5_1","ECU","Ecuador","Chimborazo",NA,NA,"Provincia","Province","06","EC.CB","EC-H",-78.7167,-1.93333
"134","476547061","Atelopus ignescens (Cornalia, 1849)","colmafu,inmafu","4bfac3ea-8763-4f4b-a71a-76a6f5f243d3","b4640710-8e03-11d8-b956-b8a03c50a862","b0f5183c-5ed0-47f4-b75f-65e0c1036cb5","b4640710-8e03-11d8-b956-b8a03c50a862","US","EML","2026-07-14T17:47:44.213+00:00","2026-07-18T21:36:51.797+00:00",727,NA,"PRESERVED_SPECIMEN","PRESENT",5216669,1,44,131,952,6727,2422265,5216669,5216669,"Atelopus ignescens (Cornalia, 1849)","Animalia","Chordata","Anura","Bufonidae","Atelopus","Atelopus ignescens","Atelopus","ignescens","SPECIES","ACCEPTED","CR",NA,7006,"SOUTH_AMERICA",NA,NA,NA,NA,NA,NA,NA,NA,"2024-12-20T16:10:16.000+00:00","2026-07-18T21:36:51.797+00:00","http://mczbase.mcz.harvard.edu/guid/MCZ:Herp:A-2617","http://creativecommons.org/licenses/by-nc/4.0/legalcode",FALSE,"MCZ:Herp:A-2617","none","none",FALSE,NA,NA,"Catalog","none","WGS84","Amphibia","ECU","none","none","LATIN_AMERICA","Ecuador","NORTH_AMERICA","President and Fellows of Harvard College","MCZ:Herp:A-2617",NA,NA,"[no verbatim date data]","727",NA,"476547061","Herp","Fixan, Equador","MCZ:Herp:A-2617",NA,NA,"A-2617","MCZ",NA,"Atelopus ignescens (Cornalia, 1849)","68e8e67a-43e6-44a3-8817-dc0e6b70f973,99d66b6c-9087-452f-a9d4-f15f2c2d0e7e",NA,"1cfca87c-083e-4d67-8e60-cb7d311f6058","b2a3198c-ca1b-40e5-890f-46b4021d623b",NA,NA,"ICZN","Tixan",NA,NA,NA,NA,"Museum of Comparative Zoology, Harvard University",NA,NA,NA,NA,1,NA,"whole animal (ethanol)","b4640710-8e03-11d8-b956-b8a03c50a862",NA,NA,"decimal degrees","unknown",NA,NA,NA,NA,NA,NA,NA,"South America: Ecuador",NA,"GEOLocate","verified by MCZ collection","GEOLocate",NA,1e-05,"Matt Gage","muse location number=ZA2617",NA,"http://vocab.getty.edu/tgn/1000051","OCE i.10 by TBarbour",NA,"Animalia Chordata Amphibia Lissamphibia Anura Bufonoidea Bufonidae Atelopus ignescens",NA,NA,NA,NA,NA,NA,NA,NA,NA,NA,NA,NA,NA,NA,NA,NA,NA,NA,NA,NA,"gbif","ECU.5_1","ECU","Ecuador","Chimborazo",NA,NA,"Provincia","Province","06","EC.CB","EC-H",-78.8026,-2.15184
"135","476561469","Atelopus ignescens (Cornalia, 1849)","rdatm,colmafu,inmafu","4bfac3ea-8763-4f4b-a71a-76a6f5f243d3","b4640710-8e03-11d8-b956-b8a03c50a862","b0f5183c-5ed0-47f4-b75f-65e0c1036cb5","b4640710-8e03-11d8-b956-b8a03c50a862","US","EML","2026-07-14T17:47:44.213+00:00","2026-07-18T21:36:52.213+00:00",727,NA,"PRESERVED_SPECIMEN","PRESENT",5216669,1,44,131,952,6727,2422265,5216669,5216669,"Atelopus ignescens (Cornalia, 1849)","Animalia","Chordata","Anura","Bufonidae","Atelopus","Atelopus ignescens","Atelopus","ignescens","SPECIES","ACCEPTED","CR",NA,5115,"SOUTH_AMERICA","Chimborazo",NA,NA,NA,NA,NA,NA,NA,"2024-12-20T16:10:17.000+00:00","2026-07-18T21:36:52.213+00:00","http://mczbase.mcz.harvard.edu/guid/MCZ:Herp:A-3004","http://creativecommons.org/licenses/by-nc/4.0/legalcode",FALSE,"MCZ:Herp:A-3004","none","none",FALSE,NA,"Edward Whymper","Catalog","none","WGS84","Amphibia","ECU","none","none","LATIN_AMERICA","Ecuador","NORTH_AMERICA","President and Fellows of Harvard College","MCZ:Herp:A-3004",NA,NA,"[no verbatim date data]","727",NA,"476561469","Herp","Riobamba, Ecuador","MCZ:Herp:A-3004",NA,NA,"A-3004","MCZ",NA,"Atelopus ignescens (Cornalia, 1849)","68e8e67a-43e6-44a3-8817-dc0e6b70f973,99d66b6c-9087-452f-a9d4-f15f2c2d0e7e",NA,"1cfca87c-083e-4d67-8e60-cb7d311f6058","b2a3198c-ca1b-40e5-890f-46b4021d623b",NA,NA,"ICZN","Riobamba",NA,NA,NA,NA,"Museum of Comparative Zoology, Harvard University",NA,NA,NA,NA,1,NA,"whole animal (ethanol)","b4640710-8e03-11d8-b956-b8a03c50a862",NA,NA,"decimal degrees","unknown",NA,NA,NA,NA,NA,NA,NA,"South America: Ecuador: Chimborazo",NA,"MaNIS/HerpNET/ORNIS Georeferencing Guidelines","unverified","Alexandria Digital Library",NA,1e-05,"Elisa Bonaccorso","muse location number=ZA3004",NA,NA,NA,NA,"Animalia Chordata Amphibia Lissamphibia Anura Bufonoidea Bufonidae Atelopus ignescens",NA,NA,NA,"LAT/LONG: Coordinates from USBGN?",NA,NA,NA,NA,NA,NA,NA,NA,NA,NA,NA,NA,NA,NA,NA,NA,"gbif","ECU.5_1","ECU","Ecuador","Chimborazo",NA,NA,"Provincia","Province","06","EC.CB","EC-H",-78.63333,-1.66667
"136","614806966","Atelopus ignescens (Cornalia, 1849)","gass84","82a65706-f762-11e1-a439-00145eb45e9a","9661d20d-86b6-4485-8948-f3c86b022fa7","f9638210-5569-4af5-87a9-8a43a6d68793","23e067c0-a255-11da-beae-b8a03c50a862","CH","DWC_ARCHIVE","2026-07-23T01:15:05.319+00:00","2026-07-23T01:17:14.352+00:00",387,NA,"PRESERVED_SPECIMEN","PRESENT",5216669,1,44,131,952,6727,2422265,5216669,5216669,"Atelopus ignescens (Cornalia, 1849)","Animalia","Chordata","Anura","Bufonidae","Atelopus","Atelopus ignescens","Atelopus","ignescens","SPECIES","ACCEPTED","CR",NA,4467,"SOUTH_AMERICA","Cotopaxi",NA,NA,NA,NA,NA,NA,NA,NA,"2026-07-23T01:17:14.352+00:00",NA,"http://creativecommons.org/licenses/by/4.0/legalcode",FALSE,"MHNG-HERP-2384.100","none","none",FALSE,NA,"L. Coloma & G. Onore",NA,"none","WGS84","Amphibia","ECU","none","none","LATIN_AMERICA","Ecuador","EUROPE",NA,"MHNG-HERP-2384.100",NA,NA,NA,"387",NA,"614806966","MHNG-HERP",NA,"MHNG-HERP-2384.100","5216669",NA,"MHNG-HERP-2384.100","MHNG",NA,"Atelopus ignescens (Cornalia, 1849)","99d66b6c-9087-452f-a9d4-f15f2c2d0e7e",NA,"8d572607-d32c-4477-8834-c9dbe76c57f9","54ea05e2-7e39-4107-853c-cb2545807817","82a65706-f762-11e1-a439-00145eb45e9a",NA,NA,"Zumbagua, Cotopaxi, Ecuador",NA,NA,NA,NA,NA,NA,"54ea05e2-7e39-4107-853c-cb2545807817",NA,NA,NA,NA,NA,"8d572607-d32c-4477-8834-c9dbe76c57f9",NA,"Zumbahua",NA,NA,NA,NA,NA,NA,NA,NA,NA,NA,NA,NA,NA,NA,NA,NA,NA,"MHNG-AMP/ERPI-2384.100",NA,NA,NA,NA,NA,NA,NA,NA,NA,NA,NA,NA,NA,NA,NA,NA,NA,"26143",NA,NA,NA,NA,"CC_BY_NC_4_0",NA,NA,"gbif","ECU.6_1","ECU","Ecuador","Cotopaxi",NA,NA,"Provincia","Province","05","EC.CT","EC-X",-78.9,-0.9667
"137","657452463","Atelopus ignescens (Cornalia, 1849)","","7a25f7aa-03fb-4322-aaeb-66719e1a9527","493fe050-055d-11d8-b84f-b8a03c50a862","a957a663-2f17-415f-b1c8-5cf6398df8ed","2053a639-84c3-4be5-b8bc-96b6d88a976c","US","EML","2026-07-14T11:20:15.120+00:00","2026-07-18T22:06:49.971+00:00",437,NA,"PRESERVED_SPECIMEN","PRESENT",5216669,1,44,131,952,6727,2422265,5216669,5216669,"Atelopus ignescens (Cornalia, 1849)","Animalia","Chordata","Anura","Bufonidae","Atelopus","Atelopus ignescens","Atelopus","ignescens","SPECIES","ACCEPTED","CR",NA,NA,"SOUTH_AMERICA","Pichincha",NA,NA,NA,NA,NA,NA,NA,"2026-03-12T00:00:00.000+00:00","2026-07-18T22:06:49.971+00:00","http://portal.vertnet.org/o/lacm/herps?id=43052953-05e8-48a7-a065-5d206094e4c1","http://creativecommons.org/publicdomain/zero/1.0/legalcode",FALSE,"43052953-05e8-48a7-a065-5d206094e4c1","none","none",FALSE,"LACM Vertebrates","RW Heyer",NA,"none","WGS84","Amphibia","ECU","none","none","LATIN_AMERICA","Ecuador","NORTH_AMERICA",NA,"43052953-05e8-48a7-a065-5d206094e4c1",NA,NA,"10-14 Aug 1971","447",NA,"657452463","Herps","| South America | Ecuador | Pichincha |  |   vic. Quito","43052953-05e8-48a7-a065-5d206094e4c1",NA,NA,"109613","LACM",NA,"Atelopus ignescens (Cornalia, 1849)","68e8e67a-43e6-44a3-8817-dc0e6b70f973,99d66b6c-9087-452f-a9d4-f15f2c2d0e7e",NA,"2fc908ba-e775-49e2-bffe-6b9041c3b70f","8fe11fb0-4836-4ba9-8c0e-ee6540cb54c9",NA,NA,"ICZN","vic. Quito","en","PhysicalObject",NA,NA,NA,"http://vertnet.org/resources/norms.html","https://scientific-collections.gbif.org/collection/8fe11fb0-4836-4ba9-8c0e-ee6540cb54c9",NA,NA,1,NA,NA,"https://scientific-collections.gbif.org/institution/2fc908ba-e775-49e2-bffe-6b9041c3b70f",NA,NA,"degrees minutes seconds",NA,NA,"Karyotype slides available.","Female",NA,NA,NA,NA,"South America|Ecuador|Pichincha",NA,"VertNet Georeferencing Guidelines",NA,NA,NA,NA,NA,"Karyotype No. KC 317",NA,NA,NA,NA,"Animalia | Chordata | Amphibia | Anura | Bufonidae | Atelopus",NA,NA,"native",NA,NA,NA,NA,NA,NA,1,"individuals","43052953-05e8-48a7-a065-5d206094e4c1. LACM Vertebrates. http://ipt.vertnet.org:8080/ipt/resource.do?r=lacm_verts.",NA,NA,NA,NA,NA,NA,NA,NA,"gbif","ECU.19_1","ECU","Ecuador","Pichincha",NA,NA,"Provincia","Province","17","EC.PI","EC-P",-78.5,-0.22
"138","1322444606","Atelopus ignescens (Cornalia, 1849)","osiic","821cc27a-e3bb-4bc5-ac34-89ada245069d","bc092ff0-02e4-11dc-991f-b8a03c50a862","b2ff19b5-d74f-40d2-82f1-ec5db01e8e31","bc092ff0-02e4-11dc-991f-b8a03c50a862","US","EML","2026-07-16T13:39:50.656+00:00","2026-07-18T17:32:09.343+00:00",514,NA,"PRESERVED_SPECIMEN","PRESENT",5216669,1,44,131,952,6727,2422265,5216669,5216669,"Atelopus ignescens (Cornalia, 1849)","Animalia","Chordata","Anura","Bufonidae","Atelopus","Atelopus ignescens","Atelopus","ignescens","SPECIES","ACCEPTED","CR",NA,99615,"SOUTH_AMERICA","Pichincha","none",NA,NA,NA,NA,NA,NA,"2023-07-05T15:13:00.000+00:00","2026-07-18T17:32:09.343+00:00",NA,"http://creativecommons.org/publicdomain/zero/1.0/legalcode",FALSE,"http://n2t.net/ark:/65665/3e7e79d94-b3d9-47a2-8a6f-fdea2dacb021","none","none",FALSE,"NMNH Extant Biology",NA,NA,"none","WGS84","Amphibia","ECU","none","none","LATIN_AMERICA","Ecuador","NORTH_AMERICA",NA,"http://n2t.net/ark:/65665/3e7e79d94-b3d9-47a2-8a6f-fdea2dacb021",NA,NA,"-- --- ----","514",NA,"1322444606","HERP",NA,"http://n2t.net/ark:/65665/3e7e79d94-b3d9-47a2-8a6f-fdea2dacb021",NA,NA,"USNM 286054","USNM",NA,"Atelopus ignescens (Cornalia, 1849)","68e8e67a-43e6-44a3-8817-dc0e6b70f973,99d66b6c-9087-452f-a9d4-f15f2c2d0e7e",NA,"586ee56e-b0fe-4dff-b7f9-aeb104f3308a","f34f47db-05bd-4cb7-9d43-691f029b68cc",NA,NA,NA,"No Further Locality Data",NA,NA,NA,NA,NA,NA,"urn:uuid:cc104cbf-fd8e-4801-9b71-36731a7db1a0",NA,NA,1,NA,"Ethanol","urn:lsid:biocol.org:col:34871",NA,NA,NA,NA,NA,NA,NA,NA,NA,NA,NA,"South America, Ecuador, Pichincha",NA,"Geonames Query Page (gnswww.nga.mil/geonames/GNS/index.jsp), MaNIS/HerpNET/ORNIS Georeferencing Guidelines",NA,NA,"Locality extent = 97",NA,NA,NA,NA,NA,NA,NA,"Animalia, Chordata, Vertebrata, Amphibia, Anura, Bufonidae",NA,NA,NA,NA,NA,NA,NA,NA,NA,NA,NA,NA,NA,NA,NA,NA,NA,NA,NA,NA,"gbif","ECU.19_1","ECU","Ecuador","Pichincha",NA,NA,"Provincia","Province","17","EC.PI","EC-P",-78.6667,-0.166667
"139","1987051822","Atelopus ignescens (Cornalia, 1849)","cdc,conti","8e479b8f-ac16-4bed-a11a-bc7e27c31663","6ea87510-0561-11d8-b851-b8a03c50a862","cfbb523a-883c-48db-8258-dcfe32b11d64","a5486e02-d249-4809-9273-deac47fb11e0","US","EML","2026-07-20T12:03:10.614+00:00","2026-07-20T12:14:49.665+00:00",498,NA,"PRESERVED_SPECIMEN","PRESENT",5216669,1,44,131,952,6727,2422265,5216669,5216669,"Atelopus ignescens (Cornalia, 1849)","Animalia","Chordata","Anura","Bufonidae","Atelopus","Atelopus ignescens","Atelopus","ignescens","SPECIES","ACCEPTED","CR",NA,9880,"SOUTH_AMERICA","Cotopaxi",NA,NA,NA,NA,NA,NA,NA,"2016-12-23T14:54:58.000+00:00","2026-07-20T12:14:49.665+00:00",NA,"http://creativecommons.org/licenses/by/4.0/legalcode",FALSE,"1cd4f69b-84e9-4212-8bda-490062cc8bea","none","none",FALSE,"University of Michigan Museum of Zoology, Division of Reptiles & Amphibians","C H EIGENMANN",NA,"none","WGS84","Amphibia","ECU","none","none","LATIN_AMERICA","Ecuador","NORTH_AMERICA","The Regents of the University of Michigan","1cd4f69b-84e9-4212-8bda-490062cc8bea",NA,NA,NA,"498",NA,"1987051822","UMMZ-Herps",NA,"1cd4f69b-84e9-4212-8bda-490062cc8bea",NA,NA,"55503","UMMZ",NA,"Atelopus ignescens (Cornalia, 1849)","68e8e67a-43e6-44a3-8817-dc0e6b70f973,8e30b684-6a54-4aba-aa73-66201c2c736e,99d66b6c-9087-452f-a9d4-f15f2c2d0e7e",NA,"2a508411-2acd-45df-8a8b-00094ac65f87","93b0c64c-ff9d-429b-81ca-ad651820ce66",NA,NA,NA,"LEON PROV SATACUNGA [= LATACUNGA]","en","PhysicalObject",NA,NA,NA,NA,"https://scientific-collections.gbif.org/collection/93b0c64c-ff9d-429b-81ca-ad651820ce66",NA,NA,4,NA,"FLUID - 4","https://scientific-collections.gbif.org/institution/2a508411-2acd-45df-8a8b-00094ac65f87",NA,NA,NA,"in collection",NA,NA,NA,NA,NA,NA,NA,"ECUADOR, COTOPAXI","2016-05-03","Geolocate Web",NA,NA,NA,NA,"Helen Huetteman",NA,NA,NA,NA,NA,NA,NA,NA,NA,"INCREASED UNCERTAINTY AROUND LATACUNGA",NA,NA,NA,NA,NA,NA,NA,NA,NA,NA,NA,NA,NA,NA,NA,NA,"gbif","ECU.6_1","ECU","Ecuador","Cotopaxi",NA,NA,"Provincia","Province","05","EC.CT","EC-X",-78.615545,-0.935206
"140","3025752683","Atelopus ignescens (Cornalia, 1849)","cdc,cdround,gass84,typstativ,inmano","8138eb72-f762-11e1-a439-00145eb45e9a","e88c96a3-5884-4e51-a580-e417ca4c9eed","712ce2e3-1409-45c1-9bd4-904991c8aa19","e88c96a3-5884-4e51-a580-e417ca4c9eed","BE","EML","2026-07-14T11:40:29.534+00:00","2026-07-19T00:07:00.121+00:00",374,NA,"PRESERVED_SPECIMEN","PRESENT",5216669,1,44,131,952,6727,2422265,5216669,5216669,"Atelopus ignescens (Cornalia, 1849)","Animalia","Chordata","Anura","Bufonidae","Atelopus","Atelopus ignescens","Atelopus","ignescens","SPECIES","ACCEPTED","CR",NA,1000,"SOUTH_AMERICA",NA,NA,NA,NA,NA,NA,NA,NA,NA,"2026-07-19T00:07:00.121+00:00",NA,"http://creativecommons.org/licenses/by-nc/4.0/legalcode",FALSE,"https://darwin.naturalsciences.be/uri/object/ada3adbe-2369-4099-8292-7f3ff83403a1","none","none",TRUE,"Royal Belgian Institute of Natural Sciences Collection",NA,"Boulenger Georges Albert (M.)","none","WGS84","Amphibia","ECU","none","none","LATIN_AMERICA","Ecuador","EUROPE","Royal Belgian Institute of Natural Sciences","https://darwin.naturalsciences.be/uri/object/ada3adbe-2369-4099-8292-7f3ff83403a1",NA,NA,NA,"385",NA,"3025752683","urn:catalog:RBINS:amp","Ecuador, Quito","https://darwin.naturalsciences.be/uri/object/ada3adbe-2369-4099-8292-7f3ff83403a1","https://www.gbif.org/species/5216669",NA,"425B","RBINS-Scientific Heritage",NA,"Atelopus ignescens (Cornalia, 1849)","17abcf75-2f1e-46dd-bf75-a5b21dd02655,99d66b6c-9087-452f-a9d4-f15f2c2d0e7e",NA,NA,NA,"be_rbins_darwin",NA,"ICZN",NA,"en","PhysicalObject",NA,NA,"RBINS",NA,"http://collections.naturalsciences.be/5","Unknown",NA,NA,NA,"container type: vial; preservation method: alcohol","https://www.wikidata.org/wiki/Q222297",NA,NA,NA,"Present",NA,NA,"Male",NA,NA,NA,NA,NA,NA,NA,NA,NA,NA,NA,NA,"urn:catalog:RBINS:IG:4544","VERTEBRATES/27014",NA,NA,NA,NA,NA,NA,NA,NA,NA,NA,NA,NA,NA,2,"SpecimensInContainer",NA,NA,NA,NA,NA,NA,NA,"Atelopus Duméril & Bibron, 1841",NA,"gbif","ECU.19_1","ECU","Ecuador","Pichincha",NA,NA,"Provincia","Province","17","EC.PI","EC-P",-78.5,-0.216667
"141","4912500238","Atelopus ignescens (Cornalia, 1849)","cdc,conti","7b20c426-defe-45ff-82a2-bb00141e1e8f","e62f0c10-13a1-4306-bdad-1e0a4c27d0d0","9df8109c-684d-416b-819b-7bc09adc500b","c54097e6-0972-4acb-b849-eaeba29c917d","EC","EML","2026-07-16T09:06:33.788+00:00","2026-07-18T17:54:44.234+00:00",93,NA,"MATERIAL_SAMPLE","PRESENT",5216669,1,44,131,952,6727,2422265,5216669,5216669,"Atelopus ignescens (Cornalia, 1849)","Animalia","Chordata","Anura","Bufonidae","Atelopus","Atelopus ignescens","Atelopus","ignescens","SPECIES","ACCEPTED","CR",NA,NA,"SOUTH_AMERICA","Cotopaxi",NA,NA,NA,NA,NA,NA,NA,NA,"2026-07-18T17:54:44.234+00:00",NA,"http://creativecommons.org/licenses/by-nc/4.0/legalcode",FALSE,"QCAZA8797","none","none",FALSE,"Bioweb","Ítalo Tapia|Luis Coloma|Luis Eduardo Jaramillo|CuradorAmphi","Luis Coloma","none","WGS84","Amphibia","ECU","none","none","LATIN_AMERICA","Ecuador","LATIN_AMERICA","Museo de Zoología QCAZ","QCAZA8797",NA,NA,NA,"98","RESCUED","4912500238","QCAZA","ECUADOR: Cotopaxi: Volcan Cotopaxi -Limpiopungo.   Latitud: -,88111111111111095617 Longitud: -77,58805555555559863","QCAZA8797","ec.bio.spp.43074",NA,"QCAZA8797","QCAZ",NA,"Atelopus ignescens (Cornalia, 1849)","99d66b6c-9087-452f-a9d4-f15f2c2d0e7e",NA,"1f33a2dd-ea62-4da3-b6f3-6fc19d259c99","ab011792-e14a-4040-bf6e-04e2820bebad","doi:10.60545/ejgu3c",NA,NA,"Volcan Cotopaxi -Limpiopungo","es","PhysicalObject","Jambato toad",NA,"QCAZ",NA,"ab011792-e14a-4040-bf6e-04e2820bebad",NA,NA,NA,NA,NA,"1f33a2dd-ea62-4da3-b6f3-6fc19d259c99",NA,NA,NA,"En colección",NA,NA,NA,NA,NA,NA,NA,NA,NA,NA,NA,NA,NA,NA,NA,NA,NA,NA,NA,NA,NA,"2024-10-28T21:40:51Z","https://patrimonio.ambiente.gob.ec/iptmae/archive.do?r=a5a6e882-b3ce-4e24-b337-33b4295d0620",NA,NA,NA,NA,NA,NA,NA,NA,NA,NA,NA,NA,NA,NA,NA,NA,NA,NA,"gbif","ECU.6_1","ECU","Ecuador","Cotopaxi",NA,NA,"Provincia","Province","05","EC.CT","EC-X",-78.47625,-0.620843
"142",NA,"Atelopus ignescens (Cornalia, 1849)",NA,NA,NA,NA,NA,NA,NA,NA,NA,NA,NA,"PRESERVED_SPECIMEN",NA,NA,NA,NA,NA,NA,NA,NA,NA,NA,NA,NA,NA,NA,NA,NA,NA,NA,NA,NA,NA,NA,NA,NA,NA,"Cotopaxi",NA,NA,NA,NA,"02/18/21",NA,NA,NA,NA,NA,NA,NA,NA,NA,NA,NA,NA,NA,NA,NA,NA,NA,"ECU",NA,NA,NA,NA,NA,NA,NA,NA,NA,NA,NA,NA,"5209186815",NA,NA,NA,NA,NA,NA,"Fundaci����������������",NA,NA,NA,2500,NA,NA,NA,NA,NA,NA,NA,NA,NA,NA,NA,"CC0 BY NC",NA,NA,NA,NA,NA,NA,NA,NA,NA,NA,NA,NA,NA,NA,NA,NA,NA,NA,NA,NA,NA,NA,NA,NA,NA,NA,NA,NA,NA,NA,NA,NA,NA,NA,NA,NA,NA,NA,NA,NA,NA,NA,NA,NA,NA,NA,NA,NA,NA,NA,NA,NA,"df1","ECU.6_1","ECU","Ecuador","Cotopaxi",NA,NA,"Provincia","Province","05","EC.CT","EC-X",-78.92961,-1.13214
"143",NA,"Atelopus ignescens (Cornalia, 1849)",NA,NA,NA,NA,NA,NA,NA,NA,NA,NA,NA,"",NA,NA,NA,NA,NA,NA,NA,NA,NA,NA,NA,NA,NA,NA,NA,NA,NA,NA,NA,NA,NA,NA,NA,NA,NA,"Cotopaxi",NA,NA,NA,NA,"05/12/21",NA,NA,NA,NA,NA,NA,NA,NA,NA,NA,NA,NA,NA,NA,NA,NA,NA,"ECU",NA,NA,NA,NA,NA,NA,NA,NA,NA,NA,NA,NA,NA,NA,NA,NA,NA,NA,NA,"",NA,NA,NA,2890,NA,NA,NA,NA,NA,NA,NA,NA,NA,NA,NA,"https://peerj.com/articles/17344/#supp-2",NA,NA,NA,NA,NA,NA,NA,NA,NA,NA,NA,NA,NA,NA,NA,NA,NA,NA,NA,NA,NA,NA,NA,NA,NA,NA,NA,NA,NA,NA,NA,NA,NA,NA,NA,NA,NA,NA,NA,NA,NA,NA,NA,NA,NA,NA,NA,NA,NA,NA,NA,NA,"df1","ECU.6_1","ECU","Ecuador","Cotopaxi",NA,NA,"Provincia","Province","05","EC.CT","EC-X",-78.90782,-1.12814
"144",NA,"Atelopus ignescens (Cornalia, 1849)",NA,NA,NA,NA,NA,NA,NA,NA,NA,NA,NA,"",NA,NA,NA,NA,NA,NA,NA,NA,NA,NA,NA,NA,NA,NA,NA,NA,NA,NA,NA,NA,NA,NA,NA,NA,NA,"Cotopaxi",NA,NA,NA,NA,"05/12/21",NA,NA,NA,NA,NA,NA,NA,NA,NA,NA,NA,NA,NA,NA,NA,NA,NA,"ECU",NA,NA,NA,NA,NA,NA,NA,NA,NA,NA,NA,NA,NA,NA,NA,NA,NA,NA,NA,"",NA,NA,NA,2826,NA,NA,NA,NA,NA,NA,NA,NA,NA,NA,NA,"https://peerj.com/articles/17344/#supp-2",NA,NA,NA,NA,NA,NA,NA,NA,NA,NA,NA,NA,NA,NA,NA,NA,NA,NA,NA,NA,NA,NA,NA,NA,NA,NA,NA,NA,NA,NA,NA,NA,NA,NA,NA,NA,NA,NA,NA,NA,NA,NA,NA,NA,NA,NA,NA,NA,NA,NA,NA,NA,"df1","ECU.6_1","ECU","Ecuador","Cotopaxi",NA,NA,"Provincia","Province","05","EC.CT","EC-X",-78.90878,-1.12697
"145",NA,"Atelopus ignescens (Cornalia, 1849)",NA,NA,NA,NA,NA,NA,NA,NA,NA,NA,NA,"",NA,NA,NA,NA,NA,NA,NA,NA,NA,NA,NA,NA,NA,NA,NA,NA,NA,NA,NA,NA,NA,NA,NA,NA,NA,"Cotopaxi",NA,NA,NA,NA,"05/12/21",NA,NA,NA,NA,NA,NA,NA,NA,NA,NA,NA,NA,NA,NA,NA,NA,NA,"ECU",NA,NA,NA,NA,NA,NA,NA,NA,NA,NA,NA,NA,NA,NA,NA,NA,NA,NA,NA,"",NA,NA,NA,2909,NA,NA,NA,NA,NA,NA,NA,NA,NA,NA,NA,"https://peerj.com/articles/17344/#supp-2",NA,NA,NA,NA,NA,NA,NA,NA,NA,NA,NA,NA,NA,NA,NA,NA,NA,NA,NA,NA,NA,NA,NA,NA,NA,NA,NA,NA,NA,NA,NA,NA,NA,NA,NA,NA,NA,NA,NA,NA,NA,NA,NA,NA,NA,NA,NA,NA,NA,NA,NA,NA,"df1","ECU.6_1","ECU","Ecuador","Cotopaxi",NA,NA,"Provincia","Province","05","EC.CT","EC-X",-78.9067,-1.12922
"146",NA,"Atelopus ignescens (Cornalia, 1849)",NA,NA,NA,NA,NA,NA,NA,NA,NA,NA,NA,"",NA,NA,NA,NA,NA,NA,NA,NA,NA,NA,NA,NA,NA,NA,NA,NA,NA,NA,NA,NA,NA,NA,NA,NA,NA,"Cotopaxi",NA,NA,NA,NA,"05/12/21",NA,NA,NA,NA,NA,NA,NA,NA,NA,NA,NA,NA,NA,NA,NA,NA,NA,"ECU",NA,NA,NA,NA,NA,NA,NA,NA,NA,NA,NA,NA,NA,NA,NA,NA,NA,NA,NA,"",NA,NA,NA,2950,NA,NA,NA,NA,NA,NA,NA,NA,NA,NA,NA,"https://peerj.com/articles/17344/#supp-2",NA,NA,NA,NA,NA,NA,NA,NA,NA,NA,NA,NA,NA,NA,NA,NA,NA,NA,NA,NA,NA,NA,NA,NA,NA,NA,NA,NA,NA,NA,NA,NA,NA,NA,NA,NA,NA,NA,NA,NA,NA,NA,NA,NA,NA,NA,NA,NA,NA,NA,NA,NA,"df1","ECU.6_1","ECU","Ecuador","Cotopaxi",NA,NA,"Provincia","Province","05","EC.CT","EC-X",-78.90354,-1.13088
"147",NA,"Atelopus ignescens (Cornalia, 1849)",NA,NA,NA,NA,NA,NA,NA,NA,NA,NA,NA,"",NA,NA,NA,NA,NA,NA,NA,NA,NA,NA,NA,NA,NA,NA,NA,NA,NA,NA,NA,NA,NA,NA,NA,NA,NA,"Cotopaxi",NA,NA,NA,NA,"05/12/21",NA,NA,NA,NA,NA,NA,NA,NA,NA,NA,NA,NA,NA,NA,NA,NA,NA,"ECU",NA,NA,NA,NA,NA,NA,NA,NA,NA,NA,NA,NA,NA,NA,NA,NA,NA,NA,NA,"",NA,NA,NA,2943,NA,NA,NA,NA,NA,NA,NA,NA,NA,NA,NA,"https://peerj.com/articles/17344/#supp-2",NA,NA,NA,NA,NA,NA,NA,NA,NA,NA,NA,NA,NA,NA,NA,NA,NA,NA,NA,NA,NA,NA,NA,NA,NA,NA,NA,NA,NA,NA,NA,NA,NA,NA,NA,NA,NA,NA,NA,NA,NA,NA,NA,NA,NA,NA,NA,NA,NA,NA,NA,NA,"df1","ECU.6_1","ECU","Ecuador","Cotopaxi",NA,NA,"Provincia","Province","05","EC.CT","EC-X",-78.90492,-1.13061
"148",NA,"Atelopus ignescens (Cornalia, 1849)",NA,NA,NA,NA,NA,NA,NA,NA,NA,NA,NA,"",NA,NA,NA,NA,NA,NA,NA,NA,NA,NA,NA,NA,NA,NA,NA,NA,NA,NA,NA,NA,NA,NA,NA,NA,NA,"Cotopaxi",NA,NA,NA,NA,"05/12/21",NA,NA,NA,NA,NA,NA,NA,NA,NA,NA,NA,NA,NA,NA,NA,NA,NA,"ECU",NA,NA,NA,NA,NA,NA,NA,NA,NA,NA,NA,NA,NA,NA,NA,NA,NA,NA,NA,"",NA,NA,NA,2800,NA,NA,NA,NA,NA,NA,NA,NA,NA,NA,NA,"https://peerj.com/articles/17344/#supp-2",NA,NA,NA,NA,NA,NA,NA,NA,NA,NA,NA,NA,NA,NA,NA,NA,NA,NA,NA,NA,NA,NA,NA,NA,NA,NA,NA,NA,NA,NA,NA,NA,NA,NA,NA,NA,NA,NA,NA,NA,NA,NA,NA,NA,NA,NA,NA,NA,NA,NA,NA,NA,"df1","ECU.6_1","ECU","Ecuador","Cotopaxi",NA,NA,"Provincia","Province","05","EC.CT","EC-X",-78.92142,-1.12709
"149",NA,"Atelopus ignescens (Cornalia, 1849)",NA,NA,NA,NA,NA,NA,NA,NA,NA,NA,NA,"",NA,NA,NA,NA,NA,NA,NA,NA,NA,NA,NA,NA,NA,NA,NA,NA,NA,NA,NA,NA,NA,NA,NA,NA,NA,"Cotopaxi",NA,NA,NA,NA,"05/12/21",NA,NA,NA,NA,NA,NA,NA,NA,NA,NA,NA,NA,NA,NA,NA,NA,NA,"ECU",NA,NA,NA,NA,NA,NA,NA,NA,NA,NA,NA,NA,NA,NA,NA,NA,NA,NA,NA,"",NA,NA,NA,2830,NA,NA,NA,NA,NA,NA,NA,NA,NA,NA,NA,"https://peerj.com/articles/17344/#supp-2",NA,NA,NA,NA,NA,NA,NA,NA,NA,NA,NA,NA,NA,NA,NA,NA,NA,NA,NA,NA,NA,NA,NA,NA,NA,NA,NA,NA,NA,NA,NA,NA,NA,NA,NA,NA,NA,NA,NA,NA,NA,NA,NA,NA,NA,NA,NA,NA,NA,NA,NA,NA,"df1","ECU.6_1","ECU","Ecuador","Cotopaxi",NA,NA,"Provincia","Province","05","EC.CT","EC-X",-78.92536,-1.13338
"150",NA,"Atelopus ignescens (Cornalia, 1849)",NA,NA,NA,NA,NA,NA,NA,NA,NA,NA,NA,"",NA,NA,NA,NA,NA,NA,NA,NA,NA,NA,NA,NA,NA,NA,NA,NA,NA,NA,NA,NA,NA,NA,NA,NA,NA,"Cotopaxi",NA,NA,NA,NA,"05/12/21",NA,NA,NA,NA,NA,NA,NA,NA,NA,NA,NA,NA,NA,NA,NA,NA,NA,"ECU",NA,NA,NA,NA,NA,NA,NA,NA,NA,NA,NA,NA,NA,NA,NA,NA,NA,NA,NA,"",NA,NA,NA,2820,NA,NA,NA,NA,NA,NA,NA,NA,NA,NA,NA,"https://peerj.com/articles/17344/#supp-2",NA,NA,NA,NA,NA,NA,NA,NA,NA,NA,NA,NA,NA,NA,NA,NA,NA,NA,NA,NA,NA,NA,NA,NA,NA,NA,NA,NA,NA,NA,NA,NA,NA,NA,NA,NA,NA,NA,NA,NA,NA,NA,NA,NA,NA,NA,NA,NA,NA,NA,NA,NA,"df1","ECU.6_1","ECU","Ecuador","Cotopaxi",NA,NA,"Provincia","Province","05","EC.CT","EC-X",-78.92622,-1.1336
"151",NA,"Atelopus ignescens (Cornalia, 1849)",NA,NA,NA,NA,NA,NA,NA,NA,NA,NA,NA,"",NA,NA,NA,NA,NA,NA,NA,NA,NA,NA,NA,NA,NA,NA,NA,NA,NA,NA,NA,NA,NA,NA,NA,NA,NA,"Cotopaxi",NA,NA,NA,NA,"07/12/21",NA,NA,NA,NA,NA,NA,NA,NA,NA,NA,NA,NA,NA,NA,NA,NA,NA,"ECU",NA,NA,NA,NA,NA,NA,NA,NA,NA,NA,NA,NA,NA,NA,NA,NA,NA,NA,NA,"",NA,NA,NA,3095,NA,NA,NA,NA,NA,NA,NA,NA,NA,NA,NA,"https://peerj.com/articles/17344/#supp-2",NA,NA,NA,NA,NA,NA,NA,NA,NA,NA,NA,NA,NA,NA,NA,NA,NA,NA,NA,NA,NA,NA,NA,NA,NA,NA,NA,NA,NA,NA,NA,NA,NA,NA,NA,NA,NA,NA,NA,NA,NA,NA,NA,NA,NA,NA,NA,NA,NA,NA,NA,NA,"df1","ECU.6_1","ECU","Ecuador","Cotopaxi",NA,NA,"Provincia","Province","05","EC.CT","EC-X",-78.90182,-1.13013
"152",NA,"Atelopus ignescens (Cornalia, 1849)",NA,NA,NA,NA,NA,NA,NA,NA,NA,NA,NA,"",NA,NA,NA,NA,NA,NA,NA,NA,NA,NA,NA,NA,NA,NA,NA,NA,NA,NA,NA,NA,NA,NA,NA,NA,NA,"Cotopaxi",NA,NA,NA,NA,"08/12/21",NA,NA,NA,NA,NA,NA,NA,NA,NA,NA,NA,NA,NA,NA,NA,NA,NA,"ECU",NA,NA,NA,NA,NA,NA,NA,NA,NA,NA,NA,NA,NA,NA,NA,NA,NA,NA,NA,"",NA,NA,NA,2880,NA,NA,NA,NA,NA,NA,NA,NA,NA,NA,NA,"https://peerj.com/articles/17344/#supp-2",NA,NA,NA,NA,NA,NA,NA,NA,NA,NA,NA,NA,NA,NA,NA,NA,NA,NA,NA,NA,NA,NA,NA,NA,NA,NA,NA,NA,NA,NA,NA,NA,NA,NA,NA,NA,NA,NA,NA,NA,NA,NA,NA,NA,NA,NA,NA,NA,NA,NA,NA,NA,"df1","ECU.6_1","ECU","Ecuador","Cotopaxi",NA,NA,"Provincia","Province","05","EC.CT","EC-X",-78.91241,-1.12752
"153",NA,"Atelopus ignescens (Cornalia, 1849)",NA,NA,NA,NA,NA,NA,NA,NA,NA,NA,NA,"",NA,NA,NA,NA,NA,NA,NA,NA,NA,NA,NA,NA,NA,NA,NA,NA,NA,NA,NA,NA,NA,NA,NA,NA,NA,"Cotopaxi",NA,NA,NA,NA,"08/12/21",NA,NA,NA,NA,NA,NA,NA,NA,NA,NA,NA,NA,NA,NA,NA,NA,NA,"ECU",NA,NA,NA,NA,NA,NA,NA,NA,NA,NA,NA,NA,NA,NA,NA,NA,NA,NA,NA,"",NA,NA,NA,2971,NA,NA,NA,NA,NA,NA,NA,NA,NA,NA,NA,"https://peerj.com/articles/17344/#supp-2",NA,NA,NA,NA,NA,NA,NA,NA,NA,NA,NA,NA,NA,NA,NA,NA,NA,NA,NA,NA,NA,NA,NA,NA,NA,NA,NA,NA,NA,NA,NA,NA,NA,NA,NA,NA,NA,NA,NA,NA,NA,NA,NA,NA,NA,NA,NA,NA,NA,NA,NA,NA,"df1","ECU.6_1","ECU","Ecuador","Cotopaxi",NA,NA,"Provincia","Province","05","EC.CT","EC-X",-78.91224,-1.1275
"154",NA,"Atelopus ignescens (Cornalia, 1849)",NA,NA,NA,NA,NA,NA,NA,NA,NA,NA,NA,"",NA,NA,NA,NA,NA,NA,NA,NA,NA,NA,NA,NA,NA,NA,NA,NA,NA,NA,NA,NA,NA,NA,NA,NA,NA,"Cotopaxi",NA,NA,NA,NA,"08/12/21",NA,NA,NA,NA,NA,NA,NA,NA,NA,NA,NA,NA,NA,NA,NA,NA,NA,"ECU",NA,NA,NA,NA,NA,NA,NA,NA,NA,NA,NA,NA,NA,NA,NA,NA,NA,NA,NA,"",NA,NA,NA,2975,NA,NA,NA,NA,NA,NA,NA,NA,NA,NA,NA,"https://peerj.com/articles/17344/#supp-2",NA,NA,NA,NA,NA,NA,NA,NA,NA,NA,NA,NA,NA,NA,NA,NA,NA,NA,NA,NA,NA,NA,NA,NA,NA,NA,NA,NA,NA,NA,NA,NA,NA,NA,NA,NA,NA,NA,NA,NA,NA,NA,NA,NA,NA,NA,NA,NA,NA,NA,NA,NA,"df1","ECU.6_1","ECU","Ecuador","Cotopaxi",NA,NA,"Provincia","Province","05","EC.CT","EC-X",-78.91183,-1.12764
"155",NA,"Atelopus ignescens (Cornalia, 1849)",NA,NA,NA,NA,NA,NA,NA,NA,NA,NA,NA,"",NA,NA,NA,NA,NA,NA,NA,NA,NA,NA,NA,NA,NA,NA,NA,NA,NA,NA,NA,NA,NA,NA,NA,NA,NA,"Cotopaxi",NA,NA,NA,NA,"08/12/21",NA,NA,NA,NA,NA,NA,NA,NA,NA,NA,NA,NA,NA,NA,NA,NA,NA,"ECU",NA,NA,NA,NA,NA,NA,NA,NA,NA,NA,NA,NA,NA,NA,NA,NA,NA,NA,NA,"",NA,NA,NA,2976,NA,NA,NA,NA,NA,NA,NA,NA,NA,NA,NA,"https://peerj.com/articles/17344/#supp-2",NA,NA,NA,NA,NA,NA,NA,NA,NA,NA,NA,NA,NA,NA,NA,NA,NA,NA,NA,NA,NA,NA,NA,NA,NA,NA,NA,NA,NA,NA,NA,NA,NA,NA,NA,NA,NA,NA,NA,NA,NA,NA,NA,NA,NA,NA,NA,NA,NA,NA,NA,NA,"df1","ECU.6_1","ECU","Ecuador","Cotopaxi",NA,NA,"Provincia","Province","05","EC.CT","EC-X",-78.90865,-1.12905
"156",NA,"Atelopus ignescens (Cornalia, 1849)",NA,NA,NA,NA,NA,NA,NA,NA,NA,NA,NA,"",NA,NA,NA,NA,NA,NA,NA,NA,NA,NA,NA,NA,NA,NA,NA,NA,NA,NA,NA,NA,NA,NA,NA,NA,NA,"Cotopaxi",NA,NA,NA,NA,"08/12/21",NA,NA,NA,NA,NA,NA,NA,NA,NA,NA,NA,NA,NA,NA,NA,NA,NA,"ECU",NA,NA,NA,NA,NA,NA,NA,NA,NA,NA,NA,NA,NA,NA,NA,NA,NA,NA,NA,"",NA,NA,NA,2976,NA,NA,NA,NA,NA,NA,NA,NA,NA,NA,NA,"https://peerj.com/articles/17344/#supp-2",NA,NA,NA,NA,NA,NA,NA,NA,NA,NA,NA,NA,NA,NA,NA,NA,NA,NA,NA,NA,NA,NA,NA,NA,NA,NA,NA,NA,NA,NA,NA,NA,NA,NA,NA,NA,NA,NA,NA,NA,NA,NA,NA,NA,NA,NA,NA,NA,NA,NA,NA,NA,"df1","ECU.6_1","ECU","Ecuador","Cotopaxi",NA,NA,"Provincia","Province","05","EC.CT","EC-X",-78.90733,-1.13018
"157",NA,"Atelopus ignescens (Cornalia, 1849)",NA,NA,NA,NA,NA,NA,NA,NA,NA,NA,NA,"",NA,NA,NA,NA,NA,NA,NA,NA,NA,NA,NA,NA,NA,NA,NA,NA,NA,NA,NA,NA,NA,NA,NA,NA,NA,"Cotopaxi",NA,NA,NA,NA,"08/12/21",NA,NA,NA,NA,NA,NA,NA,NA,NA,NA,NA,NA,NA,NA,NA,NA,NA,"ECU",NA,NA,NA,NA,NA,NA,NA,NA,NA,NA,NA,NA,NA,NA,NA,NA,NA,NA,NA,"",NA,NA,NA,2976,NA,NA,NA,NA,NA,NA,NA,NA,NA,NA,NA,"https://peerj.com/articles/17344/#supp-2",NA,NA,NA,NA,NA,NA,NA,NA,NA,NA,NA,NA,NA,NA,NA,NA,NA,NA,NA,NA,NA,NA,NA,NA,NA,NA,NA,NA,NA,NA,NA,NA,NA,NA,NA,NA,NA,NA,NA,NA,NA,NA,NA,NA,NA,NA,NA,NA,NA,NA,NA,NA,"df1","ECU.6_1","ECU","Ecuador","Cotopaxi",NA,NA,"Provincia","Province","05","EC.CT","EC-X",-78.90551,-1.13063
"158",NA,"Atelopus ignescens (Cornalia, 1849)",NA,NA,NA,NA,NA,NA,NA,NA,NA,NA,NA,"",NA,NA,NA,NA,NA,NA,NA,NA,NA,NA,NA,NA,NA,NA,NA,NA,NA,NA,NA,NA,NA,NA,NA,NA,NA,"Cotopaxi",NA,NA,NA,NA,"08/12/21",NA,NA,NA,NA,NA,NA,NA,NA,NA,NA,NA,NA,NA,NA,NA,NA,NA,"ECU",NA,NA,NA,NA,NA,NA,NA,NA,NA,NA,NA,NA,NA,NA,NA,NA,NA,NA,NA,"",NA,NA,NA,2962,NA,NA,NA,NA,NA,NA,NA,NA,NA,NA,NA,"https://peerj.com/articles/17344/#supp-2",NA,NA,NA,NA,NA,NA,NA,NA,NA,NA,NA,NA,NA,NA,NA,NA,NA,NA,NA,NA,NA,NA,NA,NA,NA,NA,NA,NA,NA,NA,NA,NA,NA,NA,NA,NA,NA,NA,NA,NA,NA,NA,NA,NA,NA,NA,NA,NA,NA,NA,NA,NA,"df1","ECU.6_1","ECU","Ecuador","Cotopaxi",NA,NA,"Provincia","Province","05","EC.CT","EC-X",-78.90468,-1.13092
"159",NA,"Atelopus ignescens (Cornalia, 1849)",NA,NA,NA,NA,NA,NA,NA,NA,NA,NA,NA,"",NA,NA,NA,NA,NA,NA,NA,NA,NA,NA,NA,NA,NA,NA,NA,NA,NA,NA,NA,NA,NA,NA,NA,NA,NA,"Cotopaxi",NA,NA,NA,NA,"08/12/21",NA,NA,NA,NA,NA,NA,NA,NA,NA,NA,NA,NA,NA,NA,NA,NA,NA,"ECU",NA,NA,NA,NA,NA,NA,NA,NA,NA,NA,NA,NA,NA,NA,NA,NA,NA,NA,NA,"",NA,NA,NA,2963,NA,NA,NA,NA,NA,NA,NA,NA,NA,NA,NA,"https://peerj.com/articles/17344/#supp-2",NA,NA,NA,NA,NA,NA,NA,NA,NA,NA,NA,NA,NA,NA,NA,NA,NA,NA,NA,NA,NA,NA,NA,NA,NA,NA,NA,NA,NA,NA,NA,NA,NA,NA,NA,NA,NA,NA,NA,NA,NA,NA,NA,NA,NA,NA,NA,NA,NA,NA,NA,NA,"df1","ECU.6_1","ECU","Ecuador","Cotopaxi",NA,NA,"Provincia","Province","05","EC.CT","EC-X",-78.90389,-1.13093
"160",NA,"Atelopus ignescens (Cornalia, 1849)",NA,NA,NA,NA,NA,NA,NA,NA,NA,NA,NA,"",NA,NA,NA,NA,NA,NA,NA,NA,NA,NA,NA,NA,NA,NA,NA,NA,NA,NA,NA,NA,NA,NA,NA,NA,NA,"Cotopaxi",NA,NA,NA,NA,"08/12/21",NA,NA,NA,NA,NA,NA,NA,NA,NA,NA,NA,NA,NA,NA,NA,NA,NA,"ECU",NA,NA,NA,NA,NA,NA,NA,NA,NA,NA,NA,NA,NA,NA,NA,NA,NA,NA,NA,"",NA,NA,NA,2970,NA,NA,NA,NA,NA,NA,NA,NA,NA,NA,NA,"https://peerj.com/articles/17344/#supp-2",NA,NA,NA,NA,NA,NA,NA,NA,NA,NA,NA,NA,NA,NA,NA,NA,NA,NA,NA,NA,NA,NA,NA,NA,NA,NA,NA,NA,NA,NA,NA,NA,NA,NA,NA,NA,NA,NA,NA,NA,NA,NA,NA,NA,NA,NA,NA,NA,NA,NA,NA,NA,"df1","ECU.6_1","ECU","Ecuador","Cotopaxi",NA,NA,"Provincia","Province","05","EC.CT","EC-X",-78.90364,-1.13116
"161",NA,"Atelopus ignescens (Cornalia, 1849)",NA,NA,NA,NA,NA,NA,NA,NA,NA,NA,NA,"",NA,NA,NA,NA,NA,NA,NA,NA,NA,NA,NA,NA,NA,NA,NA,NA,NA,NA,NA,NA,NA,NA,NA,NA,NA,"Cotopaxi",NA,NA,NA,NA,"08/12/21",NA,NA,NA,NA,NA,NA,NA,NA,NA,NA,NA,NA,NA,NA,NA,NA,NA,"ECU",NA,NA,NA,NA,NA,NA,NA,NA,NA,NA,NA,NA,NA,NA,NA,NA,NA,NA,NA,"",NA,NA,NA,2985,NA,NA,NA,NA,NA,NA,NA,NA,NA,NA,NA,"https://peerj.com/articles/17344/#supp-2",NA,NA,NA,NA,NA,NA,NA,NA,NA,NA,NA,NA,NA,NA,NA,NA,NA,NA,NA,NA,NA,NA,NA,NA,NA,NA,NA,NA,NA,NA,NA,NA,NA,NA,NA,NA,NA,NA,NA,NA,NA,NA,NA,NA,NA,NA,NA,NA,NA,NA,NA,NA,"df1","ECU.6_1","ECU","Ecuador","Cotopaxi",NA,NA,"Provincia","Province","05","EC.CT","EC-X",-78.90329,-1.13114
"162",NA,"Atelopus ignescens (Cornalia, 1849)",NA,NA,NA,NA,NA,NA,NA,NA,NA,NA,NA,"",NA,NA,NA,NA,NA,NA,NA,NA,NA,NA,NA,NA,NA,NA,NA,NA,NA,NA,NA,NA,NA,NA,NA,NA,NA,"Cotopaxi",NA,NA,NA,NA,"10/12/21",NA,NA,NA,NA,NA,NA,NA,NA,NA,NA,NA,NA,NA,NA,NA,NA,NA,"ECU",NA,NA,NA,NA,NA,NA,NA,NA,NA,NA,NA,NA,NA,NA,NA,NA,NA,NA,NA,"",NA,NA,NA,2860,NA,NA,NA,NA,NA,NA,NA,NA,NA,NA,NA,"https://peerj.com/articles/17344/#supp-2",NA,NA,NA,NA,NA,NA,NA,NA,NA,NA,NA,NA,NA,NA,NA,NA,NA,NA,NA,NA,NA,NA,NA,NA,NA,NA,NA,NA,NA,NA,NA,NA,NA,NA,NA,NA,NA,NA,NA,NA,NA,NA,NA,NA,NA,NA,NA,NA,NA,NA,NA,NA,"df1","ECU.6_1","ECU","Ecuador","Cotopaxi",NA,NA,"Provincia","Province","05","EC.CT","EC-X",-78.91519,-1.12235
"163",NA,"Atelopus ignescens (Cornalia, 1849)",NA,NA,NA,NA,NA,NA,NA,NA,NA,NA,NA,"",NA,NA,NA,NA,NA,NA,NA,NA,NA,NA,NA,NA,NA,NA,NA,NA,NA,NA,NA,NA,NA,NA,NA,NA,NA,"Cotopaxi",NA,NA,NA,NA,"10/12/21",NA,NA,NA,NA,NA,NA,NA,NA,NA,NA,NA,NA,NA,NA,NA,NA,NA,"ECU",NA,NA,NA,NA,NA,NA,NA,NA,NA,NA,NA,NA,NA,NA,NA,NA,NA,NA,NA,"",NA,NA,NA,2880,NA,NA,NA,NA,NA,NA,NA,NA,NA,NA,NA,"https://peerj.com/articles/17344/#supp-2",NA,NA,NA,NA,NA,NA,NA,NA,NA,NA,NA,NA,NA,NA,NA,NA,NA,NA,NA,NA,NA,NA,NA,NA,NA,NA,NA,NA,NA,NA,NA,NA,NA,NA,NA,NA,NA,NA,NA,NA,NA,NA,NA,NA,NA,NA,NA,NA,NA,NA,NA,NA,"df1","ECU.6_1","ECU","Ecuador","Cotopaxi",NA,NA,"Provincia","Province","05","EC.CT","EC-X",-78.91454,-1.11995
"164",NA,"Atelopus ignescens (Cornalia, 1849)",NA,NA,NA,NA,NA,NA,NA,NA,NA,NA,NA,"",NA,NA,NA,NA,NA,NA,NA,NA,NA,NA,NA,NA,NA,NA,NA,NA,NA,NA,NA,NA,NA,NA,NA,NA,NA,"Cotopaxi",NA,NA,NA,NA,"10/12/21",NA,NA,NA,NA,NA,NA,NA,NA,NA,NA,NA,NA,NA,NA,NA,NA,NA,"ECU",NA,NA,NA,NA,NA,NA,NA,NA,NA,NA,NA,NA,NA,NA,NA,NA,NA,NA,NA,"",NA,NA,NA,2880,NA,NA,NA,NA,NA,NA,NA,NA,NA,NA,NA,"https://peerj.com/articles/17344/#supp-2",NA,NA,NA,NA,NA,NA,NA,NA,NA,NA,NA,NA,NA,NA,NA,NA,NA,NA,NA,NA,NA,NA,NA,NA,NA,NA,NA,NA,NA,NA,NA,NA,NA,NA,NA,NA,NA,NA,NA,NA,NA,NA,NA,NA,NA,NA,NA,NA,NA,NA,NA,NA,"df1","ECU.6_1","ECU","Ecuador","Cotopaxi",NA,NA,"Provincia","Province","05","EC.CT","EC-X",-78.91445,-1.1197
"165",NA,"Atelopus ignescens (Cornalia, 1849)",NA,NA,NA,NA,NA,NA,NA,NA,NA,NA,NA,"",NA,NA,NA,NA,NA,NA,NA,NA,NA,NA,NA,NA,NA,NA,NA,NA,NA,NA,NA,NA,NA,NA,NA,NA,NA,"Cotopaxi",NA,NA,NA,NA,"02/26/22",NA,NA,NA,NA,NA,NA,NA,NA,NA,NA,NA,NA,NA,NA,NA,NA,NA,"ECU",NA,NA,NA,NA,NA,NA,NA,NA,NA,NA,NA,NA,NA,NA,NA,NA,NA,NA,NA,"",NA,NA,NA,2899,NA,NA,NA,NA,NA,NA,NA,NA,NA,NA,NA,"https://peerj.com/articles/17344/#supp-2",NA,NA,NA,NA,NA,NA,NA,NA,NA,NA,NA,NA,NA,NA,NA,NA,NA,NA,NA,NA,NA,NA,NA,NA,NA,NA,NA,NA,NA,NA,NA,NA,NA,NA,NA,NA,NA,NA,NA,NA,NA,NA,NA,NA,NA,NA,NA,NA,NA,NA,NA,NA,"df1","ECU.6_1","ECU","Ecuador","Cotopaxi",NA,NA,"Provincia","Province","05","EC.CT","EC-X",-78.91241,-1.12759
"166",NA,"Atelopus ignescens (Cornalia, 1849)",NA,NA,NA,NA,NA,NA,NA,NA,NA,NA,NA,"",NA,NA,NA,NA,NA,NA,NA,NA,NA,NA,NA,NA,NA,NA,NA,NA,NA,NA,NA,NA,NA,NA,NA,NA,NA,"Cotopaxi",NA,NA,NA,NA,"02/26/22",NA,NA,NA,NA,NA,NA,NA,NA,NA,NA,NA,NA,NA,NA,NA,NA,NA,"ECU",NA,NA,NA,NA,NA,NA,NA,NA,NA,NA,NA,NA,NA,NA,NA,NA,NA,NA,NA,"",NA,NA,NA,2915,NA,NA,NA,NA,NA,NA,NA,NA,NA,NA,NA,"https://peerj.com/articles/17344/#supp-2",NA,NA,NA,NA,NA,NA,NA,NA,NA,NA,NA,NA,NA,NA,NA,NA,NA,NA,NA,NA,NA,NA,NA,NA,NA,NA,NA,NA,NA,NA,NA,NA,NA,NA,NA,NA,NA,NA,NA,NA,NA,NA,NA,NA,NA,NA,NA,NA,NA,NA,NA,NA,"df1","ECU.6_1","ECU","Ecuador","Cotopaxi",NA,NA,"Provincia","Province","05","EC.CT","EC-X",-78.91144,-1.12787
"167",NA,"Atelopus ignescens (Cornalia, 1849)",NA,NA,NA,NA,NA,NA,NA,NA,NA,NA,NA,"",NA,NA,NA,NA,NA,NA,NA,NA,NA,NA,NA,NA,NA,NA,NA,NA,NA,NA,NA,NA,NA,NA,NA,NA,NA,"Cotopaxi",NA,NA,NA,NA,"02/26/22",NA,NA,NA,NA,NA,NA,NA,NA,NA,NA,NA,NA,NA,NA,NA,NA,NA,"ECU",NA,NA,NA,NA,NA,NA,NA,NA,NA,NA,NA,NA,NA,NA,NA,NA,NA,NA,NA,"",NA,NA,NA,2927,NA,NA,NA,NA,NA,NA,NA,NA,NA,NA,NA,"https://peerj.com/articles/17344/#supp-2",NA,NA,NA,NA,NA,NA,NA,NA,NA,NA,NA,NA,NA,NA,NA,NA,NA,NA,NA,NA,NA,NA,NA,NA,NA,NA,NA,NA,NA,NA,NA,NA,NA,NA,NA,NA,NA,NA,NA,NA,NA,NA,NA,NA,NA,NA,NA,NA,NA,NA,NA,NA,"df1","ECU.6_1","ECU","Ecuador","Cotopaxi",NA,NA,"Provincia","Province","05","EC.CT","EC-X",-78.90686,-1.13031
"168",NA,"Atelopus ignescens (Cornalia, 1849)",NA,NA,NA,NA,NA,NA,NA,NA,NA,NA,NA,"",NA,NA,NA,NA,NA,NA,NA,NA,NA,NA,NA,NA,NA,NA,NA,NA,NA,NA,NA,NA,NA,NA,NA,NA,NA,"Cotopaxi",NA,NA,NA,NA,"02/26/22",NA,NA,NA,NA,NA,NA,NA,NA,NA,NA,NA,NA,NA,NA,NA,NA,NA,"ECU",NA,NA,NA,NA,NA,NA,NA,NA,NA,NA,NA,NA,NA,NA,NA,NA,NA,NA,NA,"",NA,NA,NA,2931,NA,NA,NA,NA,NA,NA,NA,NA,NA,NA,NA,"https://peerj.com/articles/17344/#supp-2",NA,NA,NA,NA,NA,NA,NA,NA,NA,NA,NA,NA,NA,NA,NA,NA,NA,NA,NA,NA,NA,NA,NA,NA,NA,NA,NA,NA,NA,NA,NA,NA,NA,NA,NA,NA,NA,NA,NA,NA,NA,NA,NA,NA,NA,NA,NA,NA,NA,NA,NA,NA,"df1","ECU.6_1","ECU","Ecuador","Cotopaxi",NA,NA,"Provincia","Province","05","EC.CT","EC-X",-78.90637,-1.13018
"169",NA,"Atelopus ignescens (Cornalia, 1849)",NA,NA,NA,NA,NA,NA,NA,NA,NA,NA,NA,"",NA,NA,NA,NA,NA,NA,NA,NA,NA,NA,NA,NA,NA,NA,NA,NA,NA,NA,NA,NA,NA,NA,NA,NA,NA,"Cotopaxi",NA,NA,NA,NA,"02/26/22",NA,NA,NA,NA,NA,NA,NA,NA,NA,NA,NA,NA,NA,NA,NA,NA,NA,"ECU",NA,NA,NA,NA,NA,NA,NA,NA,NA,NA,NA,NA,NA,NA,NA,NA,NA,NA,NA,"",NA,NA,NA,2930,NA,NA,NA,NA,NA,NA,NA,NA,NA,NA,NA,"https://peerj.com/articles/17344/#supp-2",NA,NA,NA,NA,NA,NA,NA,NA,NA,NA,NA,NA,NA,NA,NA,NA,NA,NA,NA,NA,NA,NA,NA,NA,NA,NA,NA,NA,NA,NA,NA,NA,NA,NA,NA,NA,NA,NA,NA,NA,NA,NA,NA,NA,NA,NA,NA,NA,NA,NA,NA,NA,"df1","ECU.6_1","ECU","Ecuador","Cotopaxi",NA,NA,"Provincia","Province","05","EC.CT","EC-X",-78.90532,-1.1307
"170",NA,"Atelopus ignescens (Cornalia, 1849)",NA,NA,NA,NA,NA,NA,NA,NA,NA,NA,NA,"",NA,NA,NA,NA,NA,NA,NA,NA,NA,NA,NA,NA,NA,NA,NA,NA,NA,NA,NA,NA,NA,NA,NA,NA,NA,"Cotopaxi",NA,NA,NA,NA,"02/26/22",NA,NA,NA,NA,NA,NA,NA,NA,NA,NA,NA,NA,NA,NA,NA,NA,NA,"ECU",NA,NA,NA,NA,NA,NA,NA,NA,NA,NA,NA,NA,NA,NA,NA,NA,NA,NA,NA,"",NA,NA,NA,2939,NA,NA,NA,NA,NA,NA,NA,NA,NA,NA,NA,"https://peerj.com/articles/17344/#supp-2",NA,NA,NA,NA,NA,NA,NA,NA,NA,NA,NA,NA,NA,NA,NA,NA,NA,NA,NA,NA,NA,NA,NA,NA,NA,NA,NA,NA,NA,NA,NA,NA,NA,NA,NA,NA,NA,NA,NA,NA,NA,NA,NA,NA,NA,NA,NA,NA,NA,NA,NA,NA,"df1","ECU.6_1","ECU","Ecuador","Cotopaxi",NA,NA,"Provincia","Province","05","EC.CT","EC-X",-78.90409,-1.13102
"171",NA,"Atelopus ignescens (Cornalia, 1849)",NA,NA,NA,NA,NA,NA,NA,NA,NA,NA,NA,"",NA,NA,NA,NA,NA,NA,NA,NA,NA,NA,NA,NA,NA,NA,NA,NA,NA,NA,NA,NA,NA,NA,NA,NA,NA,"Cotopaxi",NA,NA,NA,NA,"02/26/22",NA,NA,NA,NA,NA,NA,NA,NA,NA,NA,NA,NA,NA,NA,NA,NA,NA,"ECU",NA,NA,NA,NA,NA,NA,NA,NA,NA,NA,NA,NA,NA,NA,NA,NA,NA,NA,NA,"",NA,NA,NA,2945,NA,NA,NA,NA,NA,NA,NA,NA,NA,NA,NA,"https://peerj.com/articles/17344/#supp-2",NA,NA,NA,NA,NA,NA,NA,NA,NA,NA,NA,NA,NA,NA,NA,NA,NA,NA,NA,NA,NA,NA,NA,NA,NA,NA,NA,NA,NA,NA,NA,NA,NA,NA,NA,NA,NA,NA,NA,NA,NA,NA,NA,NA,NA,NA,NA,NA,NA,NA,NA,NA,"df1","ECU.6_1","ECU","Ecuador","Cotopaxi",NA,NA,"Provincia","Province","05","EC.CT","EC-X",-78.90347,-1.13132
"172",NA,"Atelopus ignescens (Cornalia, 1849)",NA,NA,NA,NA,NA,NA,NA,NA,NA,NA,NA,"",NA,NA,NA,NA,NA,NA,NA,NA,NA,NA,NA,NA,NA,NA,NA,NA,NA,NA,NA,NA,NA,NA,NA,NA,NA,"Cotopaxi",NA,NA,NA,NA,"11/04/22",NA,NA,NA,NA,NA,NA,NA,NA,NA,NA,NA,NA,NA,NA,NA,NA,NA,"ECU",NA,NA,NA,NA,NA,NA,NA,NA,NA,NA,NA,NA,NA,NA,NA,NA,NA,NA,NA,"",NA,NA,NA,2916,NA,NA,NA,NA,NA,NA,NA,NA,NA,NA,NA,"https://peerj.com/articles/17344/#supp-2",NA,NA,NA,NA,NA,NA,NA,NA,NA,NA,NA,NA,NA,NA,NA,NA,NA,NA,NA,NA,NA,NA,NA,NA,NA,NA,NA,NA,NA,NA,NA,NA,NA,NA,NA,NA,NA,NA,NA,NA,NA,NA,NA,NA,NA,NA,NA,NA,NA,NA,NA,NA,"df1","ECU.6_1","ECU","Ecuador","Cotopaxi",NA,NA,"Provincia","Province","05","EC.CT","EC-X",-78.90907,-1.12861
"173",NA,"Atelopus ignescens (Cornalia, 1849)",NA,NA,NA,NA,NA,NA,NA,NA,NA,NA,NA,"",NA,NA,NA,NA,NA,NA,NA,NA,NA,NA,NA,NA,NA,NA,NA,NA,NA,NA,NA,NA,NA,NA,NA,NA,NA,"Cotopaxi",NA,NA,NA,NA,"11/04/22",NA,NA,NA,NA,NA,NA,NA,NA,NA,NA,NA,NA,NA,NA,NA,NA,NA,"ECU",NA,NA,NA,NA,NA,NA,NA,NA,NA,NA,NA,NA,NA,NA,NA,NA,NA,NA,NA,"",NA,NA,NA,2922,NA,NA,NA,NA,NA,NA,NA,NA,NA,NA,NA,"https://peerj.com/articles/17344/#supp-2",NA,NA,NA,NA,NA,NA,NA,NA,NA,NA,NA,NA,NA,NA,NA,NA,NA,NA,NA,NA,NA,NA,NA,NA,NA,NA,NA,NA,NA,NA,NA,NA,NA,NA,NA,NA,NA,NA,NA,NA,NA,NA,NA,NA,NA,NA,NA,NA,NA,NA,NA,NA,"df1","ECU.6_1","ECU","Ecuador","Cotopaxi",NA,NA,"Provincia","Province","05","EC.CT","EC-X",-78.90889,-1.1288
"174",NA,"Atelopus ignescens (Cornalia, 1849)",NA,NA,NA,NA,NA,NA,NA,NA,NA,NA,NA,"",NA,NA,NA,NA,NA,NA,NA,NA,NA,NA,NA,NA,NA,NA,NA,NA,NA,NA,NA,NA,NA,NA,NA,NA,NA,"Cotopaxi",NA,NA,NA,NA,"12/04/22",NA,NA,NA,NA,NA,NA,NA,NA,NA,NA,NA,NA,NA,NA,NA,NA,NA,"ECU",NA,NA,NA,NA,NA,NA,NA,NA,NA,NA,NA,NA,NA,NA,NA,NA,NA,NA,NA,"",NA,NA,NA,2865,NA,NA,NA,NA,NA,NA,NA,NA,NA,NA,NA,"https://peerj.com/articles/17344/#supp-2",NA,NA,NA,NA,NA,NA,NA,NA,NA,NA,NA,NA,NA,NA,NA,NA,NA,NA,NA,NA,NA,NA,NA,NA,NA,NA,NA,NA,NA,NA,NA,NA,NA,NA,NA,NA,NA,NA,NA,NA,NA,NA,NA,NA,NA,NA,NA,NA,NA,NA,NA,NA,"df1","ECU.6_1","ECU","Ecuador","Cotopaxi",NA,NA,"Provincia","Province","05","EC.CT","EC-X",-78.91057,-1.12679
"175",NA,"Atelopus ignescens (Cornalia, 1849)",NA,NA,NA,NA,NA,NA,NA,NA,NA,NA,NA,"",NA,NA,NA,NA,NA,NA,NA,NA,NA,NA,NA,NA,NA,NA,NA,NA,NA,NA,NA,NA,NA,NA,NA,NA,NA,"Cotopaxi",NA,NA,NA,NA,"12/04/22",NA,NA,NA,NA,NA,NA,NA,NA,NA,NA,NA,NA,NA,NA,NA,NA,NA,"ECU",NA,NA,NA,NA,NA,NA,NA,NA,NA,NA,NA,NA,NA,NA,NA,NA,NA,NA,NA,"",NA,NA,NA,2821,NA,NA,NA,NA,NA,NA,NA,NA,NA,NA,NA,"https://peerj.com/articles/17344/#supp-2",NA,NA,NA,NA,NA,NA,NA,NA,NA,NA,NA,NA,NA,NA,NA,NA,NA,NA,NA,NA,NA,NA,NA,NA,NA,NA,NA,NA,NA,NA,NA,NA,NA,NA,NA,NA,NA,NA,NA,NA,NA,NA,NA,NA,NA,NA,NA,NA,NA,NA,NA,NA,"df1","ECU.6_1","ECU","Ecuador","Cotopaxi",NA,NA,"Provincia","Province","05","EC.CT","EC-X",-78.91527,-1.12525
"176",NA,"Atelopus ignescens (Cornalia, 1849)",NA,NA,NA,NA,NA,NA,NA,NA,NA,NA,NA,"",NA,NA,NA,NA,NA,NA,NA,NA,NA,NA,NA,NA,NA,NA,NA,NA,NA,NA,NA,NA,NA,NA,NA,NA,NA,"Cotopaxi",NA,NA,NA,NA,"12/04/22",NA,NA,NA,NA,NA,NA,NA,NA,NA,NA,NA,NA,NA,NA,NA,NA,NA,"ECU",NA,NA,NA,NA,NA,NA,NA,NA,NA,NA,NA,NA,NA,NA,NA,NA,NA,NA,NA,"",NA,NA,NA,2892,NA,NA,NA,NA,NA,NA,NA,NA,NA,NA,NA,"https://peerj.com/articles/17344/#supp-2",NA,NA,NA,NA,NA,NA,NA,NA,NA,NA,NA,NA,NA,NA,NA,NA,NA,NA,NA,NA,NA,NA,NA,NA,NA,NA,NA,NA,NA,NA,NA,NA,NA,NA,NA,NA,NA,NA,NA,NA,NA,NA,NA,NA,NA,NA,NA,NA,NA,NA,NA,NA,"df1","ECU.6_1","ECU","Ecuador","Cotopaxi",NA,NA,"Provincia","Province","05","EC.CT","EC-X",-78.91083,-1.12706
"177",NA,"Atelopus ignescens (Cornalia, 1849)",NA,NA,NA,NA,NA,NA,NA,NA,NA,NA,NA,"",NA,NA,NA,NA,NA,NA,NA,NA,NA,NA,NA,NA,NA,NA,NA,NA,NA,NA,NA,NA,NA,NA,NA,NA,NA,"Cotopaxi",NA,NA,NA,NA,"04/13/22",NA,NA,NA,NA,NA,NA,NA,NA,NA,NA,NA,NA,NA,NA,NA,NA,NA,"ECU",NA,NA,NA,NA,NA,NA,NA,NA,NA,NA,NA,NA,NA,NA,NA,NA,NA,NA,NA,"",NA,NA,NA,2958,NA,NA,NA,NA,NA,NA,NA,NA,NA,NA,NA,"https://peerj.com/articles/17344/#supp-2",NA,NA,NA,NA,NA,NA,NA,NA,NA,NA,NA,NA,NA,NA,NA,NA,NA,NA,NA,NA,NA,NA,NA,NA,NA,NA,NA,NA,NA,NA,NA,NA,NA,NA,NA,NA,NA,NA,NA,NA,NA,NA,NA,NA,NA,NA,NA,NA,NA,NA,NA,NA,"df1","ECU.6_1","ECU","Ecuador","Cotopaxi",NA,NA,"Provincia","Province","05","EC.CT","EC-X",-78.90378,-1.13091
"178",NA,"Atelopus ignescens (Cornalia, 1849)",NA,NA,NA,NA,NA,NA,NA,NA,NA,NA,NA,"",NA,NA,NA,NA,NA,NA,NA,NA,NA,NA,NA,NA,NA,NA,NA,NA,NA,NA,NA,NA,NA,NA,NA,NA,NA,"Cotopaxi",NA,NA,NA,NA,"04/13/22",NA,NA,NA,NA,NA,NA,NA,NA,NA,NA,NA,NA,NA,NA,NA,NA,NA,"ECU",NA,NA,NA,NA,NA,NA,NA,NA,NA,NA,NA,NA,NA,NA,NA,NA,NA,NA,NA,"",NA,NA,NA,2901,NA,NA,NA,NA,NA,NA,NA,NA,NA,NA,NA,"https://peerj.com/articles/17344/#supp-2",NA,NA,NA,NA,NA,NA,NA,NA,NA,NA,NA,NA,NA,NA,NA,NA,NA,NA,NA,NA,NA,NA,NA,NA,NA,NA,NA,NA,NA,NA,NA,NA,NA,NA,NA,NA,NA,NA,NA,NA,NA,NA,NA,NA,NA,NA,NA,NA,NA,NA,NA,NA,"df1","ECU.6_1","ECU","Ecuador","Cotopaxi",NA,NA,"Provincia","Province","05","EC.CT","EC-X",-78.90882,-1.12884
"179",NA,"Atelopus ignescens (Cornalia, 1849)",NA,NA,NA,NA,NA,NA,NA,NA,NA,NA,NA,"",NA,NA,NA,NA,NA,NA,NA,NA,NA,NA,NA,NA,NA,NA,NA,NA,NA,NA,NA,NA,NA,NA,NA,NA,NA,"Cotopaxi",NA,NA,NA,NA,"04/13/22",NA,NA,NA,NA,NA,NA,NA,NA,NA,NA,NA,NA,NA,NA,NA,NA,NA,"ECU",NA,NA,NA,NA,NA,NA,NA,NA,NA,NA,NA,NA,NA,NA,NA,NA,NA,NA,NA,"",NA,NA,NA,2911,NA,NA,NA,NA,NA,NA,NA,NA,NA,NA,NA,"https://peerj.com/articles/17344/#supp-2",NA,NA,NA,NA,NA,NA,NA,NA,NA,NA,NA,NA,NA,NA,NA,NA,NA,NA,NA,NA,NA,NA,NA,NA,NA,NA,NA,NA,NA,NA,NA,NA,NA,NA,NA,NA,NA,NA,NA,NA,NA,NA,NA,NA,NA,NA,NA,NA,NA,NA,NA,NA,"df1","ECU.6_1","ECU","Ecuador","Cotopaxi",NA,NA,"Provincia","Province","05","EC.CT","EC-X",-78.90967,-1.1283
"180",NA,"Atelopus ignescens (Cornalia, 1849)",NA,NA,NA,NA,NA,NA,NA,NA,NA,NA,NA,"",NA,NA,NA,NA,NA,NA,NA,NA,NA,NA,NA,NA,NA,NA,NA,NA,NA,NA,NA,NA,NA,NA,NA,NA,NA,"Cotopaxi",NA,NA,NA,NA,"04/14/22",NA,NA,NA,NA,NA,NA,NA,NA,NA,NA,NA,NA,NA,NA,NA,NA,NA,"ECU",NA,NA,NA,NA,NA,NA,NA,NA,NA,NA,NA,NA,NA,NA,NA,NA,NA,NA,NA,"",NA,NA,NA,2913,NA,NA,NA,NA,NA,NA,NA,NA,NA,NA,NA,"https://peerj.com/articles/17344/#supp-2",NA,NA,NA,NA,NA,NA,NA,NA,NA,NA,NA,NA,NA,NA,NA,NA,NA,NA,NA,NA,NA,NA,NA,NA,NA,NA,NA,NA,NA,NA,NA,NA,NA,NA,NA,NA,NA,NA,NA,NA,NA,NA,NA,NA,NA,NA,NA,NA,NA,NA,NA,NA,"df1","ECU.6_1","ECU","Ecuador","Cotopaxi",NA,NA,"Provincia","Province","05","EC.CT","EC-X",-78.90656,-1.12954
"181",NA,"Atelopus ignescens (Cornalia, 1849)",NA,NA,NA,NA,NA,NA,NA,NA,NA,NA,NA,"",NA,NA,NA,NA,NA,NA,NA,NA,NA,NA,NA,NA,NA,NA,NA,NA,NA,NA,NA,NA,NA,NA,NA,NA,NA,"Cotopaxi",NA,NA,NA,NA,"04/14/22",NA,NA,NA,NA,NA,NA,NA,NA,NA,NA,NA,NA,NA,NA,NA,NA,NA,"ECU",NA,NA,NA,NA,NA,NA,NA,NA,NA,NA,NA,NA,NA,NA,NA,NA,NA,NA,NA,"",NA,NA,NA,3063,NA,NA,NA,NA,NA,NA,NA,NA,NA,NA,NA,"https://peerj.com/articles/17344/#supp-2",NA,NA,NA,NA,NA,NA,NA,NA,NA,NA,NA,NA,NA,NA,NA,NA,NA,NA,NA,NA,NA,NA,NA,NA,NA,NA,NA,NA,NA,NA,NA,NA,NA,NA,NA,NA,NA,NA,NA,NA,NA,NA,NA,NA,NA,NA,NA,NA,NA,NA,NA,NA,"df1","ECU.6_1","ECU","Ecuador","Cotopaxi",NA,NA,"Provincia","Province","05","EC.CT","EC-X",-78.89587,-1.13628
"182",NA,"Atelopus ignescens (Cornalia, 1849)",NA,NA,NA,NA,NA,NA,NA,NA,NA,NA,NA,"",NA,NA,NA,NA,NA,NA,NA,NA,NA,NA,NA,NA,NA,NA,NA,NA,NA,NA,NA,NA,NA,NA,NA,NA,NA,"Cotopaxi",NA,NA,NA,NA,"04/14/22",NA,NA,NA,NA,NA,NA,NA,NA,NA,NA,NA,NA,NA,NA,NA,NA,NA,"ECU",NA,NA,NA,NA,NA,NA,NA,NA,NA,NA,NA,NA,NA,NA,NA,NA,NA,NA,NA,"",NA,NA,NA,3052,NA,NA,NA,NA,NA,NA,NA,NA,NA,NA,NA,"https://peerj.com/articles/17344/#supp-2",NA,NA,NA,NA,NA,NA,NA,NA,NA,NA,NA,NA,NA,NA,NA,NA,NA,NA,NA,NA,NA,NA,NA,NA,NA,NA,NA,NA,NA,NA,NA,NA,NA,NA,NA,NA,NA,NA,NA,NA,NA,NA,NA,NA,NA,NA,NA,NA,NA,NA,NA,NA,"df1","ECU.6_1","ECU","Ecuador","Cotopaxi",NA,NA,"Provincia","Province","05","EC.CT","EC-X",-78.89812,-1.13647
"183",NA,"Atelopus ignescens (Cornalia, 1849)",NA,NA,NA,NA,NA,NA,NA,NA,NA,NA,NA,"",NA,NA,NA,NA,NA,NA,NA,NA,NA,NA,NA,NA,NA,NA,NA,NA,NA,NA,NA,NA,NA,NA,NA,NA,NA,"Cotopaxi",NA,NA,NA,NA,"04/14/22",NA,NA,NA,NA,NA,NA,NA,NA,NA,NA,NA,NA,NA,NA,NA,NA,NA,"ECU",NA,NA,NA,NA,NA,NA,NA,NA,NA,NA,NA,NA,NA,NA,NA,NA,NA,NA,NA,"",NA,NA,NA,3055,NA,NA,NA,NA,NA,NA,NA,NA,NA,NA,NA,"https://peerj.com/articles/17344/#supp-2",NA,NA,NA,NA,NA,NA,NA,NA,NA,NA,NA,NA,NA,NA,NA,NA,NA,NA,NA,NA,NA,NA,NA,NA,NA,NA,NA,NA,NA,NA,NA,NA,NA,NA,NA,NA,NA,NA,NA,NA,NA,NA,NA,NA,NA,NA,NA,NA,NA,NA,NA,NA,"df1","ECU.6_1","ECU","Ecuador","Cotopaxi",NA,NA,"Provincia","Province","05","EC.CT","EC-X",-78.89826,-1.13658
"184",NA,"Atelopus ignescens (Cornalia, 1849)",NA,NA,NA,NA,NA,NA,NA,NA,NA,NA,NA,"",NA,NA,NA,NA,NA,NA,NA,NA,NA,NA,NA,NA,NA,NA,NA,NA,NA,NA,NA,NA,NA,NA,NA,NA,NA,"Cotopaxi",NA,NA,NA,NA,"04/14/22",NA,NA,NA,NA,NA,NA,NA,NA,NA,NA,NA,NA,NA,NA,NA,NA,NA,"ECU",NA,NA,NA,NA,NA,NA,NA,NA,NA,NA,NA,NA,NA,NA,NA,NA,NA,NA,NA,"",NA,NA,NA,3133,NA,NA,NA,NA,NA,NA,NA,NA,NA,NA,NA,"https://peerj.com/articles/17344/#supp-2",NA,NA,NA,NA,NA,NA,NA,NA,NA,NA,NA,NA,NA,NA,NA,NA,NA,NA,NA,NA,NA,NA,NA,NA,NA,NA,NA,NA,NA,NA,NA,NA,NA,NA,NA,NA,NA,NA,NA,NA,NA,NA,NA,NA,NA,NA,NA,NA,NA,NA,NA,NA,"df1","ECU.6_1","ECU","Ecuador","Cotopaxi",NA,NA,"Provincia","Province","05","EC.CT","EC-X",-78.90077,-1.13499
"185",NA,"Atelopus ignescens (Cornalia, 1849)",NA,NA,NA,NA,NA,NA,NA,NA,NA,NA,NA,"",NA,NA,NA,NA,NA,NA,NA,NA,NA,NA,NA,NA,NA,NA,NA,NA,NA,NA,NA,NA,NA,NA,NA,NA,NA,"Cotopaxi",NA,NA,NA,NA,"01/05/22",NA,NA,NA,NA,NA,NA,NA,NA,NA,NA,NA,NA,NA,NA,NA,NA,NA,"ECU",NA,NA,NA,NA,NA,NA,NA,NA,NA,NA,NA,NA,NA,NA,NA,NA,NA,NA,NA,"",NA,NA,NA,2918,NA,NA,NA,NA,NA,NA,NA,NA,NA,NA,NA,"https://peerj.com/articles/17344/#supp-2",NA,NA,NA,NA,NA,NA,NA,NA,NA,NA,NA,NA,NA,NA,NA,NA,NA,NA,NA,NA,NA,NA,NA,NA,NA,NA,NA,NA,NA,NA,NA,NA,NA,NA,NA,NA,NA,NA,NA,NA,NA,NA,NA,NA,NA,NA,NA,NA,NA,NA,NA,NA,"df1","ECU.6_1","ECU","Ecuador","Cotopaxi",NA,NA,"Provincia","Province","05","EC.CT","EC-X",-78.90615,-1.12955
"186",NA,"Atelopus ignescens (Cornalia, 1849)",NA,NA,NA,NA,NA,NA,NA,NA,NA,NA,NA,"",NA,NA,NA,NA,NA,NA,NA,NA,NA,NA,NA,NA,NA,NA,NA,NA,NA,NA,NA,NA,NA,NA,NA,NA,NA,"Cotopaxi",NA,NA,NA,NA,"03/05/22",NA,NA,NA,NA,NA,NA,NA,NA,NA,NA,NA,NA,NA,NA,NA,NA,NA,"ECU",NA,NA,NA,NA,NA,NA,NA,NA,NA,NA,NA,NA,NA,NA,NA,NA,NA,NA,NA,"",NA,NA,NA,2920,NA,NA,NA,NA,NA,NA,NA,NA,NA,NA,NA,"https://peerj.com/articles/17344/#supp-2",NA,NA,NA,NA,NA,NA,NA,NA,NA,NA,NA,NA,NA,NA,NA,NA,NA,NA,NA,NA,NA,NA,NA,NA,NA,NA,NA,NA,NA,NA,NA,NA,NA,NA,NA,NA,NA,NA,NA,NA,NA,NA,NA,NA,NA,NA,NA,NA,NA,NA,NA,NA,"df1","ECU.6_1","ECU","Ecuador","Cotopaxi",NA,NA,"Provincia","Province","05","EC.CT","EC-X",-78.90935,-1.12853
"187",NA,"Atelopus ignescens (Cornalia, 1849)",NA,NA,NA,NA,NA,NA,NA,NA,NA,NA,NA,"",NA,NA,NA,NA,NA,NA,NA,NA,NA,NA,NA,NA,NA,NA,NA,NA,NA,NA,NA,NA,NA,NA,NA,NA,NA,"Cotopaxi",NA,NA,NA,NA,"03/05/22",NA,NA,NA,NA,NA,NA,NA,NA,NA,NA,NA,NA,NA,NA,NA,NA,NA,"ECU",NA,NA,NA,NA,NA,NA,NA,NA,NA,NA,NA,NA,NA,NA,NA,NA,NA,NA,NA,"",NA,NA,NA,2960,NA,NA,NA,NA,NA,NA,NA,NA,NA,NA,NA,"https://peerj.com/articles/17344/#supp-2",NA,NA,NA,NA,NA,NA,NA,NA,NA,NA,NA,NA,NA,NA,NA,NA,NA,NA,NA,NA,NA,NA,NA,NA,NA,NA,NA,NA,NA,NA,NA,NA,NA,NA,NA,NA,NA,NA,NA,NA,NA,NA,NA,NA,NA,NA,NA,NA,NA,NA,NA,NA,"df1","ECU.6_1","ECU","Ecuador","Cotopaxi",NA,NA,"Provincia","Province","05","EC.CT","EC-X",-78.90389,-1.13123
"188",NA,"Atelopus ignescens (Cornalia, 1849)",NA,NA,NA,NA,NA,NA,NA,NA,NA,NA,NA,"",NA,NA,NA,NA,NA,NA,NA,NA,NA,NA,NA,NA,NA,NA,NA,NA,NA,NA,NA,NA,NA,NA,NA,NA,NA,"Cotopaxi",NA,NA,NA,NA,"05/05/22",NA,NA,NA,NA,NA,NA,NA,NA,NA,NA,NA,NA,NA,NA,NA,NA,NA,"ECU",NA,NA,NA,NA,NA,NA,NA,NA,NA,NA,NA,NA,NA,NA,NA,NA,NA,NA,NA,"",NA,NA,NA,2664,NA,NA,NA,NA,NA,NA,NA,NA,NA,NA,NA,"https://peerj.com/articles/17344/#supp-2",NA,NA,NA,NA,NA,NA,NA,NA,NA,NA,NA,NA,NA,NA,NA,NA,NA,NA,NA,NA,NA,NA,NA,NA,NA,NA,NA,NA,NA,NA,NA,NA,NA,NA,NA,NA,NA,NA,NA,NA,NA,NA,NA,NA,NA,NA,NA,NA,NA,NA,NA,NA,"df1","ECU.6_1","ECU","Ecuador","Cotopaxi",NA,NA,"Provincia","Province","05","EC.CT","EC-X",-78.93416,-1.13344
"189",NA,"Atelopus ignescens (Cornalia, 1849)",NA,NA,NA,NA,NA,NA,NA,NA,NA,NA,NA,"",NA,NA,NA,NA,NA,NA,NA,NA,NA,NA,NA,NA,NA,NA,NA,NA,NA,NA,NA,NA,NA,NA,NA,NA,NA,"Cotopaxi",NA,NA,NA,NA,"06/05/22",NA,NA,NA,NA,NA,NA,NA,NA,NA,NA,NA,NA,NA,NA,NA,NA,NA,"ECU",NA,NA,NA,NA,NA,NA,NA,NA,NA,NA,NA,NA,NA,NA,NA,NA,NA,NA,NA,"",NA,NA,NA,3313,NA,NA,NA,NA,NA,NA,NA,NA,NA,NA,NA,"https://peerj.com/articles/17344/#supp-2",NA,NA,NA,NA,NA,NA,NA,NA,NA,NA,NA,NA,NA,NA,NA,NA,NA,NA,NA,NA,NA,NA,NA,NA,NA,NA,NA,NA,NA,NA,NA,NA,NA,NA,NA,NA,NA,NA,NA,NA,NA,NA,NA,NA,NA,NA,NA,NA,NA,NA,NA,NA,"df1","ECU.6_1","ECU","Ecuador","Cotopaxi",NA,NA,"Provincia","Province","05","EC.CT","EC-X",-78.88346,-1.13766
"190",NA,"Atelopus ignescens (Cornalia, 1849)",NA,NA,NA,NA,NA,NA,NA,NA,NA,NA,NA,"",NA,NA,NA,NA,NA,NA,NA,NA,NA,NA,NA,NA,NA,NA,NA,NA,NA,NA,NA,NA,NA,NA,NA,NA,NA,"Cotopaxi",NA,NA,NA,NA,"07/05/22",NA,NA,NA,NA,NA,NA,NA,NA,NA,NA,NA,NA,NA,NA,NA,NA,NA,"ECU",NA,NA,NA,NA,NA,NA,NA,NA,NA,NA,NA,NA,NA,NA,NA,NA,NA,NA,NA,"",NA,NA,NA,2670,NA,NA,NA,NA,NA,NA,NA,NA,NA,NA,NA,"https://peerj.com/articles/17344/#supp-2",NA,NA,NA,NA,NA,NA,NA,NA,NA,NA,NA,NA,NA,NA,NA,NA,NA,NA,NA,NA,NA,NA,NA,NA,NA,NA,NA,NA,NA,NA,NA,NA,NA,NA,NA,NA,NA,NA,NA,NA,NA,NA,NA,NA,NA,NA,NA,NA,NA,NA,NA,NA,"df1","ECU.6_1","ECU","Ecuador","Cotopaxi",NA,NA,"Provincia","Province","05","EC.CT","EC-X",-78.93409,-1.13335
"191",NA,"Atelopus ignescens (Cornalia, 1849)",NA,NA,NA,NA,NA,NA,NA,NA,NA,NA,NA,"",NA,NA,NA,NA,NA,NA,NA,NA,NA,NA,NA,NA,NA,NA,NA,NA,NA,NA,NA,NA,NA,NA,NA,NA,NA,"Cotopaxi",NA,NA,NA,NA,"07/05/22",NA,NA,NA,NA,NA,NA,NA,NA,NA,NA,NA,NA,NA,NA,NA,NA,NA,"ECU",NA,NA,NA,NA,NA,NA,NA,NA,NA,NA,NA,NA,NA,NA,NA,NA,NA,NA,NA,"",NA,NA,NA,2643,NA,NA,NA,NA,NA,NA,NA,NA,NA,NA,NA,"https://peerj.com/articles/17344/#supp-2",NA,NA,NA,NA,NA,NA,NA,NA,NA,NA,NA,NA,NA,NA,NA,NA,NA,NA,NA,NA,NA,NA,NA,NA,NA,NA,NA,NA,NA,NA,NA,NA,NA,NA,NA,NA,NA,NA,NA,NA,NA,NA,NA,NA,NA,NA,NA,NA,NA,NA,NA,NA,"df1","ECU.6_1","ECU","Ecuador","Cotopaxi",NA,NA,"Provincia","Province","05","EC.CT","EC-X",-78.93411,-1.13374
"192",NA,"Atelopus ignescens (Cornalia, 1849)",NA,NA,NA,NA,NA,NA,NA,NA,NA,NA,NA,"",NA,NA,NA,NA,NA,NA,NA,NA,NA,NA,NA,NA,NA,NA,NA,NA,NA,NA,NA,NA,NA,NA,NA,NA,NA,"Cotopaxi",NA,NA,NA,NA,"02/06/22",NA,NA,NA,NA,NA,NA,NA,NA,NA,NA,NA,NA,NA,NA,NA,NA,NA,"ECU",NA,NA,NA,NA,NA,NA,NA,NA,NA,NA,NA,NA,NA,NA,NA,NA,NA,NA,NA,"",NA,NA,NA,2976,NA,NA,NA,NA,NA,NA,NA,NA,NA,NA,NA,"https://peerj.com/articles/17344/#supp-2",NA,NA,NA,NA,NA,NA,NA,NA,NA,NA,NA,NA,NA,NA,NA,NA,NA,NA,NA,NA,NA,NA,NA,NA,NA,NA,NA,NA,NA,NA,NA,NA,NA,NA,NA,NA,NA,NA,NA,NA,NA,NA,NA,NA,NA,NA,NA,NA,NA,NA,NA,NA,"df1","ECU.6_1","ECU","Ecuador","Cotopaxi",NA,NA,"Provincia","Province","05","EC.CT","EC-X",-78.90405,-1.13106
"193",NA,"Atelopus ignescens (Cornalia, 1849)",NA,NA,NA,NA,NA,NA,NA,NA,NA,NA,NA,"",NA,NA,NA,NA,NA,NA,NA,NA,NA,NA,NA,NA,NA,NA,NA,NA,NA,NA,NA,NA,NA,NA,NA,NA,NA,"Cotopaxi",NA,NA,NA,NA,"02/06/22",NA,NA,NA,NA,NA,NA,NA,NA,NA,NA,NA,NA,NA,NA,NA,NA,NA,"ECU",NA,NA,NA,NA,NA,NA,NA,NA,NA,NA,NA,NA,NA,NA,NA,NA,NA,NA,NA,"",NA,NA,NA,2870,NA,NA,NA,NA,NA,NA,NA,NA,NA,NA,NA,"https://peerj.com/articles/17344/#supp-2",NA,NA,NA,NA,NA,NA,NA,NA,NA,NA,NA,NA,NA,NA,NA,NA,NA,NA,NA,NA,NA,NA,NA,NA,NA,NA,NA,NA,NA,NA,NA,NA,NA,NA,NA,NA,NA,NA,NA,NA,NA,NA,NA,NA,NA,NA,NA,NA,NA,NA,NA,NA,"df1","ECU.6_1","ECU","Ecuador","Cotopaxi",NA,NA,"Provincia","Province","05","EC.CT","EC-X",-78.91016,-1.12747
"194",NA,"Atelopus ignescens (Cornalia, 1849)",NA,NA,NA,NA,NA,NA,NA,NA,NA,NA,NA,"",NA,NA,NA,NA,NA,NA,NA,NA,NA,NA,NA,NA,NA,NA,NA,NA,NA,NA,NA,NA,NA,NA,NA,NA,NA,"Cotopaxi",NA,NA,NA,NA,"03/06/22",NA,NA,NA,NA,NA,NA,NA,NA,NA,NA,NA,NA,NA,NA,NA,NA,NA,"ECU",NA,NA,NA,NA,NA,NA,NA,NA,NA,NA,NA,NA,NA,NA,NA,NA,NA,NA,NA,"",NA,NA,NA,2820,NA,NA,NA,NA,NA,NA,NA,NA,NA,NA,NA,"https://peerj.com/articles/17344/#supp-2",NA,NA,NA,NA,NA,NA,NA,NA,NA,NA,NA,NA,NA,NA,NA,NA,NA,NA,NA,NA,NA,NA,NA,NA,NA,NA,NA,NA,NA,NA,NA,NA,NA,NA,NA,NA,NA,NA,NA,NA,NA,NA,NA,NA,NA,NA,NA,NA,NA,NA,NA,NA,"df1","ECU.6_1","ECU","Ecuador","Cotopaxi",NA,NA,"Provincia","Province","05","EC.CT","EC-X",-78.91518,-1.12519
"195",NA,"Atelopus ignescens (Cornalia, 1849)",NA,NA,NA,NA,NA,NA,NA,NA,NA,NA,NA,"",NA,NA,NA,NA,NA,NA,NA,NA,NA,NA,NA,NA,NA,NA,NA,NA,NA,NA,NA,NA,NA,NA,NA,NA,NA,"Cotopaxi",NA,NA,NA,NA,"06/06/22",NA,NA,NA,NA,NA,NA,NA,NA,NA,NA,NA,NA,NA,NA,NA,NA,NA,"ECU",NA,NA,NA,NA,NA,NA,NA,NA,NA,NA,NA,NA,NA,NA,NA,NA,NA,NA,NA,"",NA,NA,NA,2990,NA,NA,NA,NA,NA,NA,NA,NA,NA,NA,NA,"https://peerj.com/articles/17344/#supp-2",NA,NA,NA,NA,NA,NA,NA,NA,NA,NA,NA,NA,NA,NA,NA,NA,NA,NA,NA,NA,NA,NA,NA,NA,NA,NA,NA,NA,NA,NA,NA,NA,NA,NA,NA,NA,NA,NA,NA,NA,NA,NA,NA,NA,NA,NA,NA,NA,NA,NA,NA,NA,"df1","ECU.6_1","ECU","Ecuador","Cotopaxi",NA,NA,"Provincia","Province","05","EC.CT","EC-X",-78.90319,-1.13132
"196",NA,"Atelopus ignescens (Cornalia, 1849)",NA,NA,NA,NA,NA,NA,NA,NA,NA,NA,NA,"",NA,NA,NA,NA,NA,NA,NA,NA,NA,NA,NA,NA,NA,NA,NA,NA,NA,NA,NA,NA,NA,NA,NA,NA,NA,"Cotopaxi",NA,NA,NA,NA,"07/20/22",NA,NA,NA,NA,NA,NA,NA,NA,NA,NA,NA,NA,NA,NA,NA,NA,NA,"ECU",NA,NA,NA,NA,NA,NA,NA,NA,NA,NA,NA,NA,NA,NA,NA,NA,NA,NA,NA,"",NA,NA,NA,2938,NA,NA,NA,NA,NA,NA,NA,NA,NA,NA,NA,"https://peerj.com/articles/17344/#supp-2",NA,NA,NA,NA,NA,NA,NA,NA,NA,NA,NA,NA,NA,NA,NA,NA,NA,NA,NA,NA,NA,NA,NA,NA,NA,NA,NA,NA,NA,NA,NA,NA,NA,NA,NA,NA,NA,NA,NA,NA,NA,NA,NA,NA,NA,NA,NA,NA,NA,NA,NA,NA,"df1","ECU.6_1","ECU","Ecuador","Cotopaxi",NA,NA,"Provincia","Province","05","EC.CT","EC-X",-78.90374,-1.13134
"197",NA,"Atelopus ignescens (Cornalia, 1849)",NA,NA,NA,NA,NA,NA,NA,NA,NA,NA,NA,"",NA,NA,NA,NA,NA,NA,NA,NA,NA,NA,NA,NA,NA,NA,NA,NA,NA,NA,NA,NA,NA,NA,NA,NA,NA,"Cotopaxi",NA,NA,NA,NA,"10/24/22",NA,NA,NA,NA,NA,NA,NA,NA,NA,NA,NA,NA,NA,NA,NA,NA,NA,"ECU",NA,NA,NA,NA,NA,NA,NA,NA,NA,NA,NA,NA,NA,NA,NA,NA,NA,NA,NA,"",NA,NA,NA,2869,NA,NA,NA,NA,NA,NA,NA,NA,NA,NA,NA,"https://peerj.com/articles/17344/#supp-2",NA,NA,NA,NA,NA,NA,NA,NA,NA,NA,NA,NA,NA,NA,NA,NA,NA,NA,NA,NA,NA,NA,NA,NA,NA,NA,NA,NA,NA,NA,NA,NA,NA,NA,NA,NA,NA,NA,NA,NA,NA,NA,NA,NA,NA,NA,NA,NA,NA,NA,NA,NA,"df1","ECU.6_1","ECU","Ecuador","Cotopaxi",NA,NA,"Provincia","Province","05","EC.CT","EC-X",-78.90921,-1.12743
"198",NA,"Atelopus ignescens (Cornalia, 1849)",NA,NA,NA,NA,NA,NA,NA,NA,NA,NA,NA,"",NA,NA,NA,NA,NA,NA,NA,NA,NA,NA,NA,NA,NA,NA,NA,NA,NA,NA,NA,NA,NA,NA,NA,NA,NA,"Cotopaxi",NA,NA,NA,NA,"10/24/22",NA,NA,NA,NA,NA,NA,NA,NA,NA,NA,NA,NA,NA,NA,NA,NA,NA,"ECU",NA,NA,NA,NA,NA,NA,NA,NA,NA,NA,NA,NA,NA,NA,NA,NA,NA,NA,NA,"",NA,NA,NA,2994,NA,NA,NA,NA,NA,NA,NA,NA,NA,NA,NA,"https://peerj.com/articles/17344/#supp-2",NA,NA,NA,NA,NA,NA,NA,NA,NA,NA,NA,NA,NA,NA,NA,NA,NA,NA,NA,NA,NA,NA,NA,NA,NA,NA,NA,NA,NA,NA,NA,NA,NA,NA,NA,NA,NA,NA,NA,NA,NA,NA,NA,NA,NA,NA,NA,NA,NA,NA,NA,NA,"df1","ECU.6_1","ECU","Ecuador","Cotopaxi",NA,NA,"Provincia","Province","05","EC.CT","EC-X",-78.90349,-1.13037
"199",NA,"Atelopus ignescens (Cornalia, 1849)",NA,NA,NA,NA,NA,NA,NA,NA,NA,NA,NA,"",NA,NA,NA,NA,NA,NA,NA,NA,NA,NA,NA,NA,NA,NA,NA,NA,NA,NA,NA,NA,NA,NA,NA,NA,NA,"Cotopaxi",NA,NA,NA,NA,"10/24/22",NA,NA,NA,NA,NA,NA,NA,NA,NA,NA,NA,NA,NA,NA,NA,NA,NA,"ECU",NA,NA,NA,NA,NA,NA,NA,NA,NA,NA,NA,NA,NA,NA,NA,NA,NA,NA,NA,"",NA,NA,NA,2893,NA,NA,NA,NA,NA,NA,NA,NA,NA,NA,NA,"https://peerj.com/articles/17344/#supp-2",NA,NA,NA,NA,NA,NA,NA,NA,NA,NA,NA,NA,NA,NA,NA,NA,NA,NA,NA,NA,NA,NA,NA,NA,NA,NA,NA,NA,NA,NA,NA,NA,NA,NA,NA,NA,NA,NA,NA,NA,NA,NA,NA,NA,NA,NA,NA,NA,NA,NA,NA,NA,"df1","ECU.6_1","ECU","Ecuador","Cotopaxi",NA,NA,"Provincia","Province","05","EC.CT","EC-X",-78.90886,-1.12703
"200",NA,"Atelopus ignescens (Cornalia, 1849)",NA,NA,NA,NA,NA,NA,NA,NA,NA,NA,NA,"",NA,NA,NA,NA,NA,NA,NA,NA,NA,NA,NA,NA,NA,NA,NA,NA,NA,NA,NA,NA,NA,NA,NA,NA,NA,"Cotopaxi",NA,NA,NA,NA,"10/24/22",NA,NA,NA,NA,NA,NA,NA,NA,NA,NA,NA,NA,NA,NA,NA,NA,NA,"ECU",NA,NA,NA,NA,NA,NA,NA,NA,NA,NA,NA,NA,NA,NA,NA,NA,NA,NA,NA,"",NA,NA,NA,2879,NA,NA,NA,NA,NA,NA,NA,NA,NA,NA,NA,"https://peerj.com/articles/17344/#supp-2",NA,NA,NA,NA,NA,NA,NA,NA,NA,NA,NA,NA,NA,NA,NA,NA,NA,NA,NA,NA,NA,NA,NA,NA,NA,NA,NA,NA,NA,NA,NA,NA,NA,NA,NA,NA,NA,NA,NA,NA,NA,NA,NA,NA,NA,NA,NA,NA,NA,NA,NA,NA,"df1","ECU.6_1","ECU","Ecuador","Cotopaxi",NA,NA,"Provincia","Province","05","EC.CT","EC-X",-78.90909,-1.12726
"201",NA,"Atelopus ignescens (Cornalia, 1849)",NA,NA,NA,NA,NA,NA,NA,NA,NA,NA,NA,"",NA,NA,NA,NA,NA,NA,NA,NA,NA,NA,NA,NA,NA,NA,NA,NA,NA,NA,NA,NA,NA,NA,NA,NA,NA,"Cotopaxi",NA,NA,NA,NA,"10/28/22",NA,NA,NA,NA,NA,NA,NA,NA,NA,NA,NA,NA,NA,NA,NA,NA,NA,"ECU",NA,NA,NA,NA,NA,NA,NA,NA,NA,NA,NA,NA,NA,NA,NA,NA,NA,NA,NA,"",NA,NA,NA,2910,NA,NA,NA,NA,NA,NA,NA,NA,NA,NA,NA,"https://peerj.com/articles/17344/#supp-2",NA,NA,NA,NA,NA,NA,NA,NA,NA,NA,NA,NA,NA,NA,NA,NA,NA,NA,NA,NA,NA,NA,NA,NA,NA,NA,NA,NA,NA,NA,NA,NA,NA,NA,NA,NA,NA,NA,NA,NA,NA,NA,NA,NA,NA,NA,NA,NA,NA,NA,NA,NA,"df1","ECU.6_1","ECU","Ecuador","Cotopaxi",NA,NA,"Provincia","Province","05","EC.CT","EC-X",-78.9087,-1.12668
"202",NA,"Atelopus ignescens (Cornalia, 1849)",NA,NA,NA,NA,NA,NA,NA,NA,NA,NA,NA,"",NA,NA,NA,NA,NA,NA,NA,NA,NA,NA,NA,NA,NA,NA,NA,NA,NA,NA,NA,NA,NA,NA,NA,NA,NA,"Cotopaxi",NA,NA,NA,NA,"11/21/22",NA,NA,NA,NA,NA,NA,NA,NA,NA,NA,NA,NA,NA,NA,NA,NA,NA,"ECU",NA,NA,NA,NA,NA,NA,NA,NA,NA,NA,NA,NA,NA,NA,NA,NA,NA,NA,NA,"",NA,NA,NA,2662,NA,NA,NA,NA,NA,NA,NA,NA,NA,NA,NA,"https://peerj.com/articles/17344/#supp-2",NA,NA,NA,NA,NA,NA,NA,NA,NA,NA,NA,NA,NA,NA,NA,NA,NA,NA,NA,NA,NA,NA,NA,NA,NA,NA,NA,NA,NA,NA,NA,NA,NA,NA,NA,NA,NA,NA,NA,NA,NA,NA,NA,NA,NA,NA,NA,NA,NA,NA,NA,NA,"df1","ECU.6_1","ECU","Ecuador","Cotopaxi",NA,NA,"Provincia","Province","05","EC.CT","EC-X",-78.9341,-1.13347
"203",NA,"Atelopus ignescens (Cornalia, 1849)",NA,NA,NA,NA,NA,NA,NA,NA,NA,NA,NA,"",NA,NA,NA,NA,NA,NA,NA,NA,NA,NA,NA,NA,NA,NA,NA,NA,NA,NA,NA,NA,NA,NA,NA,NA,NA,"Cotopaxi",NA,NA,NA,NA,"12/15/22",NA,NA,NA,NA,NA,NA,NA,NA,NA,NA,NA,NA,NA,NA,NA,NA,NA,"ECU",NA,NA,NA,NA,NA,NA,NA,NA,NA,NA,NA,NA,NA,NA,NA,NA,NA,NA,NA,"",NA,NA,NA,2884,NA,NA,NA,NA,NA,NA,NA,NA,NA,NA,NA,"https://peerj.com/articles/17344/#supp-2",NA,NA,NA,NA,NA,NA,NA,NA,NA,NA,NA,NA,NA,NA,NA,NA,NA,NA,NA,NA,NA,NA,NA,NA,NA,NA,NA,NA,NA,NA,NA,NA,NA,NA,NA,NA,NA,NA,NA,NA,NA,NA,NA,NA,NA,NA,NA,NA,NA,NA,NA,NA,"df1","ECU.6_1","ECU","Ecuador","Cotopaxi",NA,NA,"Provincia","Province","05","EC.CT","EC-X",-78.90919,-1.12716
"204",NA,"Atelopus ignescens (Cornalia, 1849)",NA,NA,NA,NA,NA,NA,NA,NA,NA,NA,NA,"",NA,NA,NA,NA,NA,NA,NA,NA,NA,NA,NA,NA,NA,NA,NA,NA,NA,NA,NA,NA,NA,NA,NA,NA,NA,"Cotopaxi",NA,NA,NA,NA,"12/15/22",NA,NA,NA,NA,NA,NA,NA,NA,NA,NA,NA,NA,NA,NA,NA,NA,NA,"ECU",NA,NA,NA,NA,NA,NA,NA,NA,NA,NA,NA,NA,NA,NA,NA,NA,NA,NA,NA,"",NA,NA,NA,2840,NA,NA,NA,NA,NA,NA,NA,NA,NA,NA,NA,"https://peerj.com/articles/17344/#supp-2",NA,NA,NA,NA,NA,NA,NA,NA,NA,NA,NA,NA,NA,NA,NA,NA,NA,NA,NA,NA,NA,NA,NA,NA,NA,NA,NA,NA,NA,NA,NA,NA,NA,NA,NA,NA,NA,NA,NA,NA,NA,NA,NA,NA,NA,NA,NA,NA,NA,NA,NA,NA,"df1","ECU.6_1","ECU","Ecuador","Cotopaxi",NA,NA,"Provincia","Province","05","EC.CT","EC-X",-78.91273,-1.12595
"205",NA,"Atelopus ignescens (Cornalia, 1849)",NA,NA,NA,NA,NA,NA,NA,NA,NA,NA,NA,"",NA,NA,NA,NA,NA,NA,NA,NA,NA,NA,NA,NA,NA,NA,NA,NA,NA,NA,NA,NA,NA,NA,NA,NA,NA,"Cotopaxi",NA,NA,NA,NA,"12/17/22",NA,NA,NA,NA,NA,NA,NA,NA,NA,NA,NA,NA,NA,NA,NA,NA,NA,"ECU",NA,NA,NA,NA,NA,NA,NA,NA,NA,NA,NA,NA,NA,NA,NA,NA,NA,NA,NA,"",NA,NA,NA,2650,NA,NA,NA,NA,NA,NA,NA,NA,NA,NA,NA,"https://peerj.com/articles/17344/#supp-2",NA,NA,NA,NA,NA,NA,NA,NA,NA,NA,NA,NA,NA,NA,NA,NA,NA,NA,NA,NA,NA,NA,NA,NA,NA,NA,NA,NA,NA,NA,NA,NA,NA,NA,NA,NA,NA,NA,NA,NA,NA,NA,NA,NA,NA,NA,NA,NA,NA,NA,NA,NA,"df1","ECU.6_1","ECU","Ecuador","Cotopaxi",NA,NA,"Provincia","Province","05","EC.CT","EC-X",-78.92892,-1.13242
"206",NA,"Atelopus ignescens (Cornalia, 1849)",NA,NA,NA,NA,NA,NA,NA,NA,NA,NA,NA,"",NA,NA,NA,NA,NA,NA,NA,NA,NA,NA,NA,NA,NA,NA,NA,NA,NA,NA,NA,NA,NA,NA,NA,NA,NA,"Cotopaxi",NA,NA,NA,NA,"12/17/22",NA,NA,NA,NA,NA,NA,NA,NA,NA,NA,NA,NA,NA,NA,NA,NA,NA,"ECU",NA,NA,NA,NA,NA,NA,NA,NA,NA,NA,NA,NA,NA,NA,NA,NA,NA,NA,NA,"",NA,NA,NA,2657,NA,NA,NA,NA,NA,NA,NA,NA,NA,NA,NA,"https://peerj.com/articles/17344/#supp-2",NA,NA,NA,NA,NA,NA,NA,NA,NA,NA,NA,NA,NA,NA,NA,NA,NA,NA,NA,NA,NA,NA,NA,NA,NA,NA,NA,NA,NA,NA,NA,NA,NA,NA,NA,NA,NA,NA,NA,NA,NA,NA,NA,NA,NA,NA,NA,NA,NA,NA,NA,NA,"df1","ECU.6_1","ECU","Ecuador","Cotopaxi",NA,NA,"Provincia","Province","05","EC.CT","EC-X",-78.92889,-1.1325
"207",NA,"Atelopus ignescens (Cornalia, 1849)",NA,NA,NA,NA,NA,NA,NA,NA,NA,NA,NA,"",NA,NA,NA,NA,NA,NA,NA,NA,NA,NA,NA,NA,NA,NA,NA,NA,NA,NA,NA,NA,NA,NA,NA,NA,NA,"Cotopaxi",NA,NA,NA,NA,"12/17/22",NA,NA,NA,NA,NA,NA,NA,NA,NA,NA,NA,NA,NA,NA,NA,NA,NA,"ECU",NA,NA,NA,NA,NA,NA,NA,NA,NA,NA,NA,NA,NA,NA,NA,NA,NA,NA,NA,"",NA,NA,NA,2664,NA,NA,NA,NA,NA,NA,NA,NA,NA,NA,NA,"https://peerj.com/articles/17344/#supp-2",NA,NA,NA,NA,NA,NA,NA,NA,NA,NA,NA,NA,NA,NA,NA,NA,NA,NA,NA,NA,NA,NA,NA,NA,NA,NA,NA,NA,NA,NA,NA,NA,NA,NA,NA,NA,NA,NA,NA,NA,NA,NA,NA,NA,NA,NA,NA,NA,NA,NA,NA,NA,"df1","ECU.6_1","ECU","Ecuador","Cotopaxi",NA,NA,"Provincia","Province","05","EC.CT","EC-X",-78.92886,-1.1326
"208",NA,"Atelopus ignescens (Cornalia, 1849)",NA,NA,NA,NA,NA,NA,NA,NA,NA,NA,NA,"",NA,NA,NA,NA,NA,NA,NA,NA,NA,NA,NA,NA,NA,NA,NA,NA,NA,NA,NA,NA,NA,NA,NA,NA,NA,"Cotopaxi",NA,NA,NA,NA,"12/18/22",NA,NA,NA,NA,NA,NA,NA,NA,NA,NA,NA,NA,NA,NA,NA,NA,NA,"ECU",NA,NA,NA,NA,NA,NA,NA,NA,NA,NA,NA,NA,NA,NA,NA,NA,NA,NA,NA,"",NA,NA,NA,2783,NA,NA,NA,NA,NA,NA,NA,NA,NA,NA,NA,"https://peerj.com/articles/17344/#supp-2",NA,NA,NA,NA,NA,NA,NA,NA,NA,NA,NA,NA,NA,NA,NA,NA,NA,NA,NA,NA,NA,NA,NA,NA,NA,NA,NA,NA,NA,NA,NA,NA,NA,NA,NA,NA,NA,NA,NA,NA,NA,NA,NA,NA,NA,NA,NA,NA,NA,NA,NA,NA,"df1","ECU.6_1","ECU","Ecuador","Cotopaxi",NA,NA,"Provincia","Province","05","EC.CT","EC-X",-78.92314,-1.12925
